author_id,territory_level,territory_name,text
C0001,neighborhood,Gávea,"A Estrada da Gávea precisa urgente de manutenção, os buracos estão danificando os carros. Já abri reclamação na prefeitura três vezes e nada foi feito. É um descaso com quem mora aqui há anos."
C0002,neighborhood,Rocinha,"O acesso à UPA da Rocinha melhorou bastante depois da reforma. Consegui atendimento rápido quando minha filha teve febre alta. Fico grata por isso, mas ainda faltam médicos no período da noite."
C0003,neighborhood,Parque da Cidade,"O Parque da Cidade está abandonado, com mato alto e iluminação quebrada. À noite fica perigoso passar por ali. Seria ótimo se revitalizassem esse espaço para as famílias usarem."
C0004,neighborhood,São Conrado,"A praia de São Conrado anda com a água suja por causa do esgoto que desce do morro. Não dá mais para entrar no mar com as crianças. Precisamos de saneamento de verdade aqui."
C0005,neighborhood,Vidigal,"Subir o Vidigal a pé é cansativo e não tem transporte público decente. As vans lotam e os mototáxis são caros. Quem mora no alto sofre todo dia para descer e trabalhar."
C0006,neighborhood,Leblon,"O Leblon continua sendo um dos lugares mais agradáveis para caminhar à beira-mar. A ciclovia é bem cuidada e me sinto segura passeando de manhã. Só queria menos barulho de obras nos prédios."
C0007,neighborhood,Ipanema,"O Posto 9 vira um caos de lixo todo fim de semana. Os garis fazem o que podem, mas falta coleta reforçada nos dias de movimento. A praia merece mais respeito de todos nós."
C0008,neighborhood,Gávea,"O Planetário da Gávea é um tesouro cultural que pouca gente do próprio bairro frequenta. Deveriam fazer mais eventos gratuitos para atrair as escolas públicas. Cultura tem que ser para todos."
C0009,neighborhood,Rocinha,"Falta saneamento básico em muitos becos da Rocinha, o esgoto corre a céu aberto. Minha rua alaga toda vez que chove forte. As crianças adoecem por causa disso e ninguém resolve."
C0010,neighborhood,Ipanema,"Adoro morar em Ipanema, mas o aluguel está impagável. Famílias antigas estão sendo expulsas pela especulação imobiliária. Precisamos de políticas de habitação para quem é daqui."
C0011,neighborhood,Vidigal,"A vista do Vidigal para o mar é a mais bonita do Rio, isso atrai muito turista. Mas os moradores não veem o dinheiro do turismo. Queria que houvesse projetos de renda para a comunidade."
C0012,neighborhood,São Conrado,"O Metrô não chega em São Conrado e a Auto-Estrada Lagoa-Barra vive congestionada. Levo mais de uma hora para chegar ao centro. Transporte aqui é um problema sério e antigo."
C0013,neighborhood,Parque da Cidade,"Levei meus filhos ao Museu Histórico da Cidade no Parque da Cidade e foi uma experiência linda. Falta divulgação, muita gente nem sabe que existe. Investir nesse patrimônio valoriza nossa identidade."
C0014,neighborhood,Leblon,"A segurança no Leblon piorou, tem muitos furtos de celular na orla. Já vi turistas serem abordados em plena luz do dia. Precisamos de mais policiamento de proximidade, não só viatura passando."
C0015,neighborhood,Gávea,"A PUC-Rio movimenta muito o comércio da Gávea, mas o trânsito na entrada e saída de aula é terrível. Os ônibus param em fila dupla e fecham a via. Falta organização nesse fluxo."
C0016,neighborhood,Rocinha,"As escolas da Rocinha estão superlotadas e faltam vagas em creche. Tive que deixar meu trabalho porque não consegui onde deixar meu filho. Educação infantil precisa ser prioridade aqui."
C0017,neighborhood,Ipanema,"A feira hippie de Ipanema é parte da nossa cultura e atrai turistas do mundo todo. Mas os artesãos reclamam da falta de apoio da prefeitura. Valorizar esse espaço gera renda e identidade."
C0018,neighborhood,Vidigal,"A coleta de lixo no Vidigal não chega nas partes altas, o caminhão só passa embaixo. A gente tem que descer sacos de lixo na mão. Isso atrai ratos e baratas, é um problema de saúde."
C0019,neighborhood,São Conrado,"O Morro Dois Irmãos visto de São Conrado é deslumbrante e devia ser mais protegido. Tem gente construindo de forma irregular na encosta. Meio ambiente e segurança das encostas andam juntos."
C0020,neighborhood,Leblon,"Faltam médicos especialistas na rede pública perto do Leblon, sempre me mandam para longe. Quem não tem plano de saúde fica meses na fila. O acesso à saúde é muito desigual nesta cidade."
C0021,neighborhood,Parque da Cidade,"As trilhas do Parque da Cidade poderiam atrair muito ecoturismo se fossem sinalizadas. Levei amigos lá e nos perdemos por falta de placas. Tem potencial enorme desperdiçado por descuido."
C0022,neighborhood,Gávea,"O Horto e a Lagoa Rodrigo de Freitas perto da Gávea são lindos para correr. Mas a iluminação da pista some em vários trechos à noite. Quem treina cedo ou tarde fica inseguro."
C0023,neighborhood,Rocinha,"Trabalho como diarista e gasto duas horas só no transporte da Rocinha até a Zona Sul. As vans são caras e perigosas. Um transporte público digno mudaria a vida de muita gente daqui."
C0024,neighborhood,Ipanema,"O calçadão de Ipanema está com várias pedras portuguesas soltas, já vi idosos tropeçarem. A manutenção é precária para um cartão-postal tão importante. Pequenos reparos evitariam acidentes sérios."
C0025,neighborhood,Vidigal,"O Vidigal tem talentos incríveis na música e no teatro, mas falta espaço cultural fixo. Os jovens precisam de oportunidade para não se perder. Investir em cultura é investir em futuro."
C0026,neighborhood,São Conrado,"A favela do morro em São Conrado convive com a riqueza dos prédios de luxo lado a lado. Essa desigualdade é gritante e dolorosa. Queria ver políticas que reduzissem esse abismo social."
C0027,neighborhood,Leblon,"Sou aposentado e adoro a tranquilidade do Leblon, mas os bancos da praça foram retirados. Não tenho mais onde sentar para conversar com os amigos. Pequenas coisas fazem falta para os idosos."
C0028,neighborhood,Parque da Cidade,"O Parque da Cidade poderia ter atividades para a terceira idade, aulas de ginástica ao ar livre. O espaço é enorme e subutilizado. Lazer de qualidade melhora a saúde de todos nós."
C0029,neighborhood,Gávea,"A Praça Santos Dumont na Gávea perdeu seu charme, está malcuidada e com comércio irregular. Antigamente era ponto de encontro das famílias. Revitalizar a praça traria vida de volta ao bairro."
C0030,neighborhood,Rocinha,"A violência na Rocinha assusta, há tiroteios que interrompem aulas e fecham o comércio. Minha mãe tem medo de sair de casa. Precisamos de segurança que respeite os moradores, não que aterrorize."
C0031,neighborhood,Ipanema,"A reciclagem em Ipanema é uma piada, todo lixo vai junto para o caminhão. Eu separo direitinho em casa e não adianta nada. Falta uma política séria de resíduos nesta cidade."
C0032,neighborhood,Vidigal,"O posto de saúde do Vidigal fecha cedo demais e nunca tem médico nos fins de semana. Quando passo mal à noite tenho que descer o morro doente. Saúde não pode ter horário comercial."
C0033,neighborhood,São Conrado,"A praia de São Conrado é ótima para o voo livre de asa-delta, atrai turistas do mundo todo. Mas falta estrutura de banheiros e quiosques regularizados. Dava para gerar muito emprego ali."
C0034,neighborhood,Leblon,"O comércio de rua no Leblon emprega muita gente, mas a fiscalização aperta os pequenos. Os grandes shoppings têm tudo facilitado. Queria mais apoio para o trabalhador autônomo do bairro."
C0035,neighborhood,Parque da Cidade,"A iluminação ao redor do Parque da Cidade está toda queimada, vira boca de assalto à noite. Já evitei passar por ali voltando do trabalho. Iluminação pública é segurança básica, não luxo."
C0036,neighborhood,Gávea,"A Gávea tem um clima de vila que vai se perdendo com a chegada de prédios altos. As construções não respeitam a arquitetura antiga. Precisamos preservar a identidade do nosso bairro."
C0037,neighborhood,Rocinha,"Montei um pequeno comércio na Rocinha e a burocracia para formalizar é absurda. Quem quer trabalhar direito encontra mil barreiras. Apoio ao empreendedor da favela geraria muito emprego local."
C0038,neighborhood,Ipanema,"A Lagoa Rodrigo de Freitas perto de Ipanema vive com mortandade de peixes por falta de oxigênio. O cheiro afasta quem vai passear. Despoluir a Lagoa devia ser prioridade ambiental máxima."
C0039,neighborhood,Vidigal,"As crianças do Vidigal não têm onde brincar com segurança, faltam praças e quadras. Elas acabam jogando bola na rua estreita. Um espaço de lazer infantil faria toda a diferença aqui."
C0040,neighborhood,São Conrado,"O trânsito na entrada do túnel em São Conrado é um inferno todos os dias. Perco tempo precioso parado no engarrafamento. Falta planejamento de mobilidade para uma cidade que só cresce."
C0041,neighborhood,Leblon,"As consultas no posto de saúde do Leblon demoram meses para serem marcadas. Para um exame simples esperei quase um ano. A saúde pública precisa de muito mais investimento e médicos."
C0042,neighborhood,Parque da Cidade,"Adoraria que o Parque da Cidade tivesse uma agenda cultural fixa, com cinema ao ar livre. O espaço pede vida e movimento. Cultura no bairro aproxima as pessoas e reduz a violência."
C0043,neighborhood,Gávea,"O Jardim Botânico vizinho à Gávea é um patrimônio que precisamos cuidar melhor. Vi árvores centenárias mal sinalizadas e sem proteção. Educação ambiental nas escolas valorizaria esse tesouro natural."
C0044,neighborhood,Rocinha,"A participação dos moradores da Rocinha nas decisões da prefeitura é zero. Decidem tudo lá em cima sem nos ouvir. Queria conselhos comunitários de verdade, com poder real de mudar as coisas."
C0045,neighborhood,Ipanema,"A orla de Ipanema lota nos fins de semana e o banheiro público é insuficiente e sujo. É constrangedor para quem mora e para o turista. Estrutura básica faz parte do nosso cartão-postal."
C0046,neighborhood,Vidigal,"O Vidigal virou point de pousadas e restaurantes, mas o morador nativo está sendo expulso. O aluguel triplicou em poucos anos. Turismo não pode significar a expulsão de quem construiu o lugar."
C0047,neighborhood,São Conrado,"Faltam vagas em escola pública de qualidade em São Conrado, principalmente ensino médio. Meu filho estuda longe e gasta horas no ônibus. Educação perto de casa deveria ser um direito garantido."
C0048,neighborhood,Leblon,"O policiamento na orla do Leblon precisa ser mais presente à noite. Andei na praia e me senti vulnerável a assaltos. Segurança com presença humana é diferente de só passar de carro."
C0049,neighborhood,Parque da Cidade,"O Parque da Cidade tem uma vista incrível da Zona Sul, mas o mirante está interditado há tempos. Ninguém explica o motivo nem a previsão de reabertura. Falta transparência com a população."
C0050,neighborhood,Gávea,"O transporte por aplicativo facilitou a vida na Gávea, mas o ônibus continua péssimo. As linhas para o centro são poucas e demoram muito. Quem depende do coletivo é sempre o mais prejudicado."
C0051,neighborhood,Rocinha,"Sou professora na Rocinha e a estrutura das escolas é precária, falta material e ventilação. As crianças têm sede de aprender, mas o poder público não ajuda. Educação de qualidade muda gerações."
C0052,neighborhood,Ipanema,"O comércio em Ipanema fechou muitas portas depois da pandemia e o aluguel não baixa. Vejo lojas tradicionais sumindo uma a uma. Precisamos de incentivo para o pequeno empreendedor sobreviver."
C0053,neighborhood,Vidigal,"A coleta seletiva nunca chegou ao Vidigal, todo lixo vai para o mesmo buraco. A gente recicla por conta própria e vende latinha. Falta uma política ambiental que inclua as comunidades."
C0054,neighborhood,São Conrado,"A desigualdade em São Conrado é absurda: de um lado mansões, de outro casas sem água encanada. Crescer assim marca a infância das crianças. Justiça social tem que sair do papel."
C0055,neighborhood,Leblon,"O Leblon tem ótimos espaços culturais privados, mas quase nada gratuito para a população. Cultura virou produto caro. Queria saraus e shows abertos nas praças para todos participarem."
C0056,neighborhood,Parque da Cidade,"Visitei a Capela do Parque da Cidade e fiquei encantado com a história do lugar. É um patrimônio que precisa de mais cuidado e visitação guiada. Nossa memória merece ser preservada e contada."
C0057,neighborhood,Gávea,"A segurança na Gávea piorou perto da PUC, estudantes têm sido assaltados na saída da noite. A iluminação da Rua Marquês de São Vicente é fraca. Mais luz e presença policial ajudariam muito."
C0058,neighborhood,Rocinha,"Faltam áreas verdes na Rocinha, é tudo concreto e muito quente. Plantar árvores melhoraria o ar e o clima. Meio ambiente também é direito de quem mora na favela, não só dos bairros ricos."
C0059,neighborhood,Ipanema,"A mobilidade de cadeirante em Ipanema é horrível, as calçadas são esburacadas e sem rampa. Minha mãe usa cadeira e não consegue passear. Acessibilidade deveria ser obrigatória em toda a cidade."
C0060,neighborhood,Vidigal,"O Vidigal precisa de um centro de saúde maior, o atual não dá conta da população. Levo meu pai para se consultar lá embaixo e é sofrido. Saúde perto de casa salva vidas no morro."
C0061,neighborhood,São Conrado,"A reforma da ciclovia em São Conrado parou no meio e virou um perigo. Tem trecho interditado sem aviso e gente caindo. Quando começam uma obra precisam terminar com responsabilidade."
C0062,neighborhood,Leblon,"Moro no Leblon há quarenta anos e vejo o bairro perder o convívio de vizinhança. Os prédios novos não têm portaria humana, é tudo automatizado. Sinto falta de saber quem mora ao meu lado."
C0063,neighborhood,Parque da Cidade,"O Parque da Cidade poderia abrigar feiras de produtores locais aos domingos. Geraria renda e aproximaria o campo da cidade. Já vi isso dar certo em outros bairros, aqui também daria."
C0064,neighborhood,Gávea,"A enchente na Estrada da Gávea quando chove forte é assustadora, a água invade as lojas. O sistema de drenagem é antigo e insuficiente. Precisamos de investimento sério em infraestrutura."
C0065,neighborhood,Rocinha,"A juventude da Rocinha tem talento de sobra, mas falta oportunidade de primeiro emprego. Muitos acabam no caminho errado por falta de escolha. Cursos profissionalizantes mudariam essa realidade."
C0066,neighborhood,Ipanema,"A praia de Ipanema é a mais democrática do Rio, gente de todo lugar se encontra ali. Mas precisa de mais lixeiras e coleta nos fins de semana. Cuidar da praia é cuidar de quem somos."
C0067,neighborhood,Vidigal,"Subo e desço o Vidigal de moto porque ônibus não existe aqui em cima. É caro e perigoso, mas não tem alternativa. A cidade esqueceu que tem gente morando no alto do morro."
C0068,neighborhood,São Conrado,"O esgoto que desce para a praia de São Conrado é uma vergonha ambiental. Já vi espuma e mau cheiro na areia. Sem saneamento, o turismo e a saúde da população vão por água abaixo."
C0069,neighborhood,Leblon,"A fila na UPA mais próxima do Leblon é enorme mesmo de madrugada. Esperei seis horas com meu filho febril. Precisamos de mais unidades de saúde para desafogar o atendimento na Zona Sul."
C0070,neighborhood,Parque da Cidade,"Adoro levar meu cachorro ao Parque da Cidade, mas falta uma área cercada para os pets. Eles correm risco perto da pista de carros. Um cãodromo bem feito atrairia muitas famílias."
C0071,neighborhood,Gávea,"O Largo da Gávea perdeu o movimento cultural que tinha nos anos noventa. Hoje é só trânsito e bares caros. Queria de volta os shows e o teatro que faziam o bairro tão especial."
C0072,neighborhood,Rocinha,"A Rocinha tem comércio pulsante que sustenta milhares de famílias. Mas faltam linhas de crédito acessíveis para os pequenos negócios. Apoiar o empreendedor da favela é gerar renda de verdade."
C0073,neighborhood,Ipanema,"O barulho dos bares de Ipanema na madrugada está insuportável para quem mora ali. A prefeitura não fiscaliza o som alto. Lazer de uns não pode tirar o sono e a saúde de outros."
C0074,neighborhood,Vidigal,"A escola do Vidigal tem professores dedicados, mas o prédio está caindo aos pedaços. Quando chove, entra água nas salas. Nossas crianças merecem um espaço digno para aprender."
C0075,neighborhood,São Conrado,"São Conrado tem potencial turístico enorme com a praia e o voo livre, mas falta divulgação. Os ganhos não chegam ao comércio local. Um plano de turismo sustentável beneficiaria a todos."
C0076,neighborhood,Leblon,"A coleta de lixo no Leblon é eficiente, isso eu reconheço com gratidão. Mas a reciclagem ainda é falha, todo material vai junto. Faltam pontos de descarte seletivo espalhados pelo bairro."
C0077,neighborhood,Parque da Cidade,"O Parque da Cidade precisa de guardas e câmeras, já houve assaltos nas trilhas. Deixei de caminhar lá sozinha por medo. Segurança transformaria esse espaço em um verdadeiro pulmão do bairro."
C0078,neighborhood,Gávea,"A Gávea tem uma comunidade universitária vibrante por causa da PUC-Rio. Poderíamos aproveitar isso com mais projetos de extensão para os bairros vizinhos. Conhecimento tem que sair dos muros."
C0079,neighborhood,Rocinha,"A água falta com frequência na parte alta da Rocinha, às vezes ficamos dias sem. A gente tem que comprar galões e isso pesa no orçamento. Acesso à água é direito básico, não favor."
C0080,neighborhood,Ipanema,"As manifestações culturais em Ipanema, como as rodas de samba, deveriam ter mais apoio. Elas atraem gente e movimentam o comércio. Cultura de rua é a alma da nossa cidade carioca."
C0081,neighborhood,Vidigal,"A desigualdade fica clara quando olho do Vidigal para os prédios do Leblon. A vista que vendem caro é a mesma que a gente tem de graça. Mas falta o básico aqui em cima."
C0082,neighborhood,São Conrado,"O ônibus que passa em São Conrado vive lotado e atrasado, dependo dele para o trabalho. Já cheguei atrasada várias vezes e quase perdi o emprego. Transporte ruim prejudica a vida de todos."
C0083,neighborhood,Leblon,"O Leblon precisa de mais áreas verdes além da praia, faltam praças arborizadas. As poucas que temos vivem lotadas. Mais verde no bairro melhoraria o clima e a qualidade de vida."
C0084,neighborhood,Parque da Cidade,"Fiz uma trilha guiada no Parque da Cidade e foi maravilhoso conhecer a fauna local. Vi micos e tucanos pertinho. Esse contato com a natureza deveria ser oferecido às escolas públicas."
C0085,neighborhood,Gávea,"O comércio da Gávea sofre com a falta de estacionamento, os clientes reclamam. Os poucos lugares são disputados a tapa. Soluções de mobilidade ajudariam o pequeno empresário a sobreviver."
C0086,neighborhood,Rocinha,"A Rocinha tem uma das maiores populações jovens da cidade e quase nenhum espaço de lazer. Os jovens merecem quadras, bibliotecas e cultura. Investir neles é prevenir a violência na raiz."
C0087,neighborhood,Ipanema,"A segurança na orla de Ipanema melhorou com a operação verão, senti diferença. Espero que continuem mesmo fora da estação. Não pode ser só na época de turista, a gente mora aqui o ano todo."
C0088,neighborhood,Vidigal,"O Vidigal precisa de saneamento urgente, o esgoto desce pelas escadarias. O cheiro é forte e as crianças adoecem. Infraestrutura básica não pode ser privilégio só do asfalto."
C0089,neighborhood,São Conrado,"Queria mais participação cidadã nas decisões sobre São Conrado, somos sempre os últimos a saber. As obras aparecem sem consulta. Quem mora aqui conhece os problemas melhor que qualquer gabinete."
C0090,neighborhood,Leblon,"O Leblon tem ótimas escolas particulares, mas a escola pública do bairro está sucateada. Nem todo mundo pode pagar mensalidade. Educação pública de qualidade reduziria a desigualdade que vejo aqui."
C0091,neighborhood,Parque da Cidade,"O Parque da Cidade poderia ser palco de festivais que atrairiam turismo cultural. Tem estrutura e beleza para isso. Falta vontade política para transformar o potencial em realidade concreta."
C0092,neighborhood,Gávea,"Os buracos na Estrada da Gávea já causaram acidentes de moto que eu mesmo presenciei. É uma questão de segurança, não só de conforto. A manutenção viária precisa ser levada a sério."
C0093,neighborhood,Rocinha,"A saúde mental na Rocinha é um tema esquecido, muita gente sofre em silêncio. Faltam psicólogos no posto de saúde. Cuidar da mente é tão importante quanto cuidar do corpo."
C0094,neighborhood,Ipanema,"O aumento de prédios de luxo em Ipanema expulsou as famílias de classe média que viviam aqui. Cresci no bairro e hoje não posso mais morar nele. A cidade está se tornando excludente."
C0095,neighborhood,Vidigal,"O Vidigal tem artistas que pintam murais lindos, é arte de verdade. Deveriam apoiar esses talentos com editais e espaços. Cultura na favela é resistência e fonte de orgulho."
C0096,neighborhood,São Conrado,"A praia de São Conrado fica deserta nos dias úteis e podia ter mais atividades. Aulas de surfe gratuitas para a juventude seriam ótimas. Esporte afasta os jovens dos caminhos errados."
C0097,neighborhood,Leblon,"O trânsito no Leblon na hora do rush é caótico, principalmente perto das escolas. Faltam agentes organizando o fluxo. Mobilidade urbana precisa de planejamento, não de improviso diário."
C0098,neighborhood,Parque da Cidade,"O Parque da Cidade está sem manutenção há meses, os bancos quebrados e o gramado seco. Era o lugar preferido das famílias aos domingos. Cuidar dos espaços públicos é cuidar das pessoas."
C0099,neighborhood,Gávea,"A coleta de lixo na Gávea às vezes atrasa e os sacos ficam dias na calçada. Atrai urubu e mau cheiro. Um serviço regular e pontual faria muita diferença no nosso dia a dia."
C0100,neighborhood,Rocinha,"A Rocinha precisa de mais creches, as mães não conseguem trabalhar sem ter onde deixar os filhos. A lista de espera é enorme. Educação infantil é a base para romper o ciclo da pobreza."
C0101,neighborhood,Ipanema,"O Metrô da Zona Sul é uma bênção, mas a estação de Ipanema vive lotada no rush. Falta acessibilidade nas escadas para idosos. Ampliar a frota nos horários de pico ajudaria demais."
C0102,neighborhood,Vidigal,"O acesso de ambulância no Vidigal é quase impossível pelas ruas estreitas. Já perdemos um vizinho que não foi socorrido a tempo. A cidade precisa pensar em saúde de emergência para o morro."
C0103,neighborhood,Gávea,"O Instituto Moreira Salles perto da Gávea faz um trabalho cultural lindo e gratuito. Queria que mais espaços assim existissem na cidade. Cultura acessível transforma a vida das pessoas comuns."
C0104,neighborhood,São Conrado,"A favela da Rocinha que faz fronteira com São Conrado mostra dois mundos em poucos metros. A desigualdade dói de olhar. Políticas de integração urbana são urgentes e necessárias aqui."
C0105,neighborhood,Leblon,"A praça do Leblon ganhou academia ao ar livre e adorei, uso todos os dias de manhã. Mais iniciativas assim incentivam a saúde. Espaços públicos bem cuidados melhoram a vida de todos."
C0106,neighborhood,Parque da Cidade,"O Museu Histórico da Cidade no Parque está fechado para reforma há tempo demais. Perdemos um espaço educativo importante. A prefeitura precisa dar previsão clara de reabertura à população."
C0107,neighborhood,Rocinha,"O transporte alternativo na Rocinha é o que mantém o bairro funcionando, mas é desorganizado. Os mototáxis correm risco sem regulação. Formalizar esse serviço geraria segurança e emprego."
C0108,neighborhood,Ipanema,"A erosão na faixa de areia de Ipanema preocupa, o mar está avançando nas ressacas. Já vi quiosque ser engolido pela água. Precisamos de um estudo ambiental sério sobre a orla."
C0109,neighborhood,Vidigal,"A internet e o sinal de celular no alto do Vidigal são péssimos, atrapalham até o trabalho. Quem faz home office sofre muito. Conectividade hoje é infraestrutura básica, não luxo."
C0110,neighborhood,Gávea,"A Gávea tem feira livre ótima às quintas, com produtos frescos e preço justo. Mas ela poderia ser maior e mais divulgada. Apoiar a feira fortalece o pequeno produtor e a economia local."
C0111,neighborhood,São Conrado,"O abandono da passarela de pedestres em São Conrado é perigoso, está enferrujada e mal iluminada. Atravessar a pista é arriscar a vida. Manutenção da infraestrutura é questão de segurança."
C0112,neighborhood,Leblon,"O Leblon precisa de mais lixeiras seletivas na orla, o lixo se acumula nos fins de semana. Vejo garrafa e plástico voltando para o mar. Educação ambiental e estrutura precisam andar juntas."
C0113,neighborhood,Parque da Cidade,"As trilhas do Parque da Cidade são ótimas para esporte, mas faltam bebedouros e sombra. Numa caminhada longa a gente passa mal de calor. Pequenas melhorias atrairiam mais frequentadores."
C0114,neighborhood,Rocinha,"O comércio noturno da Rocinha é vibrante e gera muito emprego. Mas falta segurança e iluminação nas vielas. Apoiar a economia local com infraestrutura traria mais renda para as famílias."
C0115,neighborhood,Ipanema,"O Projeto Orla em Ipanema melhorou os calçadões, isso eu reconheço. Mas a manutenção precisa continuar, já vejo pedras soltas de novo. Cuidar do que foi feito é tão importante quanto construir."
C0116,neighborhood,Vidigal,"As crianças do Vidigal precisam de reforço escolar, muitas ficam para trás na alfabetização. Os pais trabalham e não têm tempo. Um projeto de apoio educacional comunitário faria toda diferença."
C0117,neighborhood,São Conrado,"A praia de São Conrado tem ondas perfeitas para o surfe, atrai gente de todo lado. Mas falta salva-vidas e sinalização de segurança. Investir na orla geraria turismo e emprego para os jovens."
C0118,neighborhood,Gávea,"A segurança no entorno da PUC-Rio na Gávea precisa de atenção, os estudantes saem tarde. Já houve sequestro-relâmpago na região. Iluminação e ronda constante dariam mais tranquilidade a todos."
C0119,neighborhood,Leblon,"O Leblon tem boa estrutura de saúde privada, mas o posto público vive sem remédios básicos. Quem depende do SUS é sempre o esquecido. Saúde pública precisa de abastecimento garantido sempre."
C0120,neighborhood,Parque da Cidade,"O Parque da Cidade poderia ter um espaço de horta comunitária para os moradores. Plantar junto une as pessoas e ensina sustentabilidade. Já vi projetos assim transformarem comunidades inteiras."
C0121,neighborhood,Rocinha,"A Rocinha sofre com desabamentos toda época de chuva, as encostas são instáveis. Já perdi conhecidos em deslizamentos. Obras de contenção e moradia segura deveriam ser prioridade absoluta."
C0122,neighborhood,Ipanema,"O comércio de Ipanema poderia ter ruas exclusivas para pedestres aos domingos. Isso valorizaria os negócios e a convivência. Cidades pelo mundo fazem isso com muito sucesso comprovado."
C0123,neighborhood,Vidigal,"O Vidigal virou cartão-postal nas redes sociais, mas o morador não vê retorno disso. O turismo enriquece os de fora. Queria projetos de geração de renda que incluíssem a comunidade nativa."
C0124,neighborhood,São Conrado,"O transporte público em São Conrado é insuficiente, dependemos de poucas linhas de ônibus. Quando uma quebra, ficamos a pé. A mobilidade aqui foi esquecida pelo planejamento da cidade."
C0125,neighborhood,Gávea,"A Gávea perdeu cinemas e teatros que faziam parte da vida cultural do bairro. Hoje é preciso ir longe para ver um filme. Sinto falta da cultura de bairro que tínhamos antigamente."
C0126,neighborhood,Leblon,"As calçadas do Leblon são largas e boas para caminhar, isso valorizo muito. Mas faltam bancos e sombra em alguns trechos. Pequenos cuidados tornam o espaço mais convidativo para idosos."
C0127,neighborhood,Parque da Cidade,"O Parque da Cidade está pedindo placas educativas sobre a fauna e flora locais. Seria ótimo para a visita das escolas. Educação ambiental ao ar livre marca a vida das crianças para sempre."
C0128,neighborhood,Rocinha,"A coleta de lixo na Rocinha não dá conta do volume, vielas ficam entupidas de sacos. O chorume escorre e atrai doença. Precisamos de uma logística de limpeza pensada para a favela."
C0129,neighborhood,Ipanema,"A iluminação da orla de Ipanema é boa, mas as ruas internas são escuras e perigosas. Já fui assaltada voltando de noite. Segurança não é só na praia, é no caminho de casa também."
C0130,neighborhood,Vidigal,"Faltam oportunidades de emprego formal para os jovens do Vidigal, muitos só conseguem bico. O talento existe, falta a porta aberta. Cursos e parcerias com empresas mudariam esse cenário."
C0131,neighborhood,São Conrado,"São Conrado precisa de uma escola técnica para a juventude, hoje não há opção perto. Os jovens viajam longe ou desistem. Educação profissionalizante geraria renda e dignidade para as famílias."
C0132,neighborhood,Gávea,"A drenagem da Gávea é antiga e as enchentes pioram a cada ano com a chuva forte. Lojistas perdem mercadoria toda temporada. Obras de infraestrutura precisam acompanhar as mudanças climáticas."
C0133,neighborhood,Leblon,"O Leblon tem ótima oferta cultural, mas é toda paga e cara. Faltam atividades gratuitas para quem não pode pagar. Cultura acessível deveria ser política pública, não privilégio de poucos."
C0134,neighborhood,Parque da Cidade,"O Parque da Cidade tem vista linda da Pedra da Gávea ao fundo. É um patrimônio natural que merece mais cuidado e visitação. Ecoturismo bem feito geraria renda sem agredir o meio ambiente."
C0135,neighborhood,Rocinha,"A Rocinha tem uma rádio comunitária que informa e une o bairro. Iniciativas assim mostram a força da participação cidadã. O poder público deveria apoiar e ouvir essas vozes da comunidade."
C0136,neighborhood,Ipanema,"O excesso de ambulantes irregulares em Ipanema tira espaço do calçadão. Por outro lado, eles também precisam trabalhar. Falta uma política que organize sem criminalizar quem busca o sustento."
C0137,neighborhood,Vidigal,"A vista do pôr do sol do alto do Vidigal é a coisa mais linda do Rio. Mas não há mirante seguro e organizado. Estruturar isso geraria turismo e renda para os moradores locais."
C0138,neighborhood,São Conrado,"A saúde em São Conrado depende de uma clínica que vive lotada e sem especialistas. Para qualquer exame somos enviados longe. A população cresce e o atendimento não acompanha de jeito nenhum."
C0139,neighborhood,Gávea,"A Gávea tem trânsito caótico na entrada e saída da PUC e do Jóquei. Faltam semáforos inteligentes e organização. Mobilidade pensada reduziria o estresse de quem passa por aqui todo dia."
C0140,neighborhood,Leblon,"A segurança no Leblon melhorou com mais câmeras, sinto isso no dia a dia. Mas o policiamento a pé ainda é raro. Tecnologia ajuda, mas a presença humana faz a diferença na prevenção."
C0141,neighborhood,Parque da Cidade,"O Parque da Cidade poderia receber aulas públicas de yoga e meditação ao amanhecer. O ambiente é perfeito para isso. Bem-estar e saúde mental também são responsabilidades do poder público."
C0142,neighborhood,Rocinha,"Na Rocinha falta saneamento e isso reflete na saúde das crianças, que vivem com verminose. O esgoto a céu aberto é o vilão. Sem infraestrutura básica, não há saúde que resista."
C0143,neighborhood,Ipanema,"O transporte sobre trilhos transformou Ipanema, chego rápido ao centro de metrô. Mas a integração com ônibus é confusa e cara. Um bilhete único de verdade facilitaria a vida de todos."
C0144,neighborhood,Vidigal,"O Vidigal tem uma escola de samba comunitária que é pura alegria e cultura. Mas sobrevive sem apoio nenhum do poder público. Valorizar nossas raízes culturais é valorizar a nossa gente."
C0145,neighborhood,São Conrado,"A erosão da praia de São Conrado avança e ninguém faz nada. O mar já levou parte da areia. Precisamos de um plano ambiental antes que a praia desapareça de vez."
C0146,neighborhood,Gávea,"A Gávea tem comércio de qualidade, mas o aluguel alto fecha muitas lojas tradicionais. Vejo pontos antigos virando rede genérica. Apoiar o comerciante local preserva a identidade do bairro."
C0147,neighborhood,Leblon,"O Leblon precisa repensar a coleta de lixo na alta temporada, o volume triplica. As lixeiras transbordam e atraem gaivotas e ratos. Reforço sazonal da limpeza seria a solução óbvia."
C0148,neighborhood,Parque da Cidade,"O Parque da Cidade é ótimo para piquenique, mas faltam banheiros limpos e bebedouros. As famílias acabam indo embora cedo. Estrutura básica faria as pessoas aproveitarem o dia inteiro."
C0149,neighborhood,Rocinha,"A juventude da Rocinha quer estudar, mas faltam vagas em cursinhos e bolsas. O sonho da faculdade parece distante. Investir em educação é o melhor caminho para mudar o futuro daqui."
C0150,neighborhood,Ipanema,"As ruas de Ipanema têm fiação elétrica exposta e perigosa em vários pontos. Já vi faísca em dia de chuva. A infraestrutura básica precisa de atenção antes que aconteça uma tragédia."
C0151,neighborhood,Vidigal,"O Vidigal sofre com a falta de água nas partes mais altas, sobretudo no verão. A gente economiza cada gota. Acesso à água deveria ser garantido igualmente para todos os moradores."
C0152,neighborhood,São Conrado,"A desigualdade educacional em São Conrado é gritante: as crianças ricas têm tudo, as pobres quase nada. Estudam em condições muito diferentes. Educação igualitária deveria ser o foco da cidade."
C0153,neighborhood,Gávea,"A Gávea tem o Jóquei Clube, um patrimônio histórico lindo mas pouco aberto ao público. Poderia receber eventos culturais para a comunidade. Espaços históricos vivos enriquecem a vida do bairro."
C0154,neighborhood,Leblon,"O posto de saúde do Leblon precisa de mais profissionais, a demanda só cresce. Esperei semanas por uma consulta simples. Saúde pública de qualidade exige investimento contínuo, não promessas."
C0155,neighborhood,Parque da Cidade,"O Parque da Cidade poderia abrigar uma biblioteca ao ar livre com troca de livros. Incentivar a leitura num espaço verde seria mágico. Cultura e natureza juntas formam cidadãos melhores."
C0156,neighborhood,Rocinha,"A Rocinha tem empreendedoras incríveis no ramo de alimentação e moda. Mas falta crédito e apoio para crescerem. Microcrédito para mulheres da favela transformaria muitas famílias de uma vez."
C0157,neighborhood,Ipanema,"A praia de Ipanema é símbolo do Rio, mas a poluição das galerias pluviais a suja após a chuva. A água fica imprópria para banho. Despoluir a orla é proteger nosso maior patrimônio."
C0158,neighborhood,Vidigal,"O Vidigal precisa de mais escadarias seguras e corrimãos, muitos idosos caem. As subidas são íngremes e perigosas. Acessibilidade no morro é uma questão de dignidade e segurança."
C0159,neighborhood,São Conrado,"O voo livre em São Conrado é um esporte único que poucos lugares no mundo têm. Deveria ser mais valorizado como atração turística. Bem estruturado, geraria muito emprego para a região."
C0160,neighborhood,Gávea,"A segurança na Gávea piora à noite perto da Praça Santos Dumont. Os bares atraem movimento, mas também furtos. Mais policiamento de proximidade traria tranquilidade para moradores e comerciantes."
C0161,neighborhood,Leblon,"O Leblon tem muitos cachorros e poucos espaços apropriados para eles. As praças ficam sujas e há conflitos com pedestres. Um parque canino organizado resolveria isso e uniria os tutores."
C0162,neighborhood,Parque da Cidade,"O Parque da Cidade está com a sinalização de trânsito apagada na entrada, é perigoso. Já quase houve atropelamento ali. Pintura e placas custam pouco e salvam vidas todos os dias."
C0163,neighborhood,Rocinha,"A Rocinha tem uma das vistas mais bonitas para o mar, mas o morador não desfruta disso. Falta um espaço de lazer no alto. Áreas de convivência melhorariam a qualidade de vida aqui."
C0164,neighborhood,Ipanema,"A mobilidade de bicicleta em Ipanema é boa, mas as bikes compartilhadas vivem quebradas. Quando preciso, nunca tem disponível. Manutenção do sistema é essencial para incentivar o uso da bike."
C0165,neighborhood,Vidigal,"As mulheres do Vidigal precisam de mais espaços de acolhimento e apoio contra a violência. Muitas sofrem caladas. Um centro de referência da mulher no morro salvaria vidas de verdade."
C0166,neighborhood,São Conrado,"O comércio de São Conrado é pequeno e sofre com a concorrência do shopping. Os lojistas locais estão à míngua. Incentivos ao comércio de bairro manteriam a economia girando entre nós."
C0167,neighborhood,Gávea,"A Gávea tem o Planetário, um espaço educativo único na cidade. Mas as visitas escolares diminuíram por falta de transporte. Parcerias com escolas públicas democratizariam esse conhecimento incrível."
C0168,neighborhood,Leblon,"O Leblon tem um dos metros quadrados mais caros do país e isso expulsa os antigos moradores. A cidade fica só para os ricos. Habitação acessível deveria existir em todos os bairros."
C0169,neighborhood,Parque da Cidade,"O Parque da Cidade poderia abrigar um centro de educação ambiental permanente. Crianças aprenderiam sobre a Mata Atlântica de perto. Esse contato cria adultos que respeitam a natureza."
C0170,neighborhood,Rocinha,"A Rocinha precisa de mais postos de saúde da família para o atendimento preventivo. A gente só procura médico quando já está grave. Saúde preventiva pouparia sofrimento e recursos públicos."
C0171,neighborhood,Ipanema,"O barulho do trânsito em Ipanema aumentou muito com as motos de entrega. A poluição sonora afeta a saúde de quem mora. Precisamos de fiscalização e ruas mais humanas para as pessoas."
C0172,neighborhood,Vidigal,"O Vidigal tem projetos de surfe social que tiram crianças do risco. São iniciativas lindas, mas vivem sem verba. O poder público deveria apoiar quem já faz a diferença na comunidade."
C0173,neighborhood,São Conrado,"A iluminação pública em São Conrado falha bastante nas ruas internas. À noite fica tudo escuro e inseguro. Trocar lâmpadas e instalar LED melhoraria a segurança sem grande custo."
C0174,neighborhood,Gávea,"A Gávea perde o verde aos poucos com novas construções derrubando árvores. O bairro era arborizado e fresco. Preservar a vegetação urbana é cuidar do clima e da nossa qualidade de vida."
C0175,neighborhood,Leblon,"O Leblon tem boas escolas, mas a única pública vive com falta de professores. Os alunos perdem aulas inteiras. Educação pública precisa de concurso e valorização do professor com urgência."
C0176,neighborhood,Parque da Cidade,"O Parque da Cidade poderia receber feiras de adoção de animais aos sábados. Tem espaço e movimento de famílias. Seria uma forma linda de unir lazer com uma causa importante."
C0177,neighborhood,Rocinha,"A Rocinha tem associações de moradores que lutam muito, mas são pouco ouvidas. A prefeitura decide tudo sem consultá-las. Participação cidadã de verdade respeitaria quem conhece o território."
C0178,neighborhood,Ipanema,"As enchentes em Ipanema na chuva forte alagam ruas inteiras e param o trânsito. A drenagem não dá conta. Obras de infraestrutura urbana precisam acompanhar o crescimento da cidade."
C0179,neighborhood,Vidigal,"O Vidigal precisa de uma quadra poliesportiva coberta para a juventude. Hoje os jovens jogam na rua. Esporte é educação, saúde e prevenção da violência, tudo de uma vez só."
C0180,neighborhood,São Conrado,"A praia de São Conrado é linda, mas a falta de salva-vidas em alguns trechos é perigosa. Já vi banhista em apuros sem socorro. Segurança aquática deveria ser garantida em toda a orla."
C0181,neighborhood,Gávea,"A Gávea tem comércio cultural, livrarias e cafés, que dão alma ao bairro. Mas o aluguel alto está fechando esses espaços. Apoiar a economia criativa preserva a identidade do lugar."
C0182,neighborhood,Leblon,"O Leblon tem boa coleta, mas faltam ecopontos para descarte de eletrônicos e óleo. A gente não sabe onde jogar essas coisas. Estrutura de descarte correto evitaria poluição do meio ambiente."
C0183,neighborhood,Parque da Cidade,"O Parque da Cidade poderia ter atividades culturais nos fins de semana, como contação de histórias. As crianças adorariam. Cultura ao ar livre é acessível e transforma a relação com o espaço público."
C0184,neighborhood,Rocinha,"O acesso ao ensino superior é raro para a juventude da Rocinha, falta orientação e bolsa. Muitos nem sabem que podem entrar na universidade. Informação e apoio abririam portas enormes."
C0185,neighborhood,Ipanema,"A poluição visual em Ipanema com placas e fios é um problema estético e de segurança. O bairro merece um cuidado maior. Ordenar a paisagem urbana valoriza o comércio e o turismo."
C0186,neighborhood,Vidigal,"O Vidigal precisa de coleta de lixo regular nas partes altas, hoje é abandonado. O lixo se acumula e desce com a chuva. Saneamento e limpeza são direitos, não cortesia do poder público."
C0187,neighborhood,São Conrado,"A desigualdade em São Conrado se vê na saúde: uns têm os melhores hospitais, outros nada. Quem é pobre depende de posto lotado. Saúde igualitária deveria ser inegociável numa cidade justa."
C0188,neighborhood,Gávea,"A Gávea tem trânsito pesado, mas o transporte público para o bairro é escasso. Quase tudo depende de carro. Mais linhas de ônibus reduziriam congestionamento e a poluição do ar."
C0189,neighborhood,Leblon,"O Leblon tem ótima qualidade de vida, reconheço, mas falta participação cidadã nas decisões. As obras chegam sem consulta aos moradores. Queria conselhos de bairro que realmente fossem ouvidos."
C0190,neighborhood,Parque da Cidade,"O Parque da Cidade tem potencial para virar um polo de ecoturismo na Zona Sul. Falta investimento e divulgação. Bem cuidado, geraria emprego e aproximaria as pessoas da natureza preservada."
C0191,neighborhood,Rocinha,"A Rocinha tem cozinheiras talentosas que poderiam transformar a gastronomia local em renda. Falta apoio para abrir negócios. Turismo gastronômico na favela mudaria a economia de muitas famílias."
C0192,neighborhood,Ipanema,"As ondas de calor em Ipanema estão mais frequentes e as ruas sem árvores viram fornos. Falta arborização urbana de verdade. Plantar árvores é a forma mais barata de enfrentar o clima extremo."
C0193,neighborhood,Vidigal,"O Vidigal precisa de espaços de cultura para os idosos, hoje eles ficam isolados em casa. Um centro de convivência faria bem. Envelhecer com dignidade também é uma questão de política pública."
C0194,neighborhood,São Conrado,"A mobilidade em São Conrado melhoraria muito com uma estação de metrô. Hoje é refém do ônibus e do carro. Transporte de massa de qualidade é o que falta nesta parte da cidade."
C0195,neighborhood,Gávea,"A Gávea tem a Pedra da Gávea como patrimônio natural deslumbrante. As trilhas para o topo precisam de mais segurança e guias credenciados. Ecoturismo organizado protegeria a montanha e geraria renda."
C0196,neighborhood,Leblon,"O Leblon precisa de mais creches públicas, as mães da região não têm onde deixar os filhos. As particulares são caríssimas. Educação infantil pública deveria existir em todos os bairros."
C0197,neighborhood,Parque da Cidade,"O Parque da Cidade poderia ter wi-fi público e bancos para estudantes. Seria um espaço de estudo ao ar livre. Democratizar o acesso à internet também é uma forma de inclusão social."
C0198,neighborhood,Rocinha,"A Rocinha tem uma rede de solidariedade impressionante entre vizinhos. Mas a violência policial assusta e divide. Queria políticas de segurança que tratassem o morador como cidadão, não suspeito."
C0199,neighborhood,Ipanema,"O turismo em Ipanema é forte, mas falta informação acessível para o visitante. Não há postos de orientação na orla. Estruturar o turismo geraria renda e melhoraria a imagem do bairro."
C0200,neighborhood,Vidigal,"O Vidigal precisa de saneamento e o esgoto está contaminando o lençol freático. A água que sobe é suja. Sem infraestrutura básica, a saúde da comunidade fica sempre comprometida."
C0201,neighborhood,São Conrado,"O comércio local de São Conrado fecha cedo por falta de movimento à noite. A insegurança espanta os clientes. Iluminação e policiamento trariam vida de volta às ruas comerciais do bairro."
C0202,neighborhood,Gávea,"A Gávea tem ótima localização, mas falta ciclovia ligando o bairro à Lagoa. Andar de bike aqui é arriscado entre os carros. Mobilidade ativa precisa de infraestrutura segura para todos."
C0203,neighborhood,Leblon,"O Leblon poderia ter mais hortas comunitárias em terrenos ociosos. Plantar junto une vizinhos e produz alimento fresco. Sustentabilidade urbana começa com pequenas iniciativas como essa no bairro."
C0204,neighborhood,Parque da Cidade,"O Parque da Cidade está sem vigilância e já houve furtos durante o dia. As famílias têm medo de levar as crianças. Segurança no espaço público é condição básica para que ele seja usado."
C0205,neighborhood,Rocinha,"A Rocinha tem escolas com merenda fraca e às vezes faltando. Muitas crianças vão para a aula com fome. Alimentação escolar de qualidade impacta diretamente o aprendizado e a saúde dos alunos."
C0206,neighborhood,Ipanema,"O metrô em Ipanema é rápido, mas a falta de elevador funcionando exclui cadeirantes e idosos. Já vi gente desistir de usar. Acessibilidade no transporte deveria ser garantia, não exceção."
C0207,neighborhood,Vidigal,"O Vidigal tem uma comunidade artística forte que poderia atrair turismo cultural. Faltam espaços e apoio para os artistas. Investir em cultura local geraria renda e orgulho para os moradores."
C0208,neighborhood,São Conrado,"A praia de São Conrado fica intransitável quando o esgoto desce do morro após a chuva. O cheiro é insuportável. Saneamento básico é urgente para proteger a saúde e o turismo da região."
C0209,neighborhood,Gávea,"A Gávea tem a tradição do Jóquei, mas o trânsito em dia de corrida trava tudo. Falta planejamento de mobilidade para os grandes eventos. Organização melhoraria a vida de quem mora ao redor."
C0210,neighborhood,Leblon,"O Leblon precisa de um centro cultural público, hoje tudo é privado e caro. A cultura deveria ser de todos. Um espaço aberto para teatro e música democratizaria o acesso à arte no bairro."
C0211,neighborhood,Parque da Cidade,"O Parque da Cidade poderia ser palco de aulas de educação física para escolas públicas. O espaço verde é ideal. Atividade ao ar livre melhora a saúde física e mental das crianças."
C0212,neighborhood,Rocinha,"A Rocinha sofre com a falta de endereço formal, o que dificulta entregas e benefícios. Muitos becos não têm nome ou número. Regularizar o território é o primeiro passo para a cidadania plena."
C0213,neighborhood,Ipanema,"As lixeiras de Ipanema vivem transbordando perto dos quiosques. O lixo voa para a areia e para o mar. Aumentar a frequência da coleta na orla protegeria a praia e a vida marinha."
C0214,neighborhood,Vidigal,"O Vidigal precisa de mais médicos no posto de saúde, só tem clínico geral. Para qualquer especialidade somos enviados longe. Saúde de qualidade perto de casa faria muita diferença aqui."
C0215,neighborhood,São Conrado,"A juventude de São Conrado tem poucas opções de lazer e esporte. Os jovens ficam ociosos e expostos a riscos. Quadras, projetos esportivos e cultura ocupariam esse tempo de forma positiva."
C0216,neighborhood,Gávea,"A Gávea tem comércio universitário forte por causa da PUC, mas os preços são abusivos. O estudante de baixa renda sofre. Mais oferta e concorrência justa baratearia o dia a dia por aqui."
C0217,neighborhood,Leblon,"O Leblon tem orla bem cuidada, mas faltam chuveiros e bebedouros funcionando. Depois da praia, não há onde se lavar. Estrutura básica na orla faz parte de um bom serviço público."
C0218,neighborhood,Parque da Cidade,"O Parque da Cidade está com a vegetação descontrolada em algumas áreas, virou foco de mosquito. A dengue assusta no verão. Manutenção do verde também é uma questão de saúde pública."
C0219,neighborhood,Rocinha,"A Rocinha tem uma economia criativa enorme, do funk ao artesanato. Mas falta visibilidade e mercado. Conectar esses talentos a oportunidades formais geraria renda e valorizaria a cultura local."
C0220,neighborhood,Ipanema,"O turismo desordenado em Ipanema gera lixo e barulho que afetam os moradores. Falta gestão do fluxo de visitantes. Turismo sustentável beneficia a todos, o caos só prejudica o bairro."
C0221,neighborhood,Vidigal,"O Vidigal precisa urgentemente de obras de contenção de encostas. As chuvas fortes ameaçam as casas no alto. Moradia segura é o mínimo que uma cidade deve garantir aos seus cidadãos."
C0222,neighborhood,São Conrado,"São Conrado tem um shopping de luxo ao lado de famílias sem o básico. A desigualdade é um tapa na cara. Políticas de redistribuição e integração urbana são moralmente necessárias aqui."
C0223,neighborhood,Gávea,"A Gávea tem a Lagoa pertinho, ótima para esporte e lazer. Mas o acesso de bicicleta é perigoso pela falta de ciclovia contínua. Conectar os bairros por ciclovias incentivaria a vida saudável."
C0224,neighborhood,Leblon,"O Leblon poderia ter coleta de lixo noturna para não atrapalhar o trânsito de dia. Em outros lugares isso funciona bem. Repensar a logística de limpeza melhoraria a mobilidade do bairro."
C0225,neighborhood,Parque da Cidade,"O Parque da Cidade poderia ter um espaço de memória contando a história da Zona Sul. Nossa identidade precisa ser preservada. Cultura e patrimônio fortalecem o pertencimento dos moradores."
C0226,neighborhood,Rocinha,"A Rocinha tem ruas sem pavimentação que viram lama na chuva. As crianças não conseguem ir à escola. Infraestrutura urbana básica deveria chegar igualmente a todos os territórios da cidade."
C0227,neighborhood,Ipanema,"A segurança na orla de Ipanema melhora muito quando há policiamento a pé. Senti diferença no verão passado. Presença humana previne o crime melhor do que viatura passando depressa."
C0228,neighborhood,Vidigal,"O Vidigal tem jovens com sonhos enormes, mas sem acesso a cursos técnicos. A oportunidade não chega ao morro. Educação profissionalizante seria a chave para transformar a vida dessa juventude."
C0229,neighborhood,São Conrado,"O transporte público em São Conrado é caro e lotado, dependo dele todos os dias. As vans são a única alternativa. Mobilidade digna mudaria a rotina de muita gente que trabalha longe."
C0230,neighborhood,Gávea,"A Gávea tem boa oferta de saúde privada, mas o posto público vive cheio. Quem não tem plano enfrenta filas longas. Fortalecer a saúde pública reduziria a desigualdade no acesso ao cuidado."
C0231,neighborhood,Leblon,"O Leblon tem um comércio sofisticado, mas falta lugar para os pequenos empreendedores. O aluguel inviabiliza tudo. Apoio ao microempreendedor traria diversidade e renda local para o bairro."
C0232,neighborhood,Parque da Cidade,"O Parque da Cidade poderia ter trilhas acessíveis a cadeirantes, hoje é impossível. A natureza deveria ser para todos. Inclusão no lazer é uma forma concreta de respeito à diversidade."
C0233,neighborhood,Rocinha,"A Rocinha tem mães que sonham com creche para voltar a trabalhar. A falta de vaga prende muitas em casa. Investir em educação infantil é investir na renda das famílias e no futuro das crianças."
C0234,neighborhood,Ipanema,"A poluição da Lagoa Rodrigo de Freitas afeta Ipanema com mau cheiro nos dias quentes. A despoluição arrasta-se há décadas. Recuperar a Lagoa beneficiaria a saúde e o turismo da região toda."
C0235,neighborhood,Vidigal,"O Vidigal tem uma vista que vale ouro, mas o morador convive com a falta de saneamento. O contraste é cruel. Turismo sem infraestrutura para quem mora é uma injustiça que precisa acabar."
C0236,neighborhood,São Conrado,"São Conrado precisa de mais áreas de lazer públicas além da praia. As famílias não têm onde levar as crianças. Praças e parques infantis melhorariam muito a convivência no bairro."
C0237,neighborhood,Gávea,"A Gávea tem a tradição cultural do Planetário e do IMS, mas falta integração entre eles. Um circuito cultural atrairia mais visitantes. Cultura conectada gera mais valor para o bairro inteiro."
C0238,neighborhood,Leblon,"O Leblon precisa de mais fiscalização contra a poluição sonora dos bares. Quem mora não dorme nos fins de semana. Equilíbrio entre lazer noturno e descanso dos moradores é questão de respeito."
C0239,neighborhood,Parque da Cidade,"O Parque da Cidade tem potencial educativo enorme com sua biodiversidade. Faltam monitores e programação para escolas. Educação ambiental prática forma cidadãos conscientes desde a infância."
C0240,neighborhood,Rocinha,"A Rocinha precisa de mais segurança que respeite os direitos humanos. As operações violentas traumatizam crianças. Queremos paz e cidadania, não medo dentro da própria casa."
C0241,neighborhood,Ipanema,"O comércio de Ipanema sofre com a alta carga tributária e o aluguel nas alturas. Lojas tradicionais estão fechando. Incentivos fiscais ajudariam a preservar a economia e a identidade do bairro."
C0242,neighborhood,Vidigal,"O Vidigal precisa de transporte público que suba o morro, hoje só tem van e moto. É caro e inseguro. Levar o transporte oficial até o alto seria um marco de dignidade para a comunidade."
C0243,neighborhood,São Conrado,"A praia de São Conrado tem uma beleza única, mas vive suja por falta de coleta regular. O lixo se acumula na areia. Limpeza constante valorizaria o turismo e a saúde dos banhistas."
C0244,neighborhood,Gávea,"A Gávea tem trânsito congestionado por falta de alternativas de transporte. As pessoas usam carro porque o ônibus é ruim. Investir no coletivo reduziria o congestionamento e a poluição do ar."
C0245,neighborhood,Leblon,"O Leblon tem boa segurança comparado a outros bairros, mas os furtos na praia incomodam. Já tive meu celular levado no Posto 12. Mais atenção policial na orla resolveria boa parte disso."
C0246,neighborhood,Parque da Cidade,"O Parque da Cidade poderia abrigar atividades para a terceira idade, como dança e caminhada guiada. Os idosos precisam de socialização. Espaços ativos melhoram a saúde física e emocional deles."
C0247,neighborhood,Rocinha,"A Rocinha tem uma rede de comércio que nunca para, é a alma econômica do bairro. Mas falta infraestrutura para os lojistas. Energia estável e vias melhores impulsionariam todos esses negócios."
C0248,neighborhood,Ipanema,"O metrô conectou Ipanema ao resto da cidade e isso foi transformador. Mas a tarifa pesa no bolso do trabalhador. Transporte público acessível é uma questão de justiça social urbana."
C0249,neighborhood,Vidigal,"O Vidigal tem jovens talentosos no audiovisual que documentam a favela com orgulho. Falta apoio e equipamento. Investir na cultura jovem é abrir caminhos de renda e representatividade."
C0250,neighborhood,São Conrado,"São Conrado precisa de uma UPA própria, hoje dependemos de unidades distantes. Numa emergência, cada minuto conta. Saúde de urgência perto de casa pode literalmente salvar vidas no bairro."
C0251,neighborhood,Gávea,"A Gávea tem áreas verdes que precisam ser protegidas do avanço imobiliário. Cada árvore derrubada é uma perda. Meio ambiente urbano de qualidade impacta a saúde de todos os moradores."
C0252,neighborhood,Leblon,"O Leblon poderia ter mais eventos culturais gratuitos nas praças. Cultura não pode ser só para quem paga ingresso. Música e arte ao ar livre aproximariam a comunidade e animariam o bairro."
C0253,neighborhood,Parque da Cidade,"O Parque da Cidade está com os brinquedos infantis quebrados e enferrujados. As crianças se machucam ali. Manutenção dos equipamentos de lazer é responsabilidade básica do poder público."
C0254,neighborhood,Rocinha,"A Rocinha precisa de saneamento de verdade, não de remendos. O esgoto a céu aberto causa doenças constantes. Investimento sério em infraestrutura mudaria a saúde de toda a comunidade."
C0255,neighborhood,Ipanema,"O turismo em Ipanema valoriza o bairro, mas a especulação imobiliária expulsa o morador antigo. Aluguéis de temporada tomam conta. Habitação para quem é daqui deveria ser protegida por lei."
C0256,neighborhood,Vidigal,"O Vidigal tem escolas com professores dedicados, mas estrutura precária. Faltam computadores e laboratório. Educação de qualidade exige investimento físico, não só boa vontade dos docentes."
C0257,neighborhood,São Conrado,"São Conrado tem um trânsito complicado na saída para a Barra. As obras nunca resolvem de fato. Planejamento de mobilidade de longo prazo é o que falta nesta região da cidade."
C0258,neighborhood,Gávea,"A Gávea tem o charme de bairro antigo que vai se perdendo. Os casarões dão lugar a prédios sem alma. Preservar o patrimônio arquitetônico mantém viva a identidade da nossa comunidade."
C0259,neighborhood,Leblon,"O Leblon precisa de mais profissionais de saúde mental na rede pública. A ansiedade e a depressão crescem. Cuidar da mente deveria ter a mesma prioridade que cuidar do corpo nos postos."
C0260,neighborhood,Parque da Cidade,"O Parque da Cidade poderia receber um observatório de aves para os entusiastas. A fauna ali é riquíssima. Ecoturismo de observação geraria renda e incentivaria a preservação ambiental."
C0261,neighborhood,Rocinha,"A Rocinha tem uma juventude criativa que faz arte de rua incrível. Murais coloridos transformam os becos. Apoiar essa cultura é dar dignidade e oportunidade a quem tem muito a oferecer."
C0262,neighborhood,Ipanema,"As ciclovias de Ipanema são boas, mas precisam de manutenção e sinalização melhor. Já vi acidentes por falta de demarcação. Mobilidade segura por bicicleta incentiva um trânsito mais saudável."
C0263,neighborhood,Vidigal,"O Vidigal precisa de coleta de lixo que alcance todas as casas, não só as de baixo. O lixo acumulado vira foco de doença. Limpeza urbana é direito de todos os moradores igualmente."
C0264,neighborhood,São Conrado,"São Conrado tem uma praia ótima para esportes, mas falta estrutura de apoio. Banheiros e estacionamento melhorariam tudo. Investir na orla geraria emprego e atrairia mais visitantes ao bairro."
C0265,neighborhood,Gávea,"A Gávea tem a PUC que poderia abrir mais o campus para a comunidade. Projetos de extensão beneficiariam os bairros vizinhos. Conhecimento compartilhado reduz a distância entre universidade e povo."
C0266,neighborhood,Leblon,"O Leblon precisa repensar o trânsito perto das escolas no horário de entrada. É um caos de carros parados. Soluções de mobilidade escolar trariam segurança às crianças e fluidez ao bairro."
C0267,neighborhood,Parque da Cidade,"O Parque da Cidade poderia ter sinalização contando a história dos antigos donos da fazenda. O lugar tem memória rica. Patrimônio histórico bem contado valoriza o espaço e educa quem visita."
C0268,neighborhood,Rocinha,"A Rocinha tem mulheres empreendedoras que sustentam famílias inteiras. Mas falta crédito e capacitação. Apoiar essas mulheres é fortalecer toda a economia e o tecido social da comunidade."
C0269,neighborhood,Ipanema,"A orla de Ipanema precisa de mais sombra, faltam árvores e tendas no calçadão. No verão o calor é insuportável. Arborização urbana é a forma mais simples de tornar a cidade habitável."
C0270,neighborhood,Vidigal,"O Vidigal precisa de mais segurança que dialogue com a comunidade. A presença policial deveria proteger, não amedrontar. Confiança entre moradores e segurança pública previne mais que a repressão."
C0271,neighborhood,São Conrado,"São Conrado tem desigualdade educacional escancarada. As crianças ricas vão para colégios caros, as pobres para escolas sucateadas. Educação igualitária deveria ser a prioridade número um."
C0272,neighborhood,Gávea,"A Gávea tem comércio cultural que enriquece o bairro, mas sofre com o trânsito que afasta clientes. Falta estacionamento e transporte. Mobilidade melhor manteria as portas abertas dos pequenos negócios."
C0273,neighborhood,Leblon,"O Leblon tem boa qualidade de vida, mas falta integração entre vizinhos. Cada um vive na sua bolha. Atividades comunitárias nas praças reaproximariam as pessoas e fortaleceriam o bairro."
C0274,neighborhood,Parque da Cidade,"O Parque da Cidade poderia ter um café e uma livraria para os visitantes. Faltam serviços de apoio. Pequenos negócios no parque gerariam renda e tornariam a visita mais agradável."
C0275,neighborhood,Rocinha,"A Rocinha precisa de mais escolas em tempo integral. As crianças ficam ociosas à tarde e correm risco. Educação que ocupa o dia todo protege os jovens e melhora o aprendizado."
C0276,neighborhood,Ipanema,"Ipanema tem fama mundial, mas o esgoto que vaza nas chuvas mancha essa imagem. A água fica imprópria. Saneamento de qualidade é fundamental para a saúde e para o turismo do bairro."
C0277,neighborhood,Vidigal,"O Vidigal tem uma comunidade unida que se ajuda nas dificuldades. Mas falta apoio do poder público nessas redes. Fortalecer a participação comunitária multiplicaria o impacto dessas iniciativas locais."
C0278,neighborhood,São Conrado,"São Conrado precisa de mais segurança na passarela e nas paradas de ônibus. À noite são pontos perigosos. Iluminação e ronda dariam tranquilidade a quem usa o transporte público todo dia."
C0279,neighborhood,Gávea,"A Gávea tem a Floresta da Tijuca pertinho, um patrimônio natural incrível. As trilhas de acesso precisam de melhor manutenção. Ecoturismo bem cuidado preservaria a mata e geraria renda local."
C0280,neighborhood,Leblon,"O Leblon precisa de mais opções de lazer gratuito para crianças além da praia. Faltam praças com brinquedos. Espaços públicos infantis bem cuidados fazem falta para as famílias do bairro."
C0281,neighborhood,Parque da Cidade,"O Parque da Cidade tem um potencial de lazer enorme, mas a má conservação afasta as famílias. Bancos quebrados e mato alto. Investir na manutenção devolveria o parque ao povo do bairro."
C0282,neighborhood,Rocinha,"A Rocinha tem comerciantes que pagam tudo em dia, mas não recebem serviços à altura. A energia oscila e a água falta. Serviços públicos de qualidade são o mínimo que se deve a quem contribui."
C0283,neighborhood,Ipanema,"Ipanema poderia ter feiras de economia criativa para incentivar artistas locais. O talento existe, falta espaço. Apoiar a cultura independente gera renda e enriquece a vida do bairro."
C0284,neighborhood,Vidigal,"O Vidigal precisa de mais médicos e enfermeiros no posto de saúde. A demanda cresce e o atendimento não acompanha. Saúde digna no morro é uma questão de justiça e de respeito à vida."
C0285,neighborhood,São Conrado,"São Conrado tem uma localização privilegiada, mas o transporte público não corresponde. Dependemos de poucas linhas lotadas. Mobilidade de qualidade transformaria a rotina de quem mora por aqui."
C0286,neighborhood,Gávea,"A Gávea tem trânsito intenso e poucas faixas de pedestre seguras. Atravessar a Estrada da Gávea é um perigo. Sinalização e travessias elevadas protegeriam os pedestres do bairro."
C0287,neighborhood,Leblon,"O Leblon tem boa coleta de lixo, mas a reciclagem ainda engatinha. Faltam pontos de coleta seletiva visíveis. Educação ambiental e estrutura juntas fariam o bairro mais sustentável de verdade."
C0288,neighborhood,Parque da Cidade,"O Parque da Cidade poderia receber projetos sociais que atendessem jovens em vulnerabilidade. O espaço comporta muita coisa. Lazer e cultura mudam vidas e afastam os jovens dos riscos."
C0289,neighborhood,Rocinha,"A Rocinha tem uma das melhores vistas da cidade, mas o morador não tem onde aproveitá-la. Falta um mirante público. Espaços de lazer com vista devolveriam à comunidade o que é dela."
C0290,neighborhood,Ipanema,"Ipanema precisa de mais banheiros públicos na orla, os poucos que há vivem sujos. É constrangedor para todos. Estrutura sanitária digna é parte essencial de uma praia bem cuidada."
C0291,neighborhood,Vidigal,"O Vidigal tem energia elétrica instável, faltando luz com frequência. Isso prejudica o trabalho e os estudos. Infraestrutura confiável é a base para qualquer desenvolvimento da comunidade."
C0292,neighborhood,São Conrado,"São Conrado tem belezas naturais incríveis, mas falta cuidado ambiental. O lixo chega à praia pelas galerias. Proteger o meio ambiente é proteger o que torna este bairro especial."
C0293,neighborhood,Gávea,"A Gávea tem vida cultural ligada à universidade, mas falta integração com a cidade. Os eventos ficam restritos ao campus. Abrir a cultura universitária ao público enriqueceria todo o bairro."
C0294,neighborhood,Leblon,"O Leblon tem ótimos serviços, mas falta participação dos moradores nas decisões locais. As mudanças chegam sem aviso. Conselhos comunitários ativos dariam voz a quem vive o bairro diariamente."
C0295,neighborhood,Parque da Cidade,"O Parque da Cidade poderia ter um circuito de corrida demarcado e seguro. Muita gente treina ali sem estrutura. Incentivar o esporte no parque melhoraria a saúde da população do entorno."
C0296,neighborhood,Rocinha,"A Rocinha precisa de mais cursos profissionalizantes acessíveis. Os jovens querem trabalhar, falta qualificação. Educação técnica gratuita abriria portas no mercado e reduziria o desemprego local."
C0297,neighborhood,Ipanema,"Ipanema tem uma orla disputada e o trânsito de bikes e patinetes vira confusão. Falta organização dos espaços. Regras claras de mobilidade evitariam acidentes e conflitos no calçadão."
C0298,neighborhood,Vidigal,"O Vidigal tem famílias inteiras vivendo em moradias precárias e inseguras. As encostas são um risco. Política habitacional digna deveria garantir uma casa segura para cada cidadão."
C0299,neighborhood,São Conrado,"São Conrado precisa de mais espaços culturais, hoje quase não há opção no bairro. A cultura enriquece a vida. Um centro cultural traria identidade e lazer para os moradores de todas as idades."
C0300,neighborhood,Gávea,"A Gávea tem boa infraestrutura, mas a desigualdade com os bairros vizinhos é visível. O acesso a serviços é desigual. Políticas de equidade urbana beneficiariam toda a região, não só os mais ricos."
C0301,neighborhood,Leblon,"O Leblon precisa de uma gestão melhor do trânsito de aplicativos que param em qualquer lugar. O fluxo trava. Pontos de embarque organizados resolveriam o caos sem prejudicar ninguém."
C0302,neighborhood,Parque da Cidade,"O Parque da Cidade tem nascentes que precisam de proteção ambiental urgente. A água limpa é um tesouro. Preservar os recursos hídricos é garantir o futuro da própria cidade."
C0303,neighborhood,Rocinha,"A Rocinha tem talento esportivo de sobra, mas faltam quadras e treinadores. Os jovens jogam onde dá. Investir no esporte revelaria atletas e afastaria a juventude de caminhos perigosos."
C0304,neighborhood,Ipanema,"Ipanema sofre com a especulação que transforma residências em hotéis informais. O morador é empurrado para fora. Regulamentar o aluguel de temporada protegeria a vida do bairro."
C0305,neighborhood,Vidigal,"O Vidigal precisa de espaços de cultura e lazer para que os jovens tenham para onde ir. A rua oferece riscos. Investir em cultura comunitária é a melhor prevenção contra a violência."
C0306,neighborhood,São Conrado,"São Conrado tem uma comunidade que merece ser ouvida nas decisões sobre o bairro. As obras chegam de cima. Participação cidadã real respeitaria quem vive e conhece os problemas locais."
C0307,neighborhood,Gávea,"A Gávea tem o Planetário, que poderia oferecer mais sessões gratuitas para escolas públicas. Ciência precisa ser acessível. Despertar a curiosidade das crianças muda o futuro delas."
C0308,neighborhood,Leblon,"O Leblon precisa de mais árvores nas ruas, o asfalto esquenta demais no verão. A sombra faz falta. Arborização urbana melhora o clima e a saúde de quem caminha pelo bairro."
C0309,neighborhood,Parque da Cidade,"O Parque da Cidade poderia abrigar oficinas de educação ambiental para as crianças do entorno. Aprender brincando na natureza é poderoso. Formar consciência ecológica desde cedo é investir no futuro."
C0310,neighborhood,Rocinha,"A Rocinha precisa de mais segurança que não viole direitos. As crianças crescem com medo das operações. Queremos políticas que tragam paz e respeitem a dignidade dos moradores."
C0311,neighborhood,Ipanema,"Ipanema tem uma orla maravilhosa, mas o acesso para cadeirantes à areia é quase nulo. Faltam esteiras e rampas. Acessibilidade na praia é um direito que precisa sair do papel."
C0312,neighborhood,Vidigal,"O Vidigal tem uma cultura de samba e funk que é pura identidade. Mas falta apoio para os artistas locais. Valorizar a cultura da favela é reconhecer a riqueza que ela produz."
C0313,neighborhood,São Conrado,"São Conrado precisa de saneamento que impeça o esgoto de chegar à praia. A saúde de todos depende disso. Investir em infraestrutura sanitária é proteger banhistas e moradores do bairro."
C0314,neighborhood,Gávea,"A Gávea tem trânsito intenso e o transporte público não dá conta da demanda. As pessoas usam carro à força. Melhorar o coletivo reduziria o engarrafamento e a poluição do ar do bairro."
C0315,neighborhood,Leblon,"O Leblon tem boa segurança, mas precisa de atenção aos furtos na orla. Já vi turistas perderem pertences. Policiamento de proximidade na praia traria mais tranquilidade para todos."
C0316,neighborhood,Parque da Cidade,"O Parque da Cidade poderia ser um polo de educação ambiental para toda a Zona Sul. A biodiversidade ali é rica. Aproveitar esse potencial formaria gerações mais conscientes do meio ambiente."
C0317,neighborhood,Rocinha,"A Rocinha tem comércio forte, mas falta crédito para os pequenos negócios crescerem. As burocracias travam tudo. Microcrédito acessível impulsionaria a economia e a renda das famílias da favela."
C0318,neighborhood,Ipanema,"Ipanema precisa de coleta de lixo reforçada nos fins de semana de verão. A orla fica suja e cheia de moscas. Limpeza adequada protege a saúde pública e a imagem do bairro."
C0319,neighborhood,Vidigal,"O Vidigal precisa de água tratada chegando a todas as casas, sem falhas. A escassez é constante no alto. Acesso universal à água é uma questão de dignidade e de saúde básica."
C0320,neighborhood,São Conrado,"São Conrado tem uma juventude cheia de energia que precisa de oportunidades. Faltam projetos esportivos e culturais. Investir nos jovens é prevenir a violência e construir um bairro melhor."
C0321,neighborhood,Gávea,"A Gávea tem boa oferta de comércio, mas a falta de mobilidade ativa segura limita as opções. Andar a pé ou de bike é arriscado. Cidades caminháveis são mais saudáveis e econômicas."
C0322,neighborhood,Leblon,"O Leblon precisa de mais transparência nas obras públicas. Os moradores nunca sabem o cronograma. Comunicação clara com a população evita transtornos e fortalece a confiança no poder público."
C0323,neighborhood,Parque da Cidade,"O Parque da Cidade poderia ter shows e teatro ao ar livre nos fins de semana. A cultura aproximaria as famílias. Eventos gratuitos no parque dariam vida a esse espaço subutilizado."
C0324,neighborhood,Rocinha,"A Rocinha tem uma população enorme e poucos equipamentos de saúde. As filas são intermináveis. Ampliar a rede de atendimento é urgente para garantir o direito à saúde de todos aqui."
C0325,neighborhood,Ipanema,"Ipanema tem patrimônio cultural ligado à bossa nova e isso poderia ser mais celebrado. Faltam memoriais e eventos. Valorizar nossa história musical atrairia turismo e fortaleceria a identidade carioca."
C0326,neighborhood,Vidigal,"O Vidigal precisa de transporte público que conecte o morro aos serviços essenciais lá embaixo. Hoje é tudo improviso caro. Mobilidade digna mudaria a vida de quem trabalha longe de casa."
C0327,neighborhood,São Conrado,"São Conrado tem desigualdade no acesso à saúde gritante. Quem é pobre depende de unidades distantes e lotadas. Saúde de qualidade perto de casa deveria ser garantida a todos por igual."
C0328,neighborhood,Gávea,"A Gávea tem um casario histórico que merece tombamento e proteção. A especulação ameaça esse patrimônio. Preservar a arquitetura mantém viva a memória e a identidade do bairro."
C0329,neighborhood,Leblon,"O Leblon precisa de mais áreas de convivência para idosos, que ficam isolados. Faltam praças com sombra e bancos. Cuidar dos mais velhos com espaços adequados é dever de uma cidade justa."
C0330,neighborhood,Parque da Cidade,"O Parque da Cidade poderia ter um centro de visitantes com informações sobre a fauna e a história. Os turistas se perdem. Estruturar a visitação geraria renda e valorizaria o patrimônio."
C0331,neighborhood,Rocinha,"A Rocinha tem uma cultura vibrante que move a economia criativa. Mas falta visibilidade e mercado para esses talentos. Conectar a favela ao mundo formal geraria renda e reconhecimento."
C0332,neighborhood,Ipanema,"Ipanema precisa de mais fiscalização ambiental nas galerias pluviais que poluem o mar. A praia paga o preço. Proteger a orla é proteger a saúde e o lazer de toda a cidade."
C0333,neighborhood,Vidigal,"O Vidigal tem escolas que precisam de reforma urgente, com goteiras e salas quentes. As crianças merecem melhor. Investir na estrutura escolar é investir no aprendizado e no futuro."
C0334,neighborhood,São Conrado,"São Conrado tem um comércio que poderia crescer com mais turismo organizado. A praia atrai gente, mas falta estrutura. Apoiar o comerciante local geraria renda e empregos no bairro."
C0335,neighborhood,Gávea,"A Gávea tem trânsito que precisa de soluções inteligentes, como semáforos sincronizados. O engarrafamento é diário. Tecnologia aplicada à mobilidade reduziria o estresse de quem circula por aqui."
C0336,neighborhood,Leblon,"O Leblon precisa de mais atividades culturais públicas para os jovens. A cultura paga exclui muita gente. Investir em arte gratuita amplia horizontes e fortalece o tecido social do bairro."
C0337,neighborhood,Parque da Cidade,"O Parque da Cidade poderia ter monitoramento ambiental contra incêndios na mata seca. O risco aumenta no verão. Proteger a vegetação é proteger a vida e o ar que respiramos."
C0338,neighborhood,Rocinha,"A Rocinha precisa de mais participação nas decisões que afetam a comunidade. As políticas chegam prontas de fora. Ouvir os moradores resultaria em soluções mais eficazes e justas para todos."
C0339,neighborhood,Ipanema,"Ipanema tem uma vida noturna agitada, mas o transporte público para tarde demais para quem trabalha à noite. Voltar para casa é difícil. Mobilidade noturna segura é uma necessidade real."
C0340,neighborhood,Vidigal,"O Vidigal precisa de mais segurança que respeite a comunidade. As operações violentas trazem trauma. Queremos políticas que protejam o cidadão, não que o coloquem em risco constante."
C0341,neighborhood,São Conrado,"São Conrado tem belezas naturais que poderiam atrair ecoturismo. As trilhas para o morro são incríveis. Estruturar essas atividades geraria renda sustentável para a comunidade local."
C0342,neighborhood,Gávea,"A Gávea tem o desafio de equilibrar desenvolvimento e preservação. Cada prédio novo come um pedaço do verde. Planejamento urbano consciente protegeria o caráter histórico e ambiental do bairro."
C0343,neighborhood,Leblon,"O Leblon precisa de mais ações contra o descarte irregular de lixo de construção. As caçambas ficam dias na rua. Fiscalização e regras claras manteriam o bairro limpo e organizado."
C0344,neighborhood,Parque da Cidade,"O Parque da Cidade poderia receber atividades de saúde preventiva, como aferição de pressão. Aproximar a saúde do lazer é inteligente. Cuidar das pessoas onde elas estão é mais eficaz."
C0345,neighborhood,Rocinha,"A Rocinha tem uma demanda enorme por moradia digna. Muitas famílias vivem em condições insalubres. Política habitacional séria garantiria o direito básico a um lar seguro para todos."
C0346,neighborhood,Ipanema,"Ipanema tem uma orla incrível, mas a coleta seletiva é falha. Tudo vai junto para o caminhão. Investir em reciclagem de verdade reduziria o lixo que acaba poluindo o nosso mar."
C0347,neighborhood,Vidigal,"O Vidigal tem uma comunidade resiliente que merece mais do poder público. Faltam serviços básicos no alto. Levar infraestrutura ao morro é uma questão de justiça e de cidadania plena."
C0348,neighborhood,São Conrado,"São Conrado precisa de mais policiamento nas paradas e na passarela à noite. São pontos de risco. Segurança no transporte público é essencial para quem volta tarde do trabalho."
C0349,neighborhood,Gávea,"A Gávea tem comércio cultural diverso, mas precisa de mais incentivo para sobreviver. Os custos sufocam os pequenos. Apoiar a economia criativa preserva a alma e a identidade do bairro."
C0350,neighborhood,Leblon,"O Leblon precisa de mais creches e escolas públicas. Nem todas as famílias podem pagar mensalidade. Educação pública de qualidade reduziria a desigualdade que enxergo no dia a dia do bairro."
C0351,neighborhood,Parque da Cidade,"O Parque da Cidade poderia ter mais lixeiras e coleta regular, hoje o lixo se acumula. As famílias merecem um espaço limpo. Manutenção da limpeza torna o parque convidativo para todos."
C0352,neighborhood,Rocinha,"A Rocinha tem uma juventude criativa no funk e na dança. Esses talentos poderiam gerar renda com apoio. Valorizar a cultura local é abrir caminhos de futuro para os jovens da favela."
C0353,neighborhood,Ipanema,"Ipanema tem trânsito intenso e poucas alternativas de mobilidade verde. A bike ainda é arriscada. Investir em ciclovias seguras incentivaria um transporte mais limpo e saudável no bairro."
C0354,neighborhood,Vidigal,"O Vidigal precisa de mais atenção à saúde da mulher, faltam exames preventivos no posto. Muitas adoecem por falta de diagnóstico. Saúde feminina acessível salva vidas na comunidade."
C0355,neighborhood,São Conrado,"São Conrado tem uma escola pública que precisa de reforma e mais professores. Os alunos merecem melhor. Investir em educação de qualidade é a base para reduzir a desigualdade do bairro."
C0356,neighborhood,Gávea,"A Gávea tem a Floresta da Tijuca como vizinha, um pulmão verde precioso. As trilhas precisam de cuidado e sinalização. Proteger e abrir essa natureza geraria lazer e consciência ambiental."
C0357,neighborhood,Leblon,"O Leblon precisa rever o uso das calçadas tomadas por mesas de bar. Os pedestres não passam. Equilíbrio entre comércio e direito de ir e vir é uma questão de bom senso urbano."
C0358,neighborhood,Parque da Cidade,"O Parque da Cidade poderia oferecer atividades inclusivas para pessoas com deficiência. O lazer deve ser para todos. Acessibilidade no espaço público é uma marca de uma cidade civilizada."
C0359,neighborhood,Rocinha,"A Rocinha tem associações comunitárias que fazem milagre com pouco. Mas precisam de reconhecimento e apoio. Fortalecer a participação cidadã multiplicaria os resultados dessas iniciativas locais."
C0360,neighborhood,Ipanema,"Ipanema tem uma orla que é patrimônio de todos, mas a manutenção é irregular. Pedras soltas e bancos quebrados. Cuidar do espaço público é respeitar quem usa a praia diariamente."
C0361,neighborhood,Vidigal,"O Vidigal precisa de mais opções de emprego perto de casa. Os jovens dependem de bicos na Zona Sul. Atrair oportunidades para o morro reduziria o deslocamento caro e geraria renda local."
C0362,neighborhood,São Conrado,"São Conrado tem uma localização de tirar o fôlego, mas o transporte é precário. Dependemos de poucas linhas. Mobilidade de qualidade transformaria a rotina cansativa de quem mora aqui."
C0363,neighborhood,Gávea,"A Gávea tem trânsito que poderia ser aliviado com mais transporte coletivo eficiente. As pessoas usam carro por falta de opção. Investir no ônibus reduziria o congestionamento crônico do bairro."
C0364,neighborhood,Leblon,"O Leblon precisa de mais médicos no posto de saúde, a espera é grande. Quem depende do SUS sofre. Saúde pública digna exige investimento e valorização dos profissionais da área."
C0365,neighborhood,Parque da Cidade,"O Parque da Cidade poderia ter projetos de reflorestamento com a comunidade. Plantar árvores une e educa. Recuperar áreas degradadas é dever de todos para com as próximas gerações."
C0366,neighborhood,Rocinha,"A Rocinha tem comerciantes que sustentam o bairro, mas enfrentam apagões frequentes. A energia instável prejudica os negócios. Infraestrutura confiável é essencial para a economia da comunidade."
C0367,neighborhood,Ipanema,"Ipanema precisa de gestão do turismo para que ele não prejudique o morador. O excesso gera lixo e barulho. Turismo planejado beneficia a todos, o descontrolado só traz prejuízo."
C0368,neighborhood,Vidigal,"O Vidigal tem uma vista linda que atrai turistas, mas a comunidade não vê retorno disso. A renda fica com os de fora. Projetos de turismo comunitário mudariam essa realidade injusta."
C0369,neighborhood,São Conrado,"São Conrado tem desigualdade que se reflete na educação das crianças. Umas têm tudo, outras quase nada. Educação igualitária é o caminho para romper esse ciclo de injustiça social."
C0370,neighborhood,Gávea,"A Gávea tem áreas verdes que precisam ser preservadas do avanço dos prédios. Cada árvore importa. Meio ambiente urbano de qualidade beneficia a saúde e o clima de todos no bairro."
C0371,neighborhood,Leblon,"O Leblon poderia ter mais eventos de rua que aproximassem os moradores. A vida de bairro está se perdendo. Cultura e convivência nas praças fortaleceriam os laços da comunidade."
C0372,neighborhood,Parque da Cidade,"O Parque da Cidade poderia ter ações de educação ambiental para combater o descarte irregular. O lixo na mata é triste. Conscientizar os visitantes protegeria esse patrimônio natural valioso."
C0373,neighborhood,Rocinha,"A Rocinha tem uma população jovem que sonha com faculdade. Falta orientação e acesso a bolsas. Informar e apoiar esses jovens é abrir as portas da universidade para a favela."
C0374,neighborhood,Ipanema,"Ipanema precisa de melhor sinalização e organização do trânsito de patinetes. Eles andam na calçada e na ciclovia. Regras claras evitariam acidentes e tornariam a mobilidade mais segura."
C0375,neighborhood,Vidigal,"O Vidigal tem famílias morando em áreas de risco que precisam de moradia segura. As encostas ameaçam desabar. Política habitacional digna protegeria a vida de muitos moradores."
C0376,neighborhood,São Conrado,"São Conrado tem praias e morros que poderiam ser polo de esporte e lazer. Falta estrutura e organização. Investir nesse potencial geraria saúde, renda e qualidade de vida para o bairro."
C0377,neighborhood,Gávea,"A Gávea tem comércio universitário que poderia ser mais inclusivo nos preços. O estudante pobre sofre. Mais concorrência e oferta justa beneficiariam toda a comunidade acadêmica do bairro."
C0378,neighborhood,Leblon,"O Leblon precisa de mais segurança nas ruas internas à noite, não só na orla. Os assaltos acontecem no caminho de casa. Iluminação e ronda dariam tranquilidade aos moradores."
C0379,neighborhood,Parque da Cidade,"O Parque da Cidade poderia abrigar uma escola de educação ambiental permanente. As crianças aprenderiam na prática. Formar consciência ecológica desde cedo transforma a relação com a natureza."
C0380,neighborhood,Rocinha,"A Rocinha precisa de saneamento de verdade, o esgoto a céu aberto adoece as crianças. A saúde sofre com isso. Investir em infraestrutura básica deveria ser a prioridade número um aqui."
C0381,neighborhood,Ipanema,"Ipanema tem uma identidade cultural ligada à música e à praia que merece ser celebrada. Faltam eventos que resgatem isso. Valorizar nossa cultura atrairia turismo e fortaleceria o orgulho local."
C0382,neighborhood,Vidigal,"O Vidigal tem jovens talentosos que precisam de espaço para se desenvolver. Faltam centros culturais e esportivos. Investir neles é construir um futuro melhor para toda a comunidade."
C0383,neighborhood,São Conrado,"São Conrado precisa de uma unidade de saúde de emergência mais próxima. Numa urgência, dependemos de longe. UPA no bairro salvaria vidas e daria segurança às famílias daqui."
C0384,neighborhood,Gávea,"A Gávea tem trânsito que sufoca o bairro nos horários de pico. O transporte público não resolve. Repensar a mobilidade com mais ônibus e ciclovias melhoraria a vida de todos."
C0385,neighborhood,Leblon,"O Leblon precisa de mais espaços públicos arborizados além da orla. As praças são poucas e lotadas. Mais verde no bairro melhoraria o clima e ofereceria lazer de qualidade às famílias."
C0386,neighborhood,Parque da Cidade,"O Parque da Cidade poderia ser um modelo de gestão ambiental para a cidade. A biodiversidade ali é rica. Cuidar bem desse espaço inspiraria a preservação em toda a região."
C0387,neighborhood,Rocinha,"A Rocinha tem uma economia local pulsante, mas falta apoio para formalizar os negócios. A burocracia trava tudo. Simplificar o acesso à formalização geraria renda e direitos para os trabalhadores."
C0388,neighborhood,Ipanema,"Ipanema precisa de coleta de lixo eficiente nos fins de semana, quando a orla lota. O acúmulo é vergonhoso. Limpeza adequada protege a saúde e a beleza da praia que é nosso cartão-postal."
C0389,neighborhood,Vidigal,"O Vidigal precisa de mais creches para que as mães possam trabalhar. A falta de vaga prende muitas em casa. Educação infantil pública mudaria a renda e a vida de tantas famílias."
C0390,neighborhood,São Conrado,"São Conrado tem belezas que poderiam render muito turismo, mas falta cuidado com o meio ambiente. O esgoto suja a praia. Sustentabilidade e turismo precisam caminhar juntos no bairro."
C0391,neighborhood,Gávea,"A Gávea tem patrimônio histórico que precisa de proteção e valorização. Os casarões antigos são memória viva. Preservar a arquitetura conta a história e fortalece a identidade do bairro."
C0392,neighborhood,Leblon,"O Leblon precisa de mais segurança de proximidade, com policiais que conhecem o bairro. Viatura de passagem não previne. Confiança entre moradores e polícia melhora a segurança de todos."
C0393,neighborhood,Parque da Cidade,"O Parque da Cidade poderia oferecer atividades culturais para os idosos do entorno. Eles ficam muito isolados. Lazer e convivência melhoram a saúde física e emocional da terceira idade."
C0394,neighborhood,Rocinha,"A Rocinha tem uma demanda enorme por saúde, e o atendimento não acompanha. As filas são imensas. Ampliar a rede de postos é urgente para garantir o direito básico à saúde."
C0395,neighborhood,Ipanema,"Ipanema tem uma orla que poderia ter mais sombra e estrutura no calçadão. O calor afasta as pessoas no verão. Pequenas melhorias tornariam a praia mais acolhedora para todos."
C0396,neighborhood,Vidigal,"O Vidigal precisa de transporte público oficial que suba o morro. Hoje dependemos de van e moto caras. Mobilidade digna até o alto seria uma conquista enorme para a comunidade."
C0397,neighborhood,São Conrado,"São Conrado tem uma comunidade que quer participar das decisões do bairro. Mas nunca é consultada. Participação cidadã real traria soluções mais justas e adequadas à nossa realidade."
C0398,neighborhood,Gávea,"A Gávea tem o Planetário e o IMS, dois polos culturais que poderiam atrair mais visitantes. Falta divulgação integrada. Conectar a oferta cultural geraria valor e movimento para o bairro."
C0399,neighborhood,Leblon,"O Leblon precisa de mais ações ambientais, como reciclagem efetiva e arborização. O bairro pode ser modelo. Sustentabilidade urbana melhora o clima e a qualidade de vida de todos nós."
C0400,neighborhood,Parque da Cidade,"O Parque da Cidade poderia receber feiras culturais e gastronômicas aos domingos. Geraria renda e lazer. Ativar o espaço com cultura aproximaria as famílias e valorizaria o patrimônio do bairro."
C0401,neighborhood,Rocinha,"Trabalho de segunda a sábado e o ônibus da Rocinha vive quebrando no meio da Estrada da Gávea. Já cheguei a empurrar coletivo com outros passageiros. Não dá mais para depender de uma frota tão velha."
C0402,neighborhood,Ipanema,"Vejo cada vez mais pessoas dormindo nas ruas de Ipanema sem nenhum amparo. A cidade rica esconde uma miséria enorme. Precisamos de políticas sociais que acolham, não que apenas expulsem."
C0403,neighborhood,Gávea,"A reforma da rede de água na Gávea deixou minha rua interditada por meses. O serviço foi mal feito e já vaza de novo. Obra pública precisa de fiscalização para não ser dinheiro jogado fora."
C0404,neighborhood,São Conrado,"As crianças de São Conrado não têm uma biblioteca pública perto. O hábito de ler se forma cedo e falta esse incentivo. Uma biblioteca de bairro mudaria o futuro de muitos jovens daqui."
C0405,neighborhood,Vidigal,"No Vidigal a gente se ajuda, mas falta um posto de saúde que funcione 24 horas. De madrugada não há para onde correr. Atendimento contínuo é questão de vida ou morte no morro."
C0406,neighborhood,Leblon,"O Leblon tem muitos prédios fechados e vazios enquanto falta moradia para quem trabalha aqui. É um absurdo social. Tributar imóvel ocioso poderia incentivar o uso e baixar o custo da habitação."
C0407,neighborhood,Parque da Cidade,"Levei minha turma de alunos ao Parque da Cidade e foi uma aula viva de natureza. Mas faltam monitores e material educativo. Investir em educação ambiental no parque formaria cidadãos melhores."
C0408,neighborhood,Rocinha,"A Rocinha tem grupos de teatro comunitário que emocionam, fiz parte de um deles. Mas vivem sem patrocínio nenhum. Apoiar a cultura da favela é apostar na transformação de muitas vidas jovens."
C0409,neighborhood,Ipanema,"As obras na orla de Ipanema arrastam-se há meses e o canteiro tomou o calçadão. Os pedestres disputam espaço com tapumes. Quando a prefeitura começa algo, deveria concluir em prazo razoável."
C0410,neighborhood,São Conrado,"Sou pescador e o esgoto que desce para o mar de São Conrado acabou com o peixe. Perdi minha fonte de renda. O descaso com o saneamento destrói o sustento de famílias inteiras."
C0411,neighborhood,Gávea,"A Gávea tem uma população idosa grande e poucas calçadas acessíveis. Minha vó tem medo de cair nos buracos. Cidade que respeita o idoso cuida da calçada, do banco e da travessia segura."
C0412,neighborhood,Vidigal,"O Vidigal tem energia que cai toda vez que chove forte. A comida estraga na geladeira e a gente perde dinheiro. A rede elétrica do morro precisa de investimento sério e urgente."
C0413,neighborhood,Leblon,"O Leblon tem ciclovia boa, mas falta conectá-la com Ipanema e a Lagoa sem interrupção. A gente desce da bike e empurra. Uma malha cicloviária contínua incentivaria muito mais pessoas a pedalar."
C0414,neighborhood,Parque da Cidade,"O Parque da Cidade poderia abrigar um viveiro de mudas para distribuição gratuita. Plantar árvores no bairro ficaria mais fácil. Iniciativas verdes assim melhoram o clima e unem a comunidade."
C0415,neighborhood,Rocinha,"Na Rocinha falta sinalização e nome de rua, o que dificulta até chamar ambulância. Já vi socorro se perder no labirinto. Endereçamento oficial é uma questão de cidadania e de segurança."
C0416,neighborhood,Ipanema,"O comércio formal de Ipanema reclama, mas os ambulantes também precisam comer. Falta uma solução que respeite os dois lados. Organizar o uso do espaço público sem criminalizar seria o ideal."
C0417,neighborhood,São Conrado,"São Conrado tem um potencial enorme para esportes de aventura com o morro e o mar. Faltam guias e estrutura legalizada. Turismo de aventura bem feito geraria muito emprego para os jovens."
C0418,neighborhood,Gávea,"A Gávea perdeu o cinema de rua que era ponto de encontro de gerações. Hoje só tem shopping caro. Sinto falta de espaços culturais de bairro que reuniam as famílias com simplicidade."
C0419,neighborhood,Vidigal,"O Vidigal precisa de mais quadras e projetos esportivos para a juventude. O futebol tira muitos do mau caminho. Esporte na comunidade é saúde, educação e prevenção, tudo ao mesmo tempo."
C0420,neighborhood,Leblon,"O Leblon vive um envelhecimento da população e faltam serviços voltados aos idosos. Não há centro de convivência público. Pensar a cidade para quem envelhece é um dever que estamos ignorando."
C0421,neighborhood,Parque da Cidade,"O Parque da Cidade poderia ter painéis solares e ser exemplo de sustentabilidade. A energia limpa inspiraria a cidade. Espaços públicos verdes deveriam liderar pelo exemplo na questão ambiental."
C0422,neighborhood,Rocinha,"A Rocinha tem uma fila de espera enorme por consulta com especialista. Esperei meses por um cardiologista. A saúde pública precisa de mais médicos e equipamentos para atender essa população imensa."
C0423,neighborhood,Ipanema,"Ipanema poderia investir em telhados verdes e jardins verticais nos prédios. O calor extremo pede soluções criativas. Cidades pelo mundo usam isso para amenizar a temperatura e poluição do ar."
C0424,neighborhood,São Conrado,"São Conrado tem famílias que vivem sem coleta de lixo regular nas partes do morro. O acúmulo atrai doença. Limpeza urbana digna deveria chegar igualmente a toda a população do bairro."
C0425,neighborhood,Gávea,"A Gávea tem trânsito complicado, mas poderia ganhar um sistema de bicicletas compartilhadas robusto. Reduziria carros e poluição. Mobilidade ativa precisa de incentivo e infraestrutura segura para funcionar."
C0426,neighborhood,Vidigal,"O Vidigal tem mulheres que sustentam a casa e precisam de apoio contra a violência doméstica. Faltam serviços no morro. Um centro de acolhimento da mulher na comunidade salvaria muitas vidas."
C0427,neighborhood,Leblon,"O Leblon precisa de mais transparência sobre o destino do lixo que separamos. Será que reciclam mesmo? Sem confiança e informação, o esforço da população em separar acaba desanimando todos."
C0428,neighborhood,Parque da Cidade,"O Parque da Cidade poderia ter um programa de adoção de árvores pelos moradores. Cada um cuidaria da sua. Esse vínculo aumentaria a preservação e o senso de pertencimento ao espaço."
C0429,neighborhood,Rocinha,"A Rocinha tem jovens que largam a escola para trabalhar e ajudar em casa. A evasão escolar é alta. Bolsas e apoio à permanência manteriam esses jovens estudando e mudariam seu futuro."
C0430,neighborhood,Ipanema,"Ipanema tem uma orla maravilhosa, mas a falta de policiamento de madrugada assusta. Já presenciei roubo no calçadão. Segurança contínua, não só no verão, daria tranquilidade a quem mora aqui."
C0431,neighborhood,São Conrado,"São Conrado precisa de mais opções culturais, hoje quase tudo acontece em outros bairros. A juventude fica sem lazer. Um centro cultural traria arte, identidade e ocupação saudável para os jovens."
C0432,neighborhood,Gávea,"A Gávea tem o desafio do trânsito gerado pela PUC e pelo Jóquei juntos. Em dias de evento, fica impraticável. Planejamento integrado de mobilidade aliviaria a vida de quem mora por aqui."
C0433,neighborhood,Vidigal,"O Vidigal tem casas construídas sem orientação técnica, o que gera risco nas encostas. Falta assistência de engenharia gratuita. Apoio técnico à autoconstrução salvaria vidas e moradias na comunidade."
C0434,neighborhood,Leblon,"O Leblon precisa de mais bebedouros públicos e chuveiros funcionando na orla. No verão é essencial. Estrutura básica bem mantida faz toda a diferença para quem frequenta a praia diariamente."
C0435,neighborhood,Parque da Cidade,"O Parque da Cidade poderia ter trilhas noturnas guiadas para observação de animais. Seria uma atração única. Ecoturismo responsável geraria renda e aproximaria as pessoas da natureza preservada."
C0436,neighborhood,Rocinha,"A Rocinha tem comerciantes criativos que inovam todo dia, mesmo sem apoio. Imagina com crédito e capacitação. Investir nesses empreendedores fortaleceria a economia de toda a comunidade da favela."
C0437,neighborhood,Ipanema,"Ipanema sofre com alagamentos rápidos em chuvas fortes, as bocas de lobo entopem. A água sobe em minutos. Limpeza e ampliação da drenagem evitariam prejuízos a comércios e moradores."
C0438,neighborhood,São Conrado,"São Conrado tem a praia do voo livre que é única no Brasil. Mas falta sinalização turística e apoio. Estruturar essa atração geraria renda e colocaria o bairro no mapa do turismo."
C0439,neighborhood,Gávea,"A Gávea tem a beleza do verde da Floresta, mas o lixo jogado nas trilhas é triste de ver. Falta educação e fiscalização. Preservar a natureza exige conscientização e cuidado de todos nós."
C0440,neighborhood,Vidigal,"O Vidigal precisa de coleta de lixo que alcance o alto do morro. O caminhão só vai até embaixo. A gente carrega sacos na mão por escadas, é desumano e perigoso para a saúde."
C0441,neighborhood,Leblon,"O Leblon tem boa segurança no geral, mas as ruas atrás da orla são mal iluminadas. Volto do trabalho com medo. Iluminação pública adequada é prevenção barata e eficaz contra o crime."
C0442,neighborhood,Parque da Cidade,"O Parque da Cidade poderia abrigar oficinas de compostagem para os moradores aprenderem. O lixo orgânico vira adubo. Educação ambiental prática reduz resíduos e ensina sustentabilidade de verdade."
C0443,neighborhood,Rocinha,"A Rocinha tem crianças com muito potencial, mas as escolas são lotadas e carentes de tudo. Faltam livros e professores. Educação de qualidade é o investimento mais importante para o futuro daqui."
C0444,neighborhood,Ipanema,"Ipanema é palco de eventos enormes, mas o morador sofre com o caos depois. Lixo, barulho e trânsito ficam. Os grandes eventos deveriam financiar a limpeza e a estrutura que consomem."
C0445,neighborhood,São Conrado,"São Conrado tem famílias que esperam anos por moradia digna. As condições no morro são precárias. Política habitacional séria daria segurança e dignidade a quem mais precisa no bairro."
C0446,neighborhood,Gávea,"A Gávea tem uma vida noturna ligada à PUC, mas o transporte para os estudantes acaba cedo. Voltar para casa de madrugada é difícil. Transporte noturno seguro é uma necessidade da comunidade."
C0447,neighborhood,Vidigal,"O Vidigal tem talentos na gastronomia que poderiam atrair turismo. Faltam cozinhas regularizadas e apoio. Valorizar a culinária local geraria renda e colocaria a comunidade no roteiro gastronômico."
C0448,neighborhood,Leblon,"O Leblon precisa pensar melhor o uso das praças, hoje dominadas por academias particulares ao ar livre. O espaço público está sendo privatizado. As praças deveriam ser de todos, sem cercas."
C0449,neighborhood,Parque da Cidade,"O Parque da Cidade poderia ter uma agenda fixa de atividades para crianças nas férias. As famílias precisam de opção. Lazer gratuito de qualidade é um direito que melhora a vida de todos."
C0450,neighborhood,Rocinha,"A Rocinha tem uma rede de apoio entre vizinhos que impressiona. Mas o poder público ignora essas redes. Reconhecer e fortalecer a participação cidadã traria soluções pensadas por quem vive aqui."
C0451,neighborhood,Ipanema,"Ipanema tem trânsito intenso e poucos espaços de descanso arborizados. As pessoas precisam de sombra e banco. Tornar o bairro mais humano e verde melhoraria a vida de quem passa por aqui."
C0452,neighborhood,São Conrado,"São Conrado precisa de mais médicos na unidade de saúde local. A demanda cresce e o atendimento não. Saúde de qualidade perto de casa é um direito que ainda não temos garantido."
C0453,neighborhood,Gávea,"A Gávea tem patrimônio histórico que poderia render roteiros turísticos culturais. Faltam sinalização e divulgação. Valorizar a memória do bairro atrairia visitantes e geraria renda para o comércio local."
C0454,neighborhood,Vidigal,"O Vidigal precisa de segurança que respeite os moradores. As operações violentas deixam marcas nas crianças. Queremos políticas de paz que tratem a favela com a dignidade que ela merece."
C0455,neighborhood,Leblon,"O Leblon tem ótima qualidade de vida, mas falta empatia com quem trabalha aqui e mora longe. O transporte de volta é precário. Pensar na mobilidade do trabalhador é uma questão de justiça."
C0456,neighborhood,Parque da Cidade,"O Parque da Cidade poderia ter um programa de visitas guiadas para terceira idade. Os idosos amariam. Lazer e cultura na natureza melhoram a saúde física e mental de quem mais precisa."
C0457,neighborhood,Rocinha,"A Rocinha tem demanda enorme por cursos de informática e idiomas. A juventude quer se qualificar. Educação técnica gratuita abriria portas no mercado e reduziria o desemprego entre os jovens."
C0458,neighborhood,Ipanema,"Ipanema tem fama de paraíso, mas a desigualdade aparece nos sinais de trânsito com vendedores e pedintes. Falta uma rede de proteção social. Ninguém deveria viver na rua numa cidade tão rica."
C0459,neighborhood,São Conrado,"São Conrado tem belas paisagens, mas o lixo nas encostas estraga tudo. Falta coleta e conscientização. Cuidar do meio ambiente é proteger o que torna este lugar especial para todos."
C0460,neighborhood,Gávea,"A Gávea tem trânsito que poderia melhorar com mais transporte sobre trilhos chegando ao bairro. Hoje é só ônibus e carro. Investir em mobilidade de massa reduziria congestionamento e poluição."
C0461,neighborhood,Vidigal,"O Vidigal precisa de mais creches para que as mães possam trabalhar tranquilas. A falta de vaga prende muitas. Educação infantil de qualidade liberta as famílias e protege as crianças."
C0462,neighborhood,Leblon,"O Leblon precisa de mais ações para reduzir o desperdício de água nos prédios. As piscinas e jardins consomem muito. Consumo consciente deveria ser incentivado, ainda mais em tempos de seca."
C0463,neighborhood,Parque da Cidade,"O Parque da Cidade tem potencial para um centro de ciências ao ar livre. As crianças aprenderiam brincando. Educação científica acessível desperta vocações e transforma o futuro de muitos jovens."
C0464,neighborhood,Rocinha,"A Rocinha tem cultura que pulsa, do baile ao artesanato. Mas falta um espaço cultural digno. Investir em equipamentos culturais valorizaria os talentos e daria orgulho à comunidade."
C0465,neighborhood,Ipanema,"Ipanema poderia ter mais hortas urbanas em terrenos e telhados ociosos. Produzir alimento na cidade é o futuro. Sustentabilidade urbana começa com iniciativas simples que unem os vizinhos."
C0466,neighborhood,São Conrado,"São Conrado precisa de transporte público mais frequente e acessível. Hoje dependemos de poucas linhas lotadas. Mobilidade de qualidade é a chave para integrar o bairro ao resto da cidade."
C0467,neighborhood,Gávea,"A Gávea tem comércio cultural que enfrenta aluguéis impossíveis. Livrarias e cafés estão fechando. Apoiar a economia criativa preservaria a alma e a vocação cultural histórica do bairro."
C0468,neighborhood,Vidigal,"O Vidigal precisa de mais médicos e melhor estrutura no posto de saúde. A população cresceu muito. Atendimento digno e próximo é fundamental para a saúde de toda a comunidade do morro."
C0469,neighborhood,Leblon,"O Leblon tem boa oferta privada de tudo, mas a desigualdade com os bairros vizinhos é gritante. Recursos deveriam ser melhor distribuídos. Justiça urbana significa serviços de qualidade para todos."
C0470,neighborhood,Parque da Cidade,"O Parque da Cidade poderia receber um festival de música anual ao ar livre. Geraria turismo e renda. Cultura no espaço público aproxima as pessoas e valoriza o patrimônio do bairro."
C0471,neighborhood,Rocinha,"A Rocinha precisa de segurança que não trate o morador como inimigo. As crianças têm medo. Políticas de paz e cidadania reduziriam a violência muito mais que a repressão constante."
C0472,neighborhood,Ipanema,"Ipanema tem uma orla linda, mas a falta de acessibilidade exclui idosos e cadeirantes da areia. Faltam esteiras e rampas. Praia para todos é uma questão de direito e de dignidade humana."
C0473,neighborhood,São Conrado,"São Conrado tem desigualdade educacional que perpetua a pobreza. As escolas públicas precisam de investimento. Educação de qualidade é o caminho mais seguro para romper esse ciclo histórico."
C0474,neighborhood,Gávea,"A Gávea tem áreas verdes preciosas ameaçadas pela construção desenfreada. Cada árvore derrubada faz falta. Planejamento urbano que respeite o meio ambiente protegeria a qualidade de vida do bairro."
C0475,neighborhood,Vidigal,"O Vidigal tem jovens cheios de sonhos e pouca oportunidade de emprego perto de casa. Eles merecem chance. Parcerias com empresas e cursos profissionalizantes mudariam a vida dessa juventude."
C0476,neighborhood,Leblon,"O Leblon precisa de mais médicos e menos burocracia no posto de saúde público. A espera desanima qualquer um. Saúde acessível e ágil é um direito de todos, não privilégio de quem paga plano."
C0477,neighborhood,Parque da Cidade,"O Parque da Cidade poderia ser cenário de atividades de educação ambiental para escolas de toda a cidade. O potencial é enorme. Aproveitar esse espaço formaria gerações conscientes e responsáveis."
C0478,neighborhood,Rocinha,"A Rocinha tem comércio que sustenta milhares, mas falta infraestrutura básica para esses negócios. A energia oscila e a água falta. Serviços confiáveis impulsionariam a economia de toda a favela."
C0479,neighborhood,Ipanema,"Ipanema poderia ter mais eventos culturais gratuitos na praia e nas praças. A cultura aproxima as pessoas. Investir em arte acessível valoriza a identidade carioca e movimenta o bairro de forma saudável."
C0480,neighborhood,São Conrado,"São Conrado tem uma praia que poderia gerar muito mais turismo com estrutura adequada. Faltam banheiros e segurança. Investir na orla criaria emprego e renda para a comunidade local."
C0481,neighborhood,Gávea,"A Gávea tem trânsito que sufoca e poucas alternativas seguras de bicicleta. Andar a pé também é arriscado. Cidades caminháveis e cicláveis são mais saudáveis, econômicas e agradáveis para se viver."
C0482,neighborhood,Vidigal,"O Vidigal precisa de obras de contenção de encostas antes da próxima temporada de chuvas. As casas correm risco. Moradia segura é o mínimo que se deve garantir a qualquer cidadão."
C0483,neighborhood,Leblon,"O Leblon tem boa coleta, mas falta um programa sério de reciclagem com retorno para a comunidade. O esforço de separar precisa valer a pena. Economia circular geraria renda e reduziria o lixo."
C0484,neighborhood,Parque da Cidade,"O Parque da Cidade poderia ter um espaço de leitura ao ar livre para incentivar a cultura. Ler na natureza é especial. Bibliotecas abertas democratizam o acesso ao conhecimento e ao lazer."
C0485,neighborhood,Rocinha,"A Rocinha tem uma juventude talentosa no esporte que merece oportunidade. Faltam quadras e treinadores. Investir no esporte revelaria atletas e afastaria os jovens de caminhos perigosos."
C0486,neighborhood,Ipanema,"Ipanema sofre com a poluição que chega ao mar pelas galerias após a chuva. A praia fica imprópria. Despoluir as águas é proteger a saúde e o lazer de toda a população carioca."
C0487,neighborhood,São Conrado,"São Conrado precisa de mais participação dos moradores nas decisões públicas. As obras chegam sem aviso. Ouvir a comunidade traria soluções mais justas e adequadas aos problemas reais do bairro."
C0488,neighborhood,Gávea,"A Gávea tem o Planetário, que poderia ser um polo de educação científica para toda a cidade. Falta investimento e divulgação. Aproximar a ciência das crianças muda o futuro de uma geração."
C0489,neighborhood,Vidigal,"O Vidigal precisa de saneamento que impeça o esgoto de correr pelas escadarias. O cheiro e a doença assustam. Infraestrutura sanitária digna é direito básico de toda a comunidade do morro."
C0490,neighborhood,Leblon,"O Leblon precisa de mais espaços culturais públicos, hoje quase tudo é pago. A cultura deveria ser para todos. Teatro e música gratuitos democratizariam a arte e enriqueceriam a vida do bairro."
C0491,neighborhood,Parque da Cidade,"O Parque da Cidade poderia ter um programa de monitoria ambiental com jovens da região. Geraria emprego e cuidado. Unir educação, trabalho e preservação seria um modelo virtuoso para a cidade."
C0492,neighborhood,Rocinha,"A Rocinha tem uma demanda enorme por moradia segura. Muitas famílias vivem em risco nas encostas. Política habitacional digna garantiria o direito básico a um teto seguro para todos."
C0493,neighborhood,Ipanema,"Ipanema tem uma orla cobiçada, mas o trânsito de carros e o estacionamento caótico afastam pedestres. Faltam zonas exclusivas para caminhar. Priorizar as pessoas tornaria o bairro mais agradável."
C0494,neighborhood,São Conrado,"São Conrado tem belezas naturais que poderiam virar polo de ecoturismo. As trilhas para o morro são incríveis. Estruturar isso com guias locais geraria renda sustentável para a comunidade."
C0495,neighborhood,Gávea,"A Gávea tem comunidade universitária ativa que poderia colaborar com projetos sociais nos bairros vizinhos. O conhecimento precisa circular. Universidade e comunidade juntas transformam realidades de verdade."
C0496,neighborhood,Vidigal,"O Vidigal precisa de mais segurança que dialogue, não que reprima. As crianças crescem com medo. Confiança entre moradores e a polícia previne a violência melhor que qualquer operação armada."
C0497,neighborhood,Leblon,"O Leblon tem ótima estrutura, mas falta cuidado com a poluição sonora dos bares à noite. Os moradores não dormem. Equilíbrio entre lazer e descanso é uma questão de respeito mútuo."
C0498,neighborhood,Parque da Cidade,"O Parque da Cidade poderia oferecer aulas de educação física gratuitas para a comunidade. O espaço é ideal. Atividade ao ar livre melhora a saúde e cria laços entre os moradores do entorno."
C0499,neighborhood,Rocinha,"A Rocinha tem uma economia criativa que move o bairro, do funk à moda. Falta apoio para crescer. Conectar esses talentos a oportunidades formais geraria renda e reconhecimento para a favela."
C0500,neighborhood,Ipanema,"Ipanema precisa de coleta seletiva eficiente, hoje todo material vai junto. O esforço de separar é perdido. Reciclagem de verdade reduziria o lixo que acaba poluindo o nosso mar."
C0501,neighborhood,São Conrado,"São Conrado tem uma comunidade jovem que precisa de oportunidades de cultura e esporte. A ociosidade é risco. Projetos sociais ocupariam esses jovens de forma positiva e transformadora."
C0502,neighborhood,Gávea,"A Gávea tem o desafio de preservar seu caráter histórico diante da especulação. Os casarões somem aos poucos. Tombamento e planejamento manteriam viva a identidade arquitetônica do bairro."
C0503,neighborhood,Vidigal,"O Vidigal tem uma vista deslumbrante que atrai turistas, mas o morador não desfruta dela. Falta um espaço público. Mirantes comunitários devolveriam à comunidade o que naturalmente é dela."
C0504,neighborhood,Leblon,"O Leblon precisa de mais médicos especialistas na rede pública. A espera por consulta é absurda. Saúde de qualidade e ágil deveria ser garantida a todos, independentemente da renda."
C0505,neighborhood,Parque da Cidade,"O Parque da Cidade poderia ter uma trilha sensorial para pessoas com deficiência visual. Inclusão na natureza é poderosa. Pensar no acesso de todos torna o espaço verdadeiramente público."
C0506,neighborhood,Rocinha,"A Rocinha tem crianças que precisam de mais creches e escolas em tempo integral. A ociosidade traz riscos. Educação que ocupa o dia protege os jovens e melhora o aprendizado de todos."
C0507,neighborhood,Ipanema,"Ipanema tem trânsito pesado e poucas opções de mobilidade limpa. As ciclovias precisam de expansão. Investir em transporte ativo reduziria a poluição e melhoraria a saúde dos moradores."
C0508,neighborhood,São Conrado,"São Conrado tem saneamento precário que polui a praia e adoece as pessoas. O esgoto desce do morro. Infraestrutura sanitária é urgente para proteger a saúde e o turismo da região."
C0509,neighborhood,Gávea,"A Gávea tem trânsito que pede semáforos inteligentes e melhor sinalização. O engarrafamento é diário. Tecnologia aplicada à mobilidade reduziria o estresse de quem circula pelo bairro todos os dias."
C0510,neighborhood,Vidigal,"O Vidigal tem artistas que pintam a favela com cores e esperança. Mas falta apoio e visibilidade. Valorizar a arte comunitária gera renda, orgulho e atrai um turismo respeitoso ao morro."
C0511,neighborhood,Leblon,"O Leblon tem boa qualidade de vida, mas falta convívio comunitário entre os moradores. Cada um vive isolado. Atividades nas praças reaproximariam as pessoas e fortaleceriam o senso de bairro."
C0512,neighborhood,Parque da Cidade,"O Parque da Cidade poderia ter feiras de produtos orgânicos de pequenos produtores. Geraria renda e saúde. Aproximar o campo da cidade beneficia o consumidor e o agricultor familiar."
C0513,neighborhood,Rocinha,"A Rocinha precisa de mais postos de saúde e médicos para atender sua população imensa. As filas são longas. Ampliar a rede de atendimento é urgente para garantir o direito à saúde de todos."
C0514,neighborhood,Ipanema,"Ipanema tem identidade cultural forte ligada à música e à praia. Faltam eventos que celebrem essa história. Valorizar nossa cultura atrairia turismo e fortaleceria o orgulho dos moradores."
C0515,neighborhood,São Conrado,"São Conrado precisa de mais segurança nas paradas de ônibus à noite. Esperar transporte ali é arriscado. Iluminação e ronda dariam tranquilidade a quem depende do coletivo para trabalhar."
C0516,neighborhood,Gávea,"A Gávea tem a Floresta da Tijuca como vizinha preciosa. As trilhas precisam de manutenção e segurança. Ecoturismo bem cuidado protegeria a mata e geraria renda e lazer para a comunidade."
C0517,neighborhood,Vidigal,"O Vidigal precisa de mais oportunidades de qualificação profissional para os jovens. Eles querem trabalhar. Cursos técnicos gratuitos abririam portas no mercado e reduziriam o desemprego no morro."
C0518,neighborhood,Leblon,"O Leblon poderia liderar pelo exemplo na sustentabilidade urbana com reciclagem e arborização. O bairro tem recursos. Investir em meio ambiente melhora o clima e a qualidade de vida de todos."
C0519,neighborhood,Parque da Cidade,"O Parque da Cidade tem potencial educativo que está sendo desperdiçado. Faltam monitores e programas. Aproveitar a biodiversidade local formaria cidadãos conscientes do valor do meio ambiente."
C0520,neighborhood,Rocinha,"A Rocinha tem talentos no esporte que poderiam brilhar com apoio. Faltam quadras e treinamento. Investir no esporte revelaria atletas e ofereceria um caminho saudável para a juventude."
C0521,neighborhood,Ipanema,"Ipanema precisa de mais lixeiras e coleta reforçada na orla nos fins de semana. O lixo se acumula. Limpeza adequada protege a saúde pública e a beleza da praia que é nosso cartão-postal."
C0522,neighborhood,São Conrado,"São Conrado tem uma desigualdade que se vê de uma esquina para outra. Mansões e barracos lado a lado. Políticas de integração e redistribuição são moralmente necessárias neste bairro."
C0523,neighborhood,Gávea,"A Gávea tem comércio cultural valioso que sofre com custos altos. Cafés e livrarias fecham as portas. Apoiar a economia criativa preservaria a vocação cultural histórica do bairro."
C0524,neighborhood,Vidigal,"O Vidigal precisa de transporte público oficial que suba o morro com segurança e preço justo. Hoje é van e moto caras. Mobilidade digna transformaria a rotina de quem trabalha longe."
C0525,neighborhood,Leblon,"O Leblon tem boa segurança, mas os furtos na praia incomodam moradores e turistas. Já perdi meu celular ali. Policiamento de proximidade na orla resolveria boa parte desses casos."
C0526,neighborhood,Parque da Cidade,"O Parque da Cidade poderia receber projetos de inclusão para jovens em vulnerabilidade. O espaço comporta muito. Cultura e esporte mudam vidas e afastam os jovens dos riscos da rua."
C0527,neighborhood,Rocinha,"A Rocinha tem mães empreendedoras que precisam de creche para poder trabalhar. A falta de vaga as prende. Educação infantil pública liberta as famílias e impulsiona a renda na comunidade."
C0528,neighborhood,Ipanema,"Ipanema tem uma orla bonita, mas falta sombra e estrutura no calçadão. O calor afasta as pessoas. Arborizar e estruturar a orla tornaria a praia mais acolhedora para todos os frequentadores."
C0529,neighborhood,São Conrado,"São Conrado precisa de uma unidade de saúde de emergência mais perto. Numa urgência, dependemos de longe. UPA no bairro salvaria vidas e daria segurança às famílias locais."
C0530,neighborhood,Gávea,"A Gávea tem trânsito intenso que poderia melhorar com mais transporte coletivo de qualidade. As pessoas usam carro por falta de opção. Investir no ônibus reduziria o congestionamento crônico."
C0531,neighborhood,Vidigal,"O Vidigal tem famílias que sonham com moradia digna e segura. As condições nas encostas são precárias. Política habitacional séria daria dignidade a quem mais precisa na comunidade."
C0532,neighborhood,Leblon,"O Leblon precisa de mais espaços de lazer gratuitos para crianças além da praia. Faltam praças com brinquedos. Áreas públicas infantis bem cuidadas fazem falta para as famílias do bairro."
C0533,neighborhood,Parque da Cidade,"O Parque da Cidade poderia ter ações de saúde preventiva, como vacinação e exames simples. Aproximar a saúde do lazer é inteligente. Cuidar das pessoas onde elas estão é mais eficaz."
C0534,neighborhood,Rocinha,"A Rocinha tem uma juventude que quer estudar, mas falta apoio e bolsas para a faculdade. O sonho parece distante. Informar e apoiar esses jovens abriria as portas da universidade para a favela."
C0535,neighborhood,Ipanema,"Ipanema tem turismo forte, mas falta organização do fluxo de visitantes. O excesso gera lixo e barulho. Turismo planejado beneficia o bairro, o descontrolado só prejudica os moradores."
C0536,neighborhood,São Conrado,"São Conrado tem belezas naturais que merecem proteção ambiental. O lixo nas encostas é triste. Cuidar do meio ambiente é proteger o que torna este lugar especial para todos."
C0537,neighborhood,Gávea,"A Gávea tem patrimônio cultural que poderia render roteiros turísticos. Falta sinalização e divulgação. Valorizar a história do bairro atrairia visitantes e geraria renda para o comércio local."
C0538,neighborhood,Vidigal,"O Vidigal precisa de mais médicos e melhor estrutura no posto de saúde. A população cresceu muito. Atendimento digno e próximo é fundamental para a saúde de toda a comunidade."
C0539,neighborhood,Leblon,"O Leblon tem boa estrutura, mas falta participação dos moradores nas decisões locais. As mudanças chegam prontas. Conselhos comunitários ativos dariam voz a quem vive o bairro diariamente."
C0540,neighborhood,Parque da Cidade,"O Parque da Cidade poderia ter um circuito de corrida demarcado e iluminado. Muita gente treina sem estrutura. Incentivar o esporte no parque melhoraria a saúde da população do entorno."
C0541,neighborhood,Rocinha,"A Rocinha tem comércio forte, mas falta crédito para os pequenos negócios crescerem. A burocracia trava tudo. Microcrédito acessível impulsionaria a economia e a renda das famílias da favela."
C0542,neighborhood,Ipanema,"Ipanema tem alagamentos rápidos quando chove forte. As bocas de lobo entopem de lixo. Limpeza e ampliação da drenagem evitariam prejuízos a comércios e moradores do bairro."
C0543,neighborhood,São Conrado,"São Conrado tem uma escola pública que precisa de reforma e mais professores. Os alunos merecem melhor. Investir em educação é a base para reduzir a desigualdade que marca o bairro."
C0544,neighborhood,Gávea,"A Gávea tem áreas verdes ameaçadas pela construção desenfreada. Cada árvore importa para o clima. Planejamento urbano que respeite o meio ambiente protegeria a qualidade de vida do bairro."
C0545,neighborhood,Vidigal,"O Vidigal precisa de coleta de lixo que alcance todas as casas, não só as de baixo. O lixo acumulado adoece. Limpeza urbana é direito de todos os moradores igualmente."
C0546,neighborhood,Leblon,"O Leblon tem boa segurança, mas as ruas internas à noite são mal iluminadas. Volto do trabalho com medo. Iluminação pública adequada é prevenção barata e eficaz contra o crime."
C0547,neighborhood,Parque da Cidade,"O Parque da Cidade poderia abrigar oficinas de compostagem para os moradores. O lixo orgânico vira adubo. Educação ambiental prática reduz resíduos e ensina sustentabilidade de verdade."
C0548,neighborhood,Rocinha,"A Rocinha tem crianças com muito potencial em escolas lotadas e carentes de tudo. Faltam livros e professores. Educação de qualidade é o investimento mais importante para o futuro daqui."
C0549,neighborhood,Ipanema,"Ipanema é palco de grandes eventos, mas o morador sofre depois com lixo e barulho. Os eventos deveriam financiar a limpeza e a estrutura que consomem. Justiça com quem mora aqui."
C0550,neighborhood,São Conrado,"São Conrado tem famílias que esperam anos por moradia digna. As condições no morro são precárias. Política habitacional séria daria segurança e dignidade a quem mais precisa no bairro."
C0551,neighborhood,Gávea,"A Gávea tem vida noturna universitária, mas o transporte para os estudantes acaba cedo. Voltar de madrugada é difícil. Transporte noturno seguro é uma necessidade real da comunidade acadêmica."
C0552,neighborhood,Vidigal,"O Vidigal tem talentos na gastronomia que poderiam atrair turismo. Faltam cozinhas regularizadas e apoio. Valorizar a culinária local geraria renda e colocaria a comunidade no roteiro gastronômico."
C0553,neighborhood,Leblon,"O Leblon precisa repensar o uso das praças, tomadas por academias particulares. O espaço público está sendo privatizado. As praças deveriam ser de todos, sem cercas nem exclusividade."
C0554,neighborhood,Parque da Cidade,"O Parque da Cidade poderia ter uma agenda fixa de atividades para crianças nas férias. As famílias precisam de opção. Lazer gratuito de qualidade melhora a vida de todos no bairro."
C0555,neighborhood,Rocinha,"A Rocinha tem uma rede de apoio entre vizinhos que impressiona. Mas o poder público ignora essas redes. Reconhecer a participação cidadã traria soluções pensadas por quem realmente vive aqui."
C0556,neighborhood,Ipanema,"Ipanema tem trânsito intenso e poucos espaços de descanso arborizados. As pessoas precisam de sombra. Tornar o bairro mais humano e verde melhoraria a vida de quem passa por aqui."
C0557,neighborhood,São Conrado,"São Conrado precisa de mais médicos na unidade de saúde local. A demanda cresce e o atendimento não. Saúde de qualidade perto de casa é um direito que ainda não temos garantido."
C0558,neighborhood,Gávea,"A Gávea tem patrimônio histórico que poderia render roteiros culturais. Faltam sinalização e divulgação. Valorizar a memória do bairro atrairia visitantes e geraria renda para o comércio local."
C0559,neighborhood,Vidigal,"O Vidigal precisa de segurança que respeite os moradores. As operações violentas marcam as crianças. Queremos políticas de paz que tratem a favela com a dignidade que ela merece."
C0560,neighborhood,Leblon,"O Leblon tem ótima qualidade de vida, mas falta empatia com quem trabalha aqui e mora longe. O transporte de volta é precário. Pensar na mobilidade do trabalhador é uma questão de justiça."
C0561,neighborhood,Parque da Cidade,"O Parque da Cidade poderia ter visitas guiadas para a terceira idade. Os idosos amariam. Lazer e cultura na natureza melhoram a saúde física e mental de quem mais precisa."
C0562,neighborhood,Rocinha,"A Rocinha tem demanda enorme por cursos de informática e idiomas. A juventude quer se qualificar. Educação técnica gratuita abriria portas no mercado e reduziria o desemprego entre os jovens."
C0563,neighborhood,Ipanema,"Ipanema tem fama de paraíso, mas a desigualdade aparece nos sinais com pedintes. Falta rede de proteção social. Ninguém deveria viver na rua numa cidade tão rica como a nossa."
C0564,neighborhood,São Conrado,"São Conrado tem belas paisagens, mas o lixo nas encostas estraga tudo. Falta coleta e conscientização. Cuidar do meio ambiente é proteger o que torna este lugar especial para todos."
C0565,neighborhood,Gávea,"A Gávea tem trânsito que melhoraria com transporte sobre trilhos chegando ao bairro. Hoje é só ônibus e carro. Investir em mobilidade de massa reduziria congestionamento e poluição do ar."
C0566,neighborhood,Vidigal,"O Vidigal precisa de mais creches para que as mães possam trabalhar tranquilas. A falta de vaga prende muitas. Educação infantil de qualidade liberta as famílias e protege as crianças."
C0567,neighborhood,Leblon,"O Leblon precisa de mais ações para reduzir o desperdício de água. Piscinas e jardins consomem muito. Consumo consciente deveria ser incentivado, ainda mais em tempos de escassez hídrica."
C0568,neighborhood,Parque da Cidade,"O Parque da Cidade tem potencial para um centro de ciências ao ar livre. As crianças aprenderiam brincando. Educação científica acessível desperta vocações e transforma o futuro de muitos jovens."
C0569,neighborhood,Rocinha,"A Rocinha tem cultura que pulsa, do baile ao artesanato. Mas falta um espaço cultural digno. Investir em equipamentos culturais valorizaria os talentos e daria orgulho à comunidade."
C0570,neighborhood,Ipanema,"Ipanema poderia ter mais hortas urbanas em terrenos ociosos. Produzir alimento na cidade é o futuro. Sustentabilidade urbana começa com iniciativas simples que unem os vizinhos do bairro."
C0571,neighborhood,São Conrado,"São Conrado precisa de transporte público mais frequente e acessível. Hoje dependemos de poucas linhas lotadas. Mobilidade de qualidade é a chave para integrar o bairro ao resto da cidade."
C0572,neighborhood,Gávea,"A Gávea tem comércio cultural que enfrenta aluguéis impossíveis. Livrarias e cafés estão fechando. Apoiar a economia criativa preservaria a alma e a vocação cultural histórica do bairro."
C0573,neighborhood,Vidigal,"O Vidigal precisa de mais médicos e melhor estrutura no posto de saúde. A população cresceu muito. Atendimento digno e próximo é fundamental para a saúde de toda a comunidade do morro."
C0574,neighborhood,Leblon,"O Leblon tem oferta privada de tudo, mas a desigualdade com os vizinhos é gritante. Recursos deveriam ser melhor distribuídos. Justiça urbana significa serviços de qualidade para todos."
C0575,neighborhood,Parque da Cidade,"O Parque da Cidade poderia receber um festival de música anual ao ar livre. Geraria turismo e renda. Cultura no espaço público aproxima as pessoas e valoriza o patrimônio do bairro."
C0576,neighborhood,Rocinha,"A Rocinha precisa de segurança que não trate o morador como inimigo. As crianças têm medo. Políticas de paz e cidadania reduziriam a violência muito mais que a repressão constante."
C0577,neighborhood,Ipanema,"Ipanema tem uma orla linda, mas a falta de acessibilidade exclui idosos e cadeirantes da areia. Faltam esteiras e rampas. Praia para todos é uma questão de direito e de dignidade humana."
C0578,neighborhood,São Conrado,"São Conrado tem desigualdade educacional que perpetua a pobreza. As escolas públicas precisam de investimento. Educação de qualidade é o caminho mais seguro para romper esse ciclo histórico."
C0579,neighborhood,Gávea,"A Gávea tem áreas verdes preciosas ameaçadas pela construção. Cada árvore derrubada faz falta. Planejamento urbano que respeite o meio ambiente protegeria a qualidade de vida do bairro."
C0580,neighborhood,Vidigal,"O Vidigal tem jovens cheios de sonhos e pouca oportunidade de emprego perto de casa. Eles merecem chance. Parcerias com empresas e cursos profissionalizantes mudariam a vida dessa juventude."
C0581,neighborhood,Leblon,"O Leblon precisa de mais médicos e menos burocracia no posto de saúde. A espera desanima qualquer um. Saúde acessível e ágil é um direito de todos, não privilégio de quem paga plano."
C0582,neighborhood,Parque da Cidade,"O Parque da Cidade poderia ser cenário de atividades de educação ambiental para escolas de toda a cidade. O potencial é enorme. Aproveitar esse espaço formaria gerações conscientes e responsáveis."
C0583,neighborhood,Rocinha,"A Rocinha tem comércio que sustenta milhares, mas falta infraestrutura para esses negócios. A energia oscila e a água falta. Serviços confiáveis impulsionariam a economia de toda a favela."
C0584,neighborhood,Ipanema,"Ipanema poderia ter mais eventos culturais gratuitos na praia e nas praças. A cultura aproxima. Investir em arte acessível valoriza a identidade carioca e movimenta o bairro de forma saudável."
C0585,neighborhood,São Conrado,"São Conrado tem uma praia que poderia gerar muito mais turismo com estrutura adequada. Faltam banheiros e segurança. Investir na orla criaria emprego e renda para a comunidade local."
C0586,neighborhood,Gávea,"A Gávea tem trânsito que sufoca e poucas alternativas seguras de bicicleta. Andar a pé é arriscado. Cidades caminháveis e cicláveis são mais saudáveis, econômicas e agradáveis para se viver."
C0587,neighborhood,Vidigal,"O Vidigal precisa de obras de contenção de encostas antes das próximas chuvas. As casas correm risco. Moradia segura é o mínimo que se deve garantir a qualquer cidadão da cidade."
C0588,neighborhood,Leblon,"O Leblon tem boa coleta, mas falta reciclagem séria com retorno para a comunidade. O esforço precisa valer a pena. Economia circular geraria renda e reduziria o lixo enviado aos aterros."
C0589,neighborhood,Parque da Cidade,"O Parque da Cidade poderia ter um espaço de leitura ao ar livre para incentivar a cultura. Ler na natureza é especial. Bibliotecas abertas democratizam o acesso ao conhecimento e ao lazer."
C0590,neighborhood,Rocinha,"A Rocinha tem juventude talentosa no esporte que merece oportunidade. Faltam quadras e treinadores. Investir no esporte revelaria atletas e afastaria os jovens de caminhos perigosos."
C0591,neighborhood,Ipanema,"Ipanema sofre com poluição que chega ao mar pelas galerias após a chuva. A praia fica imprópria. Despoluir as águas é proteger a saúde e o lazer de toda a população carioca."
C0592,neighborhood,São Conrado,"São Conrado precisa de mais participação dos moradores nas decisões públicas. As obras chegam sem aviso. Ouvir a comunidade traria soluções mais justas e adequadas aos problemas reais do bairro."
C0593,neighborhood,Gávea,"A Gávea tem o Planetário, que poderia ser polo de educação científica para a cidade. Falta investimento e divulgação. Aproximar a ciência das crianças muda o futuro de uma geração inteira."
C0594,neighborhood,Vidigal,"O Vidigal precisa de saneamento que impeça o esgoto de correr pelas escadarias. O cheiro e a doença assustam. Infraestrutura sanitária digna é direito básico de toda a comunidade do morro."
C0595,neighborhood,Leblon,"O Leblon precisa de mais espaços culturais públicos, hoje quase tudo é pago. A cultura deveria ser para todos. Teatro e música gratuitos democratizariam a arte e enriqueceriam a vida do bairro."
C0596,neighborhood,Parque da Cidade,"O Parque da Cidade poderia ter monitoria ambiental com jovens da região. Geraria emprego e cuidado. Unir educação, trabalho e preservação seria um modelo virtuoso para toda a cidade."
C0597,neighborhood,Rocinha,"A Rocinha tem demanda enorme por moradia segura. Muitas famílias vivem em risco nas encostas. Política habitacional digna garantiria o direito básico a um teto seguro para todos."
C0598,neighborhood,Ipanema,"Ipanema tem orla cobiçada, mas o trânsito e o estacionamento caótico afastam pedestres. Faltam zonas para caminhar. Priorizar as pessoas tornaria o bairro mais agradável e humano."
C0599,neighborhood,São Conrado,"São Conrado tem belezas naturais que poderiam virar polo de ecoturismo. As trilhas são incríveis. Estruturar isso com guias locais geraria renda sustentável para a comunidade do bairro."
C0600,neighborhood,Gávea,"A Gávea tem comunidade universitária ativa que poderia colaborar com projetos sociais nos bairros vizinhos. O conhecimento precisa circular. Universidade e comunidade juntas transformam realidades de verdade."
C0601,neighborhood,Vidigal,"Moro no Vidigal e o que mais me preocupa é a falta de hospital pediátrico perto. Quando meu neto tem crise de asma, descemos correndo o morro. Saúde infantil de emergência salvaria muitas vidas aqui."
C0602,neighborhood,Leblon,"O Leblon tem feira orgânica aos sábados que adoro frequentar. Mas o espaço é pequeno para a demanda. Ampliar a feira incentivaria a alimentação saudável e ajudaria os produtores familiares."
C0603,neighborhood,Parque da Cidade,"O Parque da Cidade poderia ter aulas de capoeira e dança gratuitas. A cultura popular merece espaço. Atividades assim ocupariam os jovens e celebrariam nossas raízes afro-brasileiras com orgulho."
C0604,neighborhood,Rocinha,"A Rocinha precisa de iluminação nas vielas, muitas são escuras e perigosas à noite. Já evitei sair depois das oito. Luz pública nos becos é segurança básica que nunca chegou direito aqui."
C0605,neighborhood,Ipanema,"Ipanema tem comércio que sofre com assaltos a lojas durante o dia. Os comerciantes vivem com medo. Mais segurança no centro comercial protegeria os negócios e os empregos do bairro."
C0606,neighborhood,São Conrado,"São Conrado tem potencial turístico desperdiçado por falta de hotéis e pousadas regularizadas. O voo livre atrai gente. Estruturar a hospedagem geraria emprego e renda para a comunidade local."
C0607,neighborhood,Gávea,"A Gávea tem ruas estreitas onde os caminhões de lixo mal passam. A coleta atrasa e o lixo se acumula. Repensar a logística de limpeza para vias antigas resolveria esse incômodo diário."
C0608,neighborhood,Vidigal,"O Vidigal tem grupos de mulheres que se organizam para gerar renda com artesanato. São verdadeiras heroínas. Apoiar essas iniciativas femininas fortaleceria a economia de muitas famílias do morro."
C0609,neighborhood,Leblon,"O Leblon precisa de mais bicicletários seguros perto do comércio. Quem vem de bike não tem onde deixar. Pequenos investimentos em infraestrutura cicloviária incentivariam um transporte mais limpo no bairro."
C0610,neighborhood,Parque da Cidade,"O Parque da Cidade poderia abrigar uma feira de troca de roupas e objetos. O consumo consciente cresceria. Iniciativas de economia circular reduzem o lixo e unem a comunidade de forma saudável."
C0611,neighborhood,Rocinha,"A Rocinha tem talento musical de sobra, do samba ao rap. Mas falta um estúdio comunitário acessível. Investir na música da favela revelaria artistas e geraria renda para muitos jovens."
C0612,neighborhood,Ipanema,"Ipanema tem trânsito de ciclistas crescente, mas faltam paraciclos e sinalização. As bikes ficam amarradas em postes. Mais infraestrutura incentivaria ainda mais o uso saudável da bicicleta no bairro."
C0613,neighborhood,São Conrado,"São Conrado precisa de mais escolas de ensino médio público. Os jovens viajam longe ou desistem. Educação perto de casa reduziria a evasão e abriria caminhos para a juventude do bairro."
C0614,neighborhood,Gávea,"A Gávea tem o Jóquei como patrimônio, mas o entorno carece de manutenção. As calçadas estão esburacadas. Cuidar do espaço ao redor dos pontos históricos valoriza toda a região do bairro."
C0615,neighborhood,Vidigal,"O Vidigal precisa de mais transporte para idosos que têm dificuldade de subir e descer o morro. Eles ficam presos em casa. Um serviço de mobilidade adaptada mudaria a vida deles."
C0616,neighborhood,Leblon,"O Leblon tem boa qualidade ambiental na orla, mas falta cuidado com a fauna marinha. Tartarugas aparecem na areia. Educação ambiental protegeria a vida do mar que enriquece nossa praia."
C0617,neighborhood,Parque da Cidade,"O Parque da Cidade poderia ter um programa de saúde mental ao ar livre, como rodas de conversa. O ambiente verde acalma. Cuidar da mente em espaços naturais é uma abordagem moderna e eficaz."
C0618,neighborhood,Rocinha,"A Rocinha tem demanda enorme por atendimento odontológico público. Muitos sofrem com dor de dente sem acesso. Saúde bucal acessível é um direito esquecido que precisa de atenção urgente."
C0619,neighborhood,Ipanema,"Ipanema tem uma vida cultural rica nos bares e na praia, mas falta apoio aos músicos de rua. Eles animam o bairro. Regulamentar e valorizar a arte de rua enriqueceria a cidade."
C0620,neighborhood,São Conrado,"São Conrado precisa de mais coleta de lixo nas áreas do morro. O acúmulo desce para a praia. Limpeza urbana digna deveria alcançar igualmente todas as partes do bairro."
C0621,neighborhood,Gávea,"A Gávea tem trânsito que poderia melhorar com faixas exclusivas de ônibus. O coletivo fica preso no engarrafamento. Priorizar o transporte público incentivaria as pessoas a deixarem o carro em casa."
C0622,neighborhood,Vidigal,"O Vidigal tem jovens criativos no audiovisual que documentam a comunidade com orgulho. Faltam equipamentos e formação. Investir nesses talentos geraria renda e mostraria a favela por novos olhos."
C0623,neighborhood,Leblon,"O Leblon precisa de mais segurança nas garagens e portarias dos prédios. Houve invasões recentes. Tecnologia e ronda integrada dariam mais tranquilidade aos moradores do bairro."
C0624,neighborhood,Parque da Cidade,"O Parque da Cidade poderia ter trilhas com placas educativas sobre as árvores nativas. A gente passa e não sabe o nome. Aprender sobre a Mata Atlântica aumentaria o respeito pela natureza."
C0625,neighborhood,Rocinha,"A Rocinha precisa de mais espaços de cultura para a juventude. Os jovens têm talento e energia de sobra. Bibliotecas, teatros e centros culturais transformariam o futuro de muitos deles."
C0626,neighborhood,Ipanema,"Ipanema tem calçadas que viram armadilhas para idosos por causa das pedras soltas. Já vi quedas feias. Manutenção das calçadas é uma questão de segurança e acessibilidade para todos."
C0627,neighborhood,São Conrado,"São Conrado tem belezas que poderiam render turismo de aventura. O voo livre e as trilhas atraem gente. Estruturar essas atividades com guias locais geraria emprego para os jovens do bairro."
C0628,neighborhood,Gávea,"A Gávea tem a vantagem de estar perto da natureza, mas o ar piora com o trânsito intenso. A poluição aumenta. Reduzir carros e plantar árvores melhoraria a qualidade do ar que respiramos."
C0629,neighborhood,Vidigal,"O Vidigal precisa de saneamento de verdade, o esgoto contamina o solo e a água. As crianças adoecem. Investir em infraestrutura básica deveria ser a prioridade máxima da comunidade."
C0630,neighborhood,Leblon,"O Leblon tem boa estrutura, mas falta apoio aos pequenos comerciantes diante dos grandes. O aluguel sufoca. Incentivos ao comércio local preservariam a diversidade e a renda do bairro."
C0631,neighborhood,Parque da Cidade,"O Parque da Cidade poderia ter uma área de camping educativo para escolas. As crianças adorariam acampar. Contato com a natureza cria memórias e consciência ambiental que duram a vida toda."
C0632,neighborhood,Rocinha,"A Rocinha tem comerciantes que enfrentam apagões constantes. A energia instável prejudica os negócios. Investir na rede elétrica é essencial para a economia e a qualidade de vida da comunidade."
C0633,neighborhood,Ipanema,"Ipanema precisa de melhor gestão dos resíduos da praia no verão. O lixo se acumula assustadoramente. Coleta reforçada e educação ambiental protegeriam a beleza da nossa orla mais famosa."
C0634,neighborhood,São Conrado,"São Conrado tem desigualdade que aparece na saúde das crianças. Umas têm tudo, outras nada. Saúde igualitária e preventiva deveria ser garantida a todos os pequenos do bairro."
C0635,neighborhood,Gávea,"A Gávea tem comércio cultural que dá identidade ao bairro. Mas os custos sufocam os pequenos. Apoiar livrarias, cafés e galerias preservaria a vocação cultural histórica da Gávea."
C0636,neighborhood,Vidigal,"O Vidigal tem uma vista que vale fortunas, mas o morador não vê retorno do turismo. A renda fica com os de fora. Projetos de turismo comunitário mudariam essa realidade injusta."
C0637,neighborhood,Leblon,"O Leblon precisa de mais creches públicas para as famílias que trabalham. As particulares são caríssimas. Educação infantil pública deveria existir em todos os bairros, sem exceção."
C0638,neighborhood,Parque da Cidade,"O Parque da Cidade poderia abrigar projetos de reflorestamento com voluntários da comunidade. Plantar árvores une e educa. Recuperar áreas degradadas é dever de todos para as próximas gerações."
C0639,neighborhood,Rocinha,"A Rocinha tem uma juventude que sonha com faculdade, mas falta orientação e acesso a bolsas. O caminho parece distante. Apoiar esses jovens abriria as portas da universidade para a favela."
C0640,neighborhood,Ipanema,"Ipanema tem trânsito intenso e poucas opções de mobilidade limpa. As ciclovias precisam de expansão. Investir em transporte ativo reduziria a poluição e melhoraria a saúde dos moradores do bairro."
C0641,neighborhood,São Conrado,"São Conrado tem saneamento precário que polui a praia. O esgoto desce do morro sem tratamento. Infraestrutura sanitária é urgente para proteger a saúde e o turismo da região toda."
C0642,neighborhood,Gávea,"A Gávea tem trânsito que pede semáforos inteligentes e organização. O engarrafamento é diário e estressante. Tecnologia aplicada à mobilidade aliviaria a vida de quem circula pelo bairro."
C0643,neighborhood,Vidigal,"O Vidigal tem artistas que transformam a favela em galeria a céu aberto. Mas falta apoio e visibilidade. Valorizar a arte comunitária gera renda, orgulho e atrai turismo respeitoso ao morro."
C0644,neighborhood,Leblon,"O Leblon tem boa qualidade de vida, mas falta convívio entre vizinhos. Cada um vive isolado em sua bolha. Atividades nas praças reaproximariam as pessoas e fortaleceriam o senso de comunidade."
C0645,neighborhood,Parque da Cidade,"O Parque da Cidade poderia ter feiras de produtos orgânicos de agricultores familiares. Geraria renda e saúde. Aproximar o campo da cidade beneficia o consumidor e o pequeno produtor."
C0646,neighborhood,Rocinha,"A Rocinha precisa de mais postos de saúde e médicos para sua população imensa. As filas são longas. Ampliar a rede de atendimento é urgente para garantir o direito à saúde de todos."
C0647,neighborhood,Ipanema,"Ipanema tem identidade cultural ligada à bossa nova e à praia. Faltam eventos que celebrem essa história. Valorizar nossa cultura atrairia turismo e fortaleceria o orgulho dos moradores."
C0648,neighborhood,São Conrado,"São Conrado precisa de mais segurança nas paradas de ônibus à noite. Esperar transporte ali é arriscado. Iluminação e ronda dariam tranquilidade a quem depende do coletivo para trabalhar."
C0649,neighborhood,Gávea,"A Gávea tem a Floresta da Tijuca como vizinha preciosa. As trilhas precisam de manutenção e segurança. Ecoturismo bem cuidado protegeria a mata e geraria renda e lazer para a comunidade."
C0650,neighborhood,Vidigal,"O Vidigal precisa de mais oportunidades de qualificação profissional para os jovens. Eles querem trabalhar. Cursos técnicos gratuitos abririam portas no mercado e reduziriam o desemprego no morro."
C0651,neighborhood,Leblon,"O Leblon poderia liderar pelo exemplo na sustentabilidade com reciclagem e arborização. O bairro tem recursos. Investir em meio ambiente melhora o clima e a qualidade de vida de todos."
C0652,neighborhood,Parque da Cidade,"O Parque da Cidade tem potencial educativo desperdiçado. Faltam monitores e programas estruturados. Aproveitar a biodiversidade local formaria cidadãos conscientes do valor do meio ambiente."
C0653,neighborhood,Rocinha,"A Rocinha tem talentos no esporte que poderiam brilhar com apoio. Faltam quadras e treinamento. Investir no esporte revelaria atletas e ofereceria um caminho saudável para a juventude da favela."
C0654,neighborhood,Ipanema,"Ipanema precisa de mais lixeiras e coleta reforçada na orla nos fins de semana. O lixo se acumula. Limpeza adequada protege a saúde pública e a beleza da praia que é nosso cartão-postal."
C0655,neighborhood,São Conrado,"São Conrado tem desigualdade que se vê de uma esquina para outra. Mansões e barracos lado a lado. Políticas de integração e redistribuição são moralmente necessárias neste bairro."
C0656,neighborhood,Gávea,"A Gávea tem comércio cultural valioso que sofre com custos altos. Cafés e livrarias fecham as portas. Apoiar a economia criativa preservaria a vocação cultural histórica do bairro."
C0657,neighborhood,Vidigal,"O Vidigal precisa de transporte público oficial que suba o morro com segurança e preço justo. Hoje é van e moto caras. Mobilidade digna transformaria a rotina de quem trabalha longe."
C0658,neighborhood,Leblon,"O Leblon tem boa segurança, mas os furtos na praia incomodam moradores e turistas. Já perdi meu celular ali. Policiamento de proximidade na orla resolveria boa parte desses casos."
C0659,neighborhood,Parque da Cidade,"O Parque da Cidade poderia receber projetos de inclusão para jovens em vulnerabilidade. O espaço comporta muito. Cultura e esporte mudam vidas e afastam os jovens dos riscos da rua."
C0660,neighborhood,Rocinha,"A Rocinha tem mães empreendedoras que precisam de creche para trabalhar. A falta de vaga as prende. Educação infantil pública liberta as famílias e impulsiona a renda na comunidade."
C0661,neighborhood,Ipanema,"Ipanema tem orla bonita, mas falta sombra e estrutura no calçadão. O calor afasta as pessoas. Arborizar e estruturar a orla tornaria a praia mais acolhedora para todos os frequentadores."
C0662,neighborhood,São Conrado,"São Conrado precisa de uma unidade de saúde de emergência mais perto. Numa urgência dependemos de longe. UPA no bairro salvaria vidas e daria segurança às famílias locais."
C0663,neighborhood,Gávea,"A Gávea tem trânsito intenso que melhoraria com mais transporte coletivo de qualidade. As pessoas usam carro por falta de opção. Investir no ônibus reduziria o congestionamento crônico do bairro."
C0664,neighborhood,Vidigal,"O Vidigal tem famílias que sonham com moradia digna e segura. As condições nas encostas são precárias. Política habitacional séria daria dignidade a quem mais precisa na comunidade."
C0665,neighborhood,Leblon,"O Leblon precisa de mais espaços de lazer gratuitos para crianças além da praia. Faltam praças com brinquedos. Áreas públicas infantis bem cuidadas fazem falta para as famílias do bairro."
C0666,neighborhood,Parque da Cidade,"O Parque da Cidade poderia ter ações de saúde preventiva, como vacinação e exames simples. Aproximar a saúde do lazer é inteligente. Cuidar das pessoas onde elas estão é mais eficaz."
C0667,neighborhood,Rocinha,"A Rocinha tem uma juventude que quer estudar, mas falta apoio e bolsas para a faculdade. O sonho parece distante. Informar e apoiar esses jovens abriria as portas da universidade para a favela."
C0668,neighborhood,Ipanema,"Ipanema tem turismo forte, mas falta organização do fluxo de visitantes. O excesso gera lixo e barulho. Turismo planejado beneficia o bairro, o descontrolado só prejudica os moradores."
C0669,neighborhood,São Conrado,"São Conrado tem belezas naturais que merecem proteção ambiental. O lixo nas encostas é triste. Cuidar do meio ambiente é proteger o que torna este lugar especial para todos nós."
C0670,neighborhood,Gávea,"A Gávea tem patrimônio cultural que poderia render roteiros turísticos. Falta sinalização e divulgação. Valorizar a história do bairro atrairia visitantes e geraria renda para o comércio local."
C0671,neighborhood,Vidigal,"O Vidigal precisa de mais médicos e melhor estrutura no posto de saúde. A população cresceu muito. Atendimento digno e próximo é fundamental para a saúde de toda a comunidade do morro."
C0672,neighborhood,Leblon,"O Leblon tem boa estrutura, mas falta participação dos moradores nas decisões locais. As mudanças chegam prontas. Conselhos comunitários ativos dariam voz a quem vive o bairro diariamente."
C0673,neighborhood,Parque da Cidade,"O Parque da Cidade poderia ter um circuito de corrida demarcado e iluminado. Muita gente treina sem estrutura. Incentivar o esporte no parque melhoraria a saúde da população do entorno."
C0674,neighborhood,Rocinha,"A Rocinha tem comércio forte, mas falta crédito para os pequenos negócios crescerem. A burocracia trava tudo. Microcrédito acessível impulsionaria a economia e a renda das famílias da favela."
C0675,neighborhood,Ipanema,"Ipanema tem alagamentos rápidos quando chove forte. As bocas de lobo entopem de lixo. Limpeza e ampliação da drenagem evitariam prejuízos a comércios e moradores do bairro."
C0676,neighborhood,São Conrado,"São Conrado tem uma escola pública que precisa de reforma e mais professores. Os alunos merecem melhor. Investir em educação é a base para reduzir a desigualdade que marca o bairro."
C0677,neighborhood,Gávea,"A Gávea tem áreas verdes ameaçadas pela construção desenfreada. Cada árvore importa para o clima. Planejamento urbano que respeite o meio ambiente protegeria a qualidade de vida do bairro."
C0678,neighborhood,Vidigal,"O Vidigal precisa de coleta de lixo que alcance todas as casas, não só as de baixo. O lixo acumulado adoece. Limpeza urbana é direito de todos os moradores igualmente, sem exceção."
C0679,neighborhood,Leblon,"O Leblon tem boa segurança, mas as ruas internas à noite são mal iluminadas. Volto do trabalho com medo. Iluminação pública adequada é prevenção barata e eficaz contra o crime."
C0680,neighborhood,Parque da Cidade,"O Parque da Cidade poderia abrigar oficinas de compostagem para os moradores. O lixo orgânico vira adubo. Educação ambiental prática reduz resíduos e ensina sustentabilidade de verdade."
C0681,neighborhood,Rocinha,"A Rocinha tem crianças com muito potencial em escolas lotadas e carentes de tudo. Faltam livros e professores. Educação de qualidade é o investimento mais importante para o futuro daqui."
C0682,neighborhood,Ipanema,"Ipanema é palco de grandes eventos, mas o morador sofre depois com lixo e barulho. Os eventos deveriam financiar a limpeza e a estrutura que consomem. Justiça com quem mora aqui."
C0683,neighborhood,São Conrado,"São Conrado tem famílias que esperam anos por moradia digna. As condições no morro são precárias. Política habitacional séria daria segurança e dignidade a quem mais precisa no bairro."
C0684,neighborhood,Gávea,"A Gávea tem vida noturna universitária, mas o transporte para os estudantes acaba cedo. Voltar de madrugada é difícil. Transporte noturno seguro é uma necessidade real da comunidade acadêmica."
C0685,neighborhood,Vidigal,"O Vidigal tem talentos na gastronomia que poderiam atrair turismo. Faltam cozinhas regularizadas e apoio. Valorizar a culinária local geraria renda e colocaria a comunidade no roteiro gastronômico."
C0686,neighborhood,Leblon,"O Leblon precisa repensar o uso das praças tomadas por academias particulares. O espaço público é privatizado. As praças deveriam ser de todos, sem cercas nem exclusividade."
C0687,neighborhood,Parque da Cidade,"O Parque da Cidade poderia ter agenda fixa de atividades para crianças nas férias. As famílias precisam de opção. Lazer gratuito de qualidade melhora a vida de todos no bairro."
C0688,neighborhood,Rocinha,"A Rocinha tem uma rede de apoio entre vizinhos que impressiona. Mas o poder público ignora essas redes. Reconhecer a participação cidadã traria soluções pensadas por quem realmente vive aqui."
C0689,neighborhood,Ipanema,"Ipanema tem trânsito intenso e poucos espaços de descanso arborizados. As pessoas precisam de sombra. Tornar o bairro mais humano e verde melhoraria a vida de quem passa por aqui."
C0690,neighborhood,São Conrado,"São Conrado precisa de mais médicos na unidade de saúde local. A demanda cresce e o atendimento não. Saúde de qualidade perto de casa é um direito que ainda não temos garantido."
C0691,neighborhood,Gávea,"A Gávea tem patrimônio histórico que poderia render roteiros culturais. Faltam sinalização e divulgação. Valorizar a memória do bairro atrairia visitantes e geraria renda para o comércio local."
C0692,neighborhood,Vidigal,"O Vidigal precisa de segurança que respeite os moradores. As operações violentas marcam as crianças. Queremos políticas de paz que tratem a favela com a dignidade que ela merece."
C0693,neighborhood,Leblon,"O Leblon tem ótima qualidade de vida, mas falta empatia com quem trabalha aqui e mora longe. O transporte de volta é precário. Pensar na mobilidade do trabalhador é uma questão de justiça."
C0694,neighborhood,Parque da Cidade,"O Parque da Cidade poderia ter visitas guiadas para a terceira idade. Os idosos amariam. Lazer e cultura na natureza melhoram a saúde física e mental de quem mais precisa."
C0695,neighborhood,Rocinha,"A Rocinha tem demanda enorme por cursos de informática e idiomas. A juventude quer se qualificar. Educação técnica gratuita abriria portas no mercado e reduziria o desemprego entre os jovens."
C0696,neighborhood,Ipanema,"Ipanema tem fama de paraíso, mas a desigualdade aparece nos sinais com pedintes. Falta rede de proteção social. Ninguém deveria viver na rua numa cidade tão rica como a nossa."
C0697,neighborhood,São Conrado,"São Conrado tem belas paisagens, mas o lixo nas encostas estraga tudo. Falta coleta e conscientização. Cuidar do meio ambiente é proteger o que torna este lugar especial para todos."
C0698,neighborhood,Gávea,"A Gávea tem trânsito que melhoraria com transporte sobre trilhos chegando ao bairro. Hoje é só ônibus e carro. Investir em mobilidade de massa reduziria congestionamento e poluição do ar."
C0699,neighborhood,Vidigal,"O Vidigal precisa de mais creches para que as mães possam trabalhar tranquilas. A falta de vaga prende muitas. Educação infantil de qualidade liberta as famílias e protege as crianças."
C0700,neighborhood,Leblon,"O Leblon precisa de mais ações para reduzir o desperdício de água. Piscinas e jardins consomem muito. Consumo consciente deveria ser incentivado, ainda mais em tempos de escassez hídrica."
C0701,neighborhood,Parque da Cidade,"O Parque da Cidade tem potencial para um centro de ciências ao ar livre. As crianças aprenderiam brincando. Educação científica acessível desperta vocações e transforma o futuro de muitos jovens."
C0702,neighborhood,Rocinha,"A Rocinha tem cultura que pulsa, do baile ao artesanato. Mas falta um espaço cultural digno. Investir em equipamentos culturais valorizaria os talentos e daria orgulho à comunidade."
C0703,neighborhood,Ipanema,"Ipanema poderia ter mais hortas urbanas em terrenos ociosos. Produzir alimento na cidade é o futuro. Sustentabilidade urbana começa com iniciativas simples que unem os vizinhos do bairro."
C0704,neighborhood,São Conrado,"São Conrado precisa de transporte público mais frequente e acessível. Hoje dependemos de poucas linhas lotadas. Mobilidade de qualidade é a chave para integrar o bairro ao resto da cidade."
C0705,neighborhood,Gávea,"A Gávea tem comércio cultural que enfrenta aluguéis impossíveis. Livrarias e cafés estão fechando. Apoiar a economia criativa preservaria a alma e a vocação cultural histórica do bairro."
C0706,neighborhood,Vidigal,"O Vidigal precisa de mais médicos e melhor estrutura no posto de saúde. A população cresceu muito. Atendimento digno e próximo é fundamental para a saúde de toda a comunidade do morro."
C0707,neighborhood,Leblon,"O Leblon tem oferta privada de tudo, mas a desigualdade com os vizinhos é gritante. Recursos deveriam ser melhor distribuídos. Justiça urbana significa serviços de qualidade para todos."
C0708,neighborhood,Parque da Cidade,"O Parque da Cidade poderia receber um festival de música anual ao ar livre. Geraria turismo e renda. Cultura no espaço público aproxima as pessoas e valoriza o patrimônio do bairro."
C0709,neighborhood,Rocinha,"A Rocinha precisa de segurança que não trate o morador como inimigo. As crianças têm medo. Políticas de paz e cidadania reduziriam a violência muito mais que a repressão constante."
C0710,neighborhood,Ipanema,"Ipanema tem uma orla linda, mas a falta de acessibilidade exclui idosos e cadeirantes da areia. Faltam esteiras e rampas. Praia para todos é uma questão de direito e de dignidade humana."
C0711,neighborhood,São Conrado,"São Conrado tem desigualdade educacional que perpetua a pobreza. As escolas públicas precisam de investimento. Educação de qualidade é o caminho mais seguro para romper esse ciclo histórico."
C0712,neighborhood,Gávea,"A Gávea tem áreas verdes preciosas ameaçadas pela construção. Cada árvore derrubada faz falta. Planejamento urbano que respeite o meio ambiente protegeria a qualidade de vida do bairro."
C0713,neighborhood,Vidigal,"O Vidigal tem jovens cheios de sonhos e pouca oportunidade de emprego perto de casa. Eles merecem chance. Parcerias com empresas e cursos profissionalizantes mudariam a vida dessa juventude."
C0714,neighborhood,Leblon,"O Leblon precisa de mais médicos e menos burocracia no posto de saúde. A espera desanima qualquer um. Saúde acessível e ágil é um direito de todos, não privilégio de quem paga plano."
C0715,neighborhood,Parque da Cidade,"O Parque da Cidade poderia ser cenário de educação ambiental para escolas de toda a cidade. O potencial é enorme. Aproveitar esse espaço formaria gerações conscientes e responsáveis com o planeta."
C0716,neighborhood,Rocinha,"A Rocinha tem comércio que sustenta milhares, mas falta infraestrutura para esses negócios. A energia oscila e a água falta. Serviços confiáveis impulsionariam a economia de toda a favela."
C0717,neighborhood,Ipanema,"Ipanema poderia ter mais eventos culturais gratuitos na praia e nas praças. A cultura aproxima. Investir em arte acessível valoriza a identidade carioca e movimenta o bairro de forma saudável."
C0718,neighborhood,São Conrado,"São Conrado tem uma praia que poderia gerar muito mais turismo com estrutura adequada. Faltam banheiros e segurança. Investir na orla criaria emprego e renda para a comunidade local."
C0719,neighborhood,Gávea,"A Gávea tem trânsito que sufoca e poucas alternativas seguras de bicicleta. Andar a pé é arriscado. Cidades caminháveis e cicláveis são mais saudáveis, econômicas e agradáveis para se viver."
C0720,neighborhood,Vidigal,"O Vidigal precisa de obras de contenção de encostas antes das próximas chuvas. As casas correm risco. Moradia segura é o mínimo que se deve garantir a qualquer cidadão da cidade."
C0721,neighborhood,Leblon,"O Leblon tem boa coleta, mas falta reciclagem séria com retorno para a comunidade. O esforço precisa valer a pena. Economia circular geraria renda e reduziria o lixo enviado aos aterros."
C0722,neighborhood,Parque da Cidade,"O Parque da Cidade poderia ter um espaço de leitura ao ar livre para incentivar a cultura. Ler na natureza é especial. Bibliotecas abertas democratizam o acesso ao conhecimento e ao lazer."
C0723,neighborhood,Rocinha,"A Rocinha tem juventude talentosa no esporte que merece oportunidade. Faltam quadras e treinadores. Investir no esporte revelaria atletas e afastaria os jovens de caminhos perigosos."
C0724,neighborhood,Ipanema,"Ipanema sofre com poluição que chega ao mar pelas galerias após a chuva. A praia fica imprópria. Despoluir as águas é proteger a saúde e o lazer de toda a população carioca."
C0725,neighborhood,São Conrado,"São Conrado precisa de mais participação dos moradores nas decisões públicas. As obras chegam sem aviso. Ouvir a comunidade traria soluções mais justas e adequadas aos problemas reais do bairro."
C0726,neighborhood,Gávea,"A Gávea tem o Planetário, que poderia ser polo de educação científica para a cidade. Falta investimento e divulgação. Aproximar a ciência das crianças muda o futuro de uma geração inteira."
C0727,neighborhood,Vidigal,"O Vidigal precisa de saneamento que impeça o esgoto de correr pelas escadarias. O cheiro e a doença assustam. Infraestrutura sanitária digna é direito básico de toda a comunidade do morro."
C0728,neighborhood,Leblon,"O Leblon precisa de mais espaços culturais públicos, hoje quase tudo é pago. A cultura deveria ser para todos. Teatro e música gratuitos democratizariam a arte e enriqueceriam a vida do bairro."
C0729,neighborhood,Parque da Cidade,"O Parque da Cidade poderia ter monitoria ambiental com jovens da região. Geraria emprego e cuidado. Unir educação, trabalho e preservação seria um modelo virtuoso para toda a cidade."
C0730,neighborhood,Rocinha,"A Rocinha tem demanda enorme por moradia segura. Muitas famílias vivem em risco nas encostas. Política habitacional digna garantiria o direito básico a um teto seguro para todos."
C0731,neighborhood,Ipanema,"Ipanema tem orla cobiçada, mas o trânsito e o estacionamento caótico afastam pedestres. Faltam zonas para caminhar. Priorizar as pessoas tornaria o bairro mais agradável e humano."
C0732,neighborhood,São Conrado,"São Conrado tem belezas naturais que poderiam virar polo de ecoturismo. As trilhas são incríveis. Estruturar isso com guias locais geraria renda sustentável para a comunidade do bairro."
C0733,neighborhood,Gávea,"A Gávea tem comunidade universitária que poderia colaborar com projetos sociais nos bairros vizinhos. O conhecimento precisa circular. Universidade e comunidade juntas transformam realidades de verdade."
C0734,neighborhood,Vidigal,"O Vidigal tem mulheres que precisam de apoio contra a violência doméstica. Muitas sofrem caladas. Um centro de acolhimento da mulher na comunidade salvaria vidas e daria dignidade a elas."
C0735,neighborhood,Leblon,"O Leblon tem boa segurança, mas precisa de policiamento de proximidade que conheça o bairro. Viatura de passagem não previne. Confiança entre moradores e polícia melhora a segurança de todos."
C0736,neighborhood,Parque da Cidade,"O Parque da Cidade poderia ter trilhas acessíveis a cadeirantes. Hoje é impossível para eles. A natureza deveria ser para todos, e a inclusão é uma marca de uma cidade civilizada."
C0737,neighborhood,Rocinha,"A Rocinha tem mães que sonham com creche para voltar a trabalhar. A falta de vaga as prende em casa. Investir em educação infantil é investir na renda das famílias e no futuro das crianças."
C0738,neighborhood,Ipanema,"Ipanema tem trânsito de bikes e patinetes desorganizado no calçadão. Falta sinalização e regras. Mobilidade segura evitaria acidentes e conflitos entre ciclistas e pedestres na orla."
C0739,neighborhood,São Conrado,"São Conrado precisa de coleta de lixo nas áreas do morro. O acúmulo desce para a praia. Limpeza urbana digna deveria alcançar igualmente todas as partes do bairro."
C0740,neighborhood,Gávea,"A Gávea tem trânsito complicado pela PUC e pelo Jóquei juntos. Em dias de evento, fica impraticável. Planejamento integrado de mobilidade aliviaria a vida de quem mora por aqui."
C0741,neighborhood,Vidigal,"O Vidigal tem casas construídas sem orientação técnica, gerando risco nas encostas. Falta assistência de engenharia. Apoio técnico à autoconstrução salvaria vidas e moradias na comunidade."
C0742,neighborhood,Leblon,"O Leblon precisa de mais bebedouros e chuveiros funcionando na orla. No verão é essencial. Estrutura básica bem mantida faz diferença para quem frequenta a praia diariamente."
C0743,neighborhood,Parque da Cidade,"O Parque da Cidade poderia ter trilhas noturnas guiadas para observação de animais. Seria uma atração única. Ecoturismo responsável geraria renda e aproximaria as pessoas da natureza preservada."
C0744,neighborhood,Rocinha,"A Rocinha tem comerciantes criativos que inovam mesmo sem apoio. Imagina com crédito e capacitação. Investir nesses empreendedores fortaleceria a economia de toda a comunidade da favela."
C0745,neighborhood,Ipanema,"Ipanema sofre com alagamentos rápidos em chuvas fortes. As bocas de lobo entopem. A água sobe em minutos. Limpeza e ampliação da drenagem evitariam prejuízos a comércios e moradores."
C0746,neighborhood,São Conrado,"São Conrado tem a praia do voo livre única no Brasil. Mas falta sinalização turística e apoio. Estruturar essa atração geraria renda e colocaria o bairro no mapa do turismo."
C0747,neighborhood,Gávea,"A Gávea tem o verde da Floresta, mas o lixo nas trilhas é triste de ver. Falta educação e fiscalização. Preservar a natureza exige conscientização e cuidado de todos nós."
C0748,neighborhood,Vidigal,"O Vidigal precisa de coleta de lixo que alcance o alto do morro. O caminhão só vai até embaixo. A gente carrega sacos por escadas, é desumano e perigoso para a saúde."
C0749,neighborhood,Leblon,"O Leblon tem boa segurança, mas as ruas atrás da orla são mal iluminadas. Volto do trabalho com medo. Iluminação pública adequada é prevenção barata e eficaz contra o crime."
C0750,neighborhood,Parque da Cidade,"O Parque da Cidade poderia abrigar oficinas de compostagem para os moradores aprenderem. O lixo orgânico vira adubo. Educação ambiental prática reduz resíduos e ensina sustentabilidade de verdade."
C0751,neighborhood,Rocinha,"A Rocinha tem crianças com potencial em escolas lotadas e carentes de tudo. Faltam livros e professores. Educação de qualidade é o investimento mais importante para o futuro daqui."
C0752,neighborhood,Ipanema,"Ipanema é palco de eventos enormes, mas o morador sofre com o caos depois. Lixo, barulho e trânsito ficam. Os grandes eventos deveriam financiar a limpeza e a estrutura que consomem."
C0753,neighborhood,São Conrado,"São Conrado tem famílias que esperam anos por moradia digna. As condições no morro são precárias. Política habitacional séria daria segurança e dignidade a quem mais precisa no bairro."
C0754,neighborhood,Gávea,"A Gávea tem vida noturna universitária, mas o transporte para os estudantes acaba cedo. Voltar de madrugada é difícil. Transporte noturno seguro é uma necessidade real da comunidade."
C0755,neighborhood,Vidigal,"O Vidigal tem talentos na gastronomia que poderiam atrair turismo. Faltam cozinhas regularizadas e apoio. Valorizar a culinária local geraria renda e colocaria a comunidade no roteiro gastronômico."
C0756,neighborhood,Leblon,"O Leblon precisa repensar o uso das praças, dominadas por academias particulares. O espaço público é privatizado. As praças deveriam ser de todos, sem cercas nem exclusividade."
C0757,neighborhood,Parque da Cidade,"O Parque da Cidade poderia ter agenda fixa de atividades para crianças nas férias. As famílias precisam de opção. Lazer gratuito de qualidade melhora a vida de todos no bairro."
C0758,neighborhood,Rocinha,"A Rocinha tem rede de apoio entre vizinhos que impressiona. Mas o poder público ignora essas redes. Reconhecer a participação cidadã traria soluções pensadas por quem realmente vive aqui."
C0759,neighborhood,Ipanema,"Ipanema tem trânsito intenso e poucos espaços de descanso arborizados. As pessoas precisam de sombra. Tornar o bairro mais humano e verde melhoraria a vida de quem passa por aqui."
C0760,neighborhood,São Conrado,"São Conrado precisa de mais médicos na unidade de saúde local. A demanda cresce e o atendimento não. Saúde de qualidade perto de casa é um direito que ainda não temos garantido."
C0761,neighborhood,Gávea,"A Gávea tem patrimônio histórico que poderia render roteiros culturais. Faltam sinalização e divulgação. Valorizar a memória do bairro atrairia visitantes e geraria renda para o comércio local."
C0762,neighborhood,Vidigal,"O Vidigal precisa de segurança que respeite os moradores. As operações violentas marcam as crianças. Queremos políticas de paz que tratem a favela com a dignidade que ela merece."
C0763,neighborhood,Leblon,"O Leblon tem ótima qualidade de vida, mas falta empatia com quem trabalha aqui e mora longe. O transporte de volta é precário. Pensar na mobilidade do trabalhador é uma questão de justiça."
C0764,neighborhood,Parque da Cidade,"O Parque da Cidade poderia ter visitas guiadas para a terceira idade. Os idosos amariam. Lazer e cultura na natureza melhoram a saúde física e mental de quem mais precisa."
C0765,neighborhood,Rocinha,"A Rocinha tem demanda por cursos de informática e idiomas. A juventude quer se qualificar. Educação técnica gratuita abriria portas no mercado e reduziria o desemprego entre os jovens da favela."
C0766,neighborhood,Ipanema,"Ipanema tem fama de paraíso, mas a desigualdade aparece nos sinais com pedintes. Falta rede de proteção social. Ninguém deveria viver na rua numa cidade tão rica como a nossa."
C0767,neighborhood,São Conrado,"São Conrado tem belas paisagens, mas o lixo nas encostas estraga tudo. Falta coleta e conscientização. Cuidar do meio ambiente é proteger o que torna este lugar especial para todos."
C0768,neighborhood,Gávea,"A Gávea tem trânsito que melhoraria com transporte sobre trilhos chegando ao bairro. Hoje é só ônibus e carro. Investir em mobilidade de massa reduziria congestionamento e poluição do ar."
C0769,neighborhood,Vidigal,"O Vidigal precisa de mais creches para que as mães possam trabalhar tranquilas. A falta de vaga prende muitas. Educação infantil de qualidade liberta as famílias e protege as crianças."
C0770,neighborhood,Leblon,"O Leblon precisa de mais ações para reduzir o desperdício de água. Piscinas e jardins consomem muito. Consumo consciente deveria ser incentivado, ainda mais em tempos de escassez hídrica."
C0771,neighborhood,Parque da Cidade,"O Parque da Cidade tem potencial para um centro de ciências ao ar livre. As crianças aprenderiam brincando. Educação científica acessível desperta vocações e transforma o futuro de muitos jovens."
C0772,neighborhood,Rocinha,"A Rocinha tem cultura que pulsa, do baile ao artesanato. Mas falta um espaço cultural digno. Investir em equipamentos culturais valorizaria os talentos e daria orgulho à comunidade."
C0773,neighborhood,Ipanema,"Ipanema poderia ter mais hortas urbanas em terrenos ociosos. Produzir alimento na cidade é o futuro. Sustentabilidade urbana começa com iniciativas simples que unem os vizinhos do bairro."
C0774,neighborhood,São Conrado,"São Conrado precisa de transporte público mais frequente e acessível. Hoje dependemos de poucas linhas lotadas. Mobilidade de qualidade é a chave para integrar o bairro ao resto da cidade."
C0775,neighborhood,Gávea,"A Gávea tem comércio cultural que enfrenta aluguéis impossíveis. Livrarias e cafés estão fechando. Apoiar a economia criativa preservaria a alma e a vocação cultural histórica do bairro."
C0776,neighborhood,Vidigal,"O Vidigal precisa de mais médicos e melhor estrutura no posto de saúde. A população cresceu muito. Atendimento digno e próximo é fundamental para a saúde de toda a comunidade do morro."
C0777,neighborhood,Leblon,"O Leblon tem oferta privada de tudo, mas a desigualdade com os vizinhos é gritante. Recursos deveriam ser melhor distribuídos. Justiça urbana significa serviços de qualidade para todos."
C0778,neighborhood,Parque da Cidade,"O Parque da Cidade poderia receber um festival de música anual ao ar livre. Geraria turismo e renda. Cultura no espaço público aproxima as pessoas e valoriza o patrimônio do bairro."
C0779,neighborhood,Rocinha,"A Rocinha precisa de segurança que não trate o morador como inimigo. As crianças têm medo. Políticas de paz e cidadania reduziriam a violência muito mais que a repressão constante."
C0780,neighborhood,Ipanema,"Ipanema tem orla linda, mas a falta de acessibilidade exclui idosos e cadeirantes da areia. Faltam esteiras e rampas. Praia para todos é uma questão de direito e de dignidade humana."
C0781,neighborhood,São Conrado,"São Conrado tem desigualdade educacional que perpetua a pobreza. As escolas públicas precisam de investimento. Educação de qualidade é o caminho mais seguro para romper esse ciclo histórico."
C0782,neighborhood,Gávea,"A Gávea tem áreas verdes preciosas ameaçadas pela construção. Cada árvore derrubada faz falta. Planejamento urbano que respeite o meio ambiente protegeria a qualidade de vida do bairro."
C0783,neighborhood,Vidigal,"O Vidigal tem jovens cheios de sonhos e pouca oportunidade de emprego perto de casa. Eles merecem chance. Parcerias com empresas e cursos profissionalizantes mudariam a vida dessa juventude."
C0784,neighborhood,Leblon,"O Leblon precisa de mais médicos e menos burocracia no posto de saúde. A espera desanima qualquer um. Saúde acessível e ágil é um direito de todos, não privilégio de quem paga plano."
C0785,neighborhood,Parque da Cidade,"O Parque da Cidade poderia ser cenário de educação ambiental para escolas de toda a cidade. O potencial é enorme. Aproveitar esse espaço formaria gerações conscientes e responsáveis."
C0786,neighborhood,Rocinha,"A Rocinha tem comércio que sustenta milhares, mas falta infraestrutura para esses negócios. A energia oscila e a água falta. Serviços confiáveis impulsionariam a economia de toda a favela."
C0787,neighborhood,Ipanema,"Ipanema poderia ter mais eventos culturais gratuitos na praia e nas praças. A cultura aproxima. Investir em arte acessível valoriza a identidade carioca e movimenta o bairro de forma saudável."
C0788,neighborhood,São Conrado,"São Conrado tem uma praia que poderia gerar muito mais turismo com estrutura adequada. Faltam banheiros e segurança. Investir na orla criaria emprego e renda para a comunidade local."
C0789,neighborhood,Gávea,"A Gávea tem trânsito que sufoca e poucas alternativas seguras de bicicleta. Andar a pé é arriscado. Cidades caminháveis e cicláveis são mais saudáveis, econômicas e agradáveis para se viver."
C0790,neighborhood,Vidigal,"O Vidigal precisa de obras de contenção de encostas antes das próximas chuvas. As casas correm risco. Moradia segura é o mínimo que se deve garantir a qualquer cidadão da cidade."
C0791,neighborhood,Leblon,"O Leblon tem boa coleta, mas falta reciclagem séria com retorno para a comunidade. O esforço precisa valer a pena. Economia circular geraria renda e reduziria o lixo enviado aos aterros."
C0792,neighborhood,Parque da Cidade,"O Parque da Cidade poderia ter um espaço de leitura ao ar livre para incentivar a cultura. Ler na natureza é especial. Bibliotecas abertas democratizam o acesso ao conhecimento e ao lazer."
C0793,neighborhood,Rocinha,"A Rocinha tem juventude talentosa no esporte que merece oportunidade. Faltam quadras e treinadores. Investir no esporte revelaria atletas e afastaria os jovens de caminhos perigosos."
C0794,neighborhood,Ipanema,"Ipanema sofre com poluição que chega ao mar pelas galerias após a chuva. A praia fica imprópria. Despoluir as águas é proteger a saúde e o lazer de toda a população carioca."
C0795,neighborhood,São Conrado,"São Conrado precisa de mais participação dos moradores nas decisões públicas. As obras chegam sem aviso. Ouvir a comunidade traria soluções mais justas e adequadas aos problemas reais do bairro."
C0796,neighborhood,Gávea,"A Gávea tem o Planetário, que poderia ser polo de educação científica para a cidade. Falta investimento e divulgação. Aproximar a ciência das crianças muda o futuro de uma geração inteira."
C0797,neighborhood,Vidigal,"O Vidigal precisa de saneamento que impeça o esgoto de correr pelas escadarias. O cheiro e a doença assustam. Infraestrutura sanitária digna é direito básico de toda a comunidade do morro."
C0798,neighborhood,Leblon,"O Leblon precisa de mais espaços culturais públicos, hoje quase tudo é pago. A cultura deveria ser para todos. Teatro e música gratuitos democratizariam a arte e enriqueceriam a vida do bairro."
C0799,neighborhood,Parque da Cidade,"O Parque da Cidade poderia ter monitoria ambiental com jovens da região. Geraria emprego e cuidado. Unir educação, trabalho e preservação seria um modelo virtuoso para toda a cidade."
C0800,neighborhood,Rocinha,"A Rocinha tem demanda enorme por moradia segura. Muitas famílias vivem em risco nas encostas. Política habitacional digna garantiria o direito básico a um teto seguro para todos os moradores."
C0801,neighborhood,Ipanema,"O Posto 9 de Ipanema é símbolo de liberdade e diversidade, adoro o clima de lá. Mas a falta de estrutura sanitária estraga a experiência. Cuidar desse espaço icônico é cuidar da nossa cultura."
C0802,neighborhood,Gávea,"A Estrada da Gávea vira um rio quando chove e a água invade o comércio. Os lojistas perdem tudo. Drenagem moderna é urgente para enfrentar as chuvas cada vez mais intensas do verão carioca."
C0803,neighborhood,Rocinha,"Minha filha estuda numa escola da Rocinha sem laboratório de informática. No mundo de hoje isso é grave. Tecnologia na educação prepararia esses jovens para o mercado de trabalho do futuro."
C0804,neighborhood,Vidigal,"O Vidigal tem pôr do sol de cinema, mas o turista chega e o morador continua sem o básico. A renda não fica aqui. Turismo de base comunitária mudaria a vida de muita gente."
C0805,neighborhood,Leblon,"O Leblon tem uma das melhores orlas do mundo, mas os ciclistas e pedestres vivem em conflito. Faltam faixas bem demarcadas. Organizar a convivência tornaria o passeio mais seguro para todos."
C0806,neighborhood,São Conrado,"A favela em São Conrado precisa de regularização fundiária para as famílias terem segurança jurídica. Viver sem escritura é viver no medo. Direito à moradia é direito à cidadania plena."
C0807,neighborhood,Parque da Cidade,"O Parque da Cidade poderia ter um centro de acolhimento de animais abandonados. Muitos cães são deixados ali. Cuidar dos bichos também é uma forma de cuidar da nossa humanidade coletiva."
C0808,neighborhood,Ipanema,"Ipanema tem uma vida noturna intensa que gera empregos, mas também muito lixo na madrugada. A coleta não acompanha. Equilibrar economia noturna e limpeza é possível com planejamento adequado."
C0809,neighborhood,Gávea,"A Gávea tem o Jóquei e a PUC, dois polos enormes, mas o transporte público entre eles é fraco. Quase tudo depende de carro. Mais linhas de ônibus integrariam melhor essas instituições ao bairro."
C0810,neighborhood,Rocinha,"A Rocinha tem mães solo que precisam de creche em horário estendido. Muitas trabalham à noite. Educação infantil flexível mudaria a realidade dessas famílias e protegeria as crianças."
C0811,neighborhood,Vidigal,"O Vidigal tem uma comunidade que se mobiliza por melhorias, mas é pouco ouvida. As decisões vêm de cima. Participação cidadã efetiva traria soluções pensadas por quem conhece o território."
C0812,neighborhood,Leblon,"O Leblon precisa de mais sombra na orla, faltam árvores e os toldos são poucos. No calor extremo a praia fica insuportável. Arborização e estrutura tornariam a orla mais convidativa."
C0813,neighborhood,São Conrado,"São Conrado tem uma praia perfeita para esportes aquáticos, mas a poluição afasta os praticantes. O esgoto contamina a água. Despoluir o mar resgataria o potencial esportivo e turístico do bairro."
C0814,neighborhood,Parque da Cidade,"O Parque da Cidade tem uma das melhores vistas da Zona Sul, mas falta segurança para aproveitá-la. Já houve assaltos nas trilhas. Vigilância transformaria esse espaço num verdadeiro refúgio urbano."
C0815,neighborhood,Ipanema,"Ipanema tem comércio que poderia ter mais incentivo para a sustentabilidade. Muito plástico é descartado. Apoiar negócios que reduzem resíduos protegeria a praia e o meio ambiente do bairro."
C0816,neighborhood,Gávea,"A Gávea tem casarões históricos que poderiam virar centros culturais em vez de demolidos. A memória do bairro se perde. Reaproveitar o patrimônio é unir preservação, cultura e desenvolvimento."
C0817,neighborhood,Rocinha,"A Rocinha tem comércio que gera milhares de empregos informais. Faltam direitos e segurança a esses trabalhadores. Formalizar e capacitar traria dignidade e estabilidade às famílias da favela."
C0818,neighborhood,Vidigal,"O Vidigal precisa de melhor acesso à internet, o sinal no alto é péssimo. Os estudantes não conseguem fazer pesquisas. Conectividade hoje é tão essencial quanto luz e água para a comunidade."
C0819,neighborhood,Leblon,"O Leblon tem boa qualidade de vida, mas o trânsito de carros poderia diminuir com mais transporte coletivo. As ruas vivem congestionadas. Investir no ônibus tornaria o bairro mais respirável."
C0820,neighborhood,São Conrado,"São Conrado precisa de mais investimento em educação pública. As escolas estão sucateadas. Crianças de todas as classes merecem o mesmo direito a um ensino de qualidade perto de casa."
C0821,neighborhood,Parque da Cidade,"O Parque da Cidade poderia ter trilhas interpretativas sobre a história da Zona Sul. O lugar guarda muita memória. Patrimônio bem contado educa e fortalece o pertencimento dos moradores."
C0822,neighborhood,Ipanema,"Ipanema tem uma orla disputada e os quiosques poderiam ter padrões ambientais melhores. O lixo da praia é demais. Coleta e fiscalização garantiriam uma praia mais limpa para todos."
C0823,neighborhood,Gávea,"A Gávea tem trânsito que poderia ser aliviado com escalonamento de horários da PUC. A saída de aula congestiona tudo. Soluções simples de mobilidade melhorariam a rotina de quem mora aqui."
C0824,neighborhood,Rocinha,"A Rocinha tem talentos na dança e no funk que merecem palco. Faltam espaços e apoio para os artistas. Investir na cultura jovem da favela gera renda e mantém os jovens longe do crime."
C0825,neighborhood,Vidigal,"O Vidigal precisa de mais médicos no posto, hoje só tem clínico geral. Para especialistas vamos longe. Saúde de qualidade perto de casa faria muita diferença na vida da comunidade."
C0826,neighborhood,Leblon,"O Leblon tem ótimos serviços, mas falta participação dos moradores nas decisões sobre o bairro. Tudo chega pronto. Conselhos comunitários ativos dariam voz a quem vive aqui todos os dias."
C0827,neighborhood,São Conrado,"São Conrado tem belezas naturais que pedem proteção ambiental urgente. O lixo e o esgoto agridem a paisagem. Cuidar do meio ambiente é cuidar do futuro turístico e da saúde do bairro."
C0828,neighborhood,Parque da Cidade,"O Parque da Cidade poderia abrigar feiras de economia solidária com produtores locais. Geraria renda e união. Aproximar quem produz de quem consome fortalece a comunidade e a sustentabilidade."
C0829,neighborhood,Ipanema,"Ipanema tem trânsito intenso e falta priorizar o pedestre nas travessias. Atravessar é arriscado. Faixas elevadas e sinalização melhor protegeriam quem anda a pé pelo bairro movimentado."
C0830,neighborhood,Gávea,"A Gávea tem comércio cultural que dá identidade ao bairro. Mas o aluguel alto fecha as portas. Apoiar livrarias e galerias preservaria a vocação cultural histórica da Gávea para as próximas gerações."
C0831,neighborhood,Rocinha,"A Rocinha tem demanda enorme por saúde da mulher. Faltam exames preventivos no posto local. Saúde feminina acessível salva vidas e deveria ser prioridade na rede pública da comunidade."
C0832,neighborhood,Vidigal,"O Vidigal precisa de transporte público que conecte o morro aos serviços essenciais. Hoje é tudo improviso caro. Mobilidade digna mudaria a rotina cansativa de quem trabalha longe de casa."
C0833,neighborhood,Leblon,"O Leblon tem boa segurança, mas precisa de mais atenção aos furtos na praia. Já vi turistas serem roubados. Policiamento de proximidade na orla traria mais tranquilidade a moradores e visitantes."
C0834,neighborhood,São Conrado,"São Conrado precisa de mais escolas e creches públicas. As famílias não têm onde deixar os filhos. Educação infantil de qualidade liberta as mães para trabalhar e protege as crianças."
C0835,neighborhood,Parque da Cidade,"O Parque da Cidade poderia ser palco de cinema ao ar livre nas noites de verão. As famílias adorariam. Cultura gratuita no espaço público aproxima as pessoas e dá vida ao bairro."
C0836,neighborhood,Ipanema,"Ipanema tem uma identidade cultural que merece ser celebrada com eventos e memoriais. A bossa nava nasceu aqui. Valorizar nossa história atrairia turismo e fortaleceria o orgulho carioca."
C0837,neighborhood,Gávea,"A Gávea tem áreas verdes que precisam de proteção contra a especulação imobiliária. Cada árvore importa. Meio ambiente urbano de qualidade beneficia a saúde e o clima de todos no bairro."
C0838,neighborhood,Rocinha,"A Rocinha tem comerciantes que pagam impostos, mas não recebem serviços à altura. A água falta e a energia oscila. Serviços públicos de qualidade são o mínimo que se deve a quem contribui."
C0839,neighborhood,Vidigal,"O Vidigal tem jovens criativos que merecem espaço para crescer. Faltam centros culturais e esportivos. Investir neles é construir um futuro melhor para toda a comunidade do morro."
C0840,neighborhood,Leblon,"O Leblon precisa de mais áreas verdes além da praia. As poucas praças vivem lotadas. Mais arborização e parques melhorariam o clima e ofereceriam lazer de qualidade às famílias do bairro."
C0841,neighborhood,São Conrado,"São Conrado tem desigualdade que se reflete no acesso à saúde. Quem é pobre depende de unidades distantes e lotadas. Saúde de qualidade perto de casa deveria ser garantida a todos por igual."
C0842,neighborhood,Parque da Cidade,"O Parque da Cidade poderia ter sinalização e estrutura para ciclistas. Muita gente pedala ali sem segurança. Incentivar a mobilidade ativa no parque melhoraria a saúde e o lazer da população."
C0843,neighborhood,Ipanema,"Ipanema tem turismo forte, mas falta informação acessível ao visitante. Não há postos de orientação na orla. Estruturar o turismo geraria renda e melhoraria a imagem do bairro para o mundo."
C0844,neighborhood,Gávea,"A Gávea tem trânsito intenso que melhoraria com faixas exclusivas de ônibus. O coletivo fica preso. Priorizar o transporte público incentivaria as pessoas a deixar o carro em casa de vez."
C0845,neighborhood,Rocinha,"A Rocinha tem uma juventude que sonha com faculdade. Falta orientação e acesso a bolsas de estudo. Apoiar esses jovens abriria as portas da universidade e mudaria o futuro da comunidade."
C0846,neighborhood,Vidigal,"O Vidigal precisa de saneamento que impeça a contaminação do solo e da água. As crianças adoecem. Investir em infraestrutura básica deveria ser a prioridade máxima para a saúde da comunidade."
C0847,neighborhood,Leblon,"O Leblon tem boa coleta de lixo, mas a reciclagem ainda é falha. Faltam pontos de coleta seletiva. Educação ambiental e estrutura juntas fariam o bairro mais sustentável de verdade."
C0848,neighborhood,São Conrado,"São Conrado tem uma praia que poderia gerar muito turismo com estrutura adequada. Faltam banheiros e segurança. Investir na orla criaria emprego e renda para a comunidade do bairro."
C0849,neighborhood,Parque da Cidade,"O Parque da Cidade poderia ter um observatório de aves para os entusiastas da natureza. A fauna ali é riquíssima. Ecoturismo de observação geraria renda e incentivaria a preservação ambiental."
C0850,neighborhood,Ipanema,"Ipanema precisa de melhor gestão dos resíduos da praia no verão. O lixo se acumula de forma assustadora. Coleta reforçada e educação ambiental protegeriam a beleza da nossa orla mais famosa."
C0851,neighborhood,Gávea,"A Gávea tem o desafio de preservar seu caráter histórico diante da especulação. Os casarões somem aos poucos. Tombamento e planejamento manteriam viva a identidade arquitetônica do bairro."
C0852,neighborhood,Rocinha,"A Rocinha tem comércio pulsante, mas falta crédito acessível para os negócios crescerem. A burocracia trava tudo. Microcrédito impulsionaria a economia e a renda de muitas famílias da favela."
C0853,neighborhood,Vidigal,"O Vidigal tem uma vista deslumbrante que atrai turistas, mas o morador não desfruta dela. Falta espaço público. Mirantes comunitários devolveriam à comunidade o que naturalmente é dela."
C0854,neighborhood,Leblon,"O Leblon precisa de mais médicos especialistas na rede pública. A espera por consulta é absurda. Saúde de qualidade e ágil deveria ser garantida a todos, independentemente da renda familiar."
C0855,neighborhood,São Conrado,"São Conrado tem uma comunidade jovem que precisa de oportunidades de cultura e esporte. A ociosidade é risco. Projetos sociais ocupariam esses jovens de forma positiva e transformadora."
C0856,neighborhood,Parque da Cidade,"O Parque da Cidade poderia ter aulas de educação física gratuitas para a comunidade. O espaço é ideal. Atividade ao ar livre melhora a saúde e cria laços entre os moradores do entorno."
C0857,neighborhood,Ipanema,"Ipanema tem uma orla maravilhosa, mas a poluição das galerias a suja após a chuva. A água fica imprópria. Despoluir a orla é proteger o nosso maior patrimônio natural e cultural."
C0858,neighborhood,Gávea,"A Gávea tem comunidade universitária que poderia colaborar com projetos sociais nos bairros vizinhos. O conhecimento precisa circular. Universidade e comunidade juntas transformam realidades de verdade."
C0859,neighborhood,Rocinha,"A Rocinha precisa de saneamento de verdade, não de remendos. O esgoto a céu aberto causa doenças. Investimento sério em infraestrutura mudaria a saúde de toda a comunidade da favela."
C0860,neighborhood,Vidigal,"O Vidigal tem uma escola de samba comunitária que é pura alegria. Mas sobrevive sem apoio nenhum. Valorizar nossas raízes culturais é valorizar a gente e a história da comunidade."
C0861,neighborhood,Leblon,"O Leblon precisa de mais creches públicas para as famílias que trabalham. As particulares são caríssimas. Educação infantil pública deveria existir em todos os bairros, sem exceção alguma."
C0862,neighborhood,São Conrado,"São Conrado tem um trânsito complicado na saída para a Barra. As obras nunca resolvem de fato. Planejamento de mobilidade de longo prazo é o que falta nesta região da cidade."
C0863,neighborhood,Parque da Cidade,"O Parque da Cidade poderia ter projetos de reflorestamento com voluntários da comunidade. Plantar árvores une e educa. Recuperar áreas degradadas é dever de todos para as próximas gerações."
C0864,neighborhood,Ipanema,"Ipanema tem trânsito de bikes e patinetes que gera conflito no calçadão. Falta organização dos espaços. Regras claras de mobilidade evitariam acidentes e tornariam a orla mais segura."
C0865,neighborhood,Gávea,"A Gávea tem trânsito intenso por falta de alternativas de transporte. As pessoas usam carro porque o ônibus é ruim. Investir no coletivo reduziria o congestionamento e a poluição do ar."
C0866,neighborhood,Rocinha,"A Rocinha tem associações de moradores que lutam muito, mas são pouco ouvidas. A prefeitura decide tudo sem consultá-las. Participação cidadã real respeitaria quem conhece o território de verdade."
C0867,neighborhood,Vidigal,"O Vidigal precisa de mais quadras e projetos esportivos para a juventude. Hoje os jovens jogam na rua. Esporte é educação, saúde e prevenção da violência, tudo de uma vez só."
C0868,neighborhood,Leblon,"O Leblon tem boa segurança, mas o policiamento a pé ainda é raro. As câmeras ajudam, mas não bastam. A presença humana faz a diferença na prevenção do crime no dia a dia do bairro."
C0869,neighborhood,São Conrado,"São Conrado tem belezas naturais que poderiam atrair ecoturismo. As trilhas para o morro são incríveis. Estruturar essas atividades geraria renda sustentável para a comunidade local do bairro."
C0870,neighborhood,Parque da Cidade,"O Parque da Cidade está pedindo placas educativas sobre a fauna e flora locais. Seria ótimo para as escolas. Educação ambiental ao ar livre marca a vida das crianças para sempre."
C0871,neighborhood,Ipanema,"Ipanema sofre com a poluição que chega ao mar pelas galerias após a chuva. A praia fica imprópria. Despoluir as águas é proteger a saúde e o lazer de toda a população carioca."
C0872,neighborhood,Gávea,"A Gávea tem patrimônio histórico que merece tombamento e proteção. A especulação ameaça esse legado. Preservar a arquitetura mantém viva a memória e a identidade do nosso bairro querido."
C0873,neighborhood,Rocinha,"A Rocinha tem uma população jovem enorme e quase nenhum espaço de lazer. Os jovens merecem quadras e cultura. Investir neles é prevenir a violência desde a raiz e construir um futuro melhor."
C0874,neighborhood,Vidigal,"O Vidigal precisa de água tratada chegando a todas as casas, sem falhas. A escassez é constante no alto. Acesso universal à água é uma questão de dignidade e de saúde básica."
C0875,neighborhood,Leblon,"O Leblon tem boas escolas particulares, mas a pública do bairro está sucateada. Nem todos podem pagar. Educação pública de qualidade reduziria a desigualdade que vejo no dia a dia."
C0876,neighborhood,São Conrado,"São Conrado precisa de uma UPA própria, hoje dependemos de unidades distantes. Numa emergência cada minuto conta. Saúde de urgência perto de casa pode literalmente salvar vidas no bairro."
C0877,neighborhood,Parque da Cidade,"O Parque da Cidade poderia ter wi-fi público e bancos para estudantes. Seria um espaço de estudo ao ar livre. Democratizar o acesso à internet também é uma forma de inclusão social."
C0878,neighborhood,Ipanema,"Ipanema tem uma orla que precisa de mais sombra, faltam árvores no calçadão. No verão o calor é insuportável. Arborização urbana é a forma mais simples de tornar a cidade habitável."
C0879,neighborhood,Gávea,"A Gávea tem feira livre ótima às quintas, com produtos frescos e preço justo. Mas poderia ser maior e mais divulgada. Apoiar a feira fortalece o pequeno produtor e a economia local."
C0880,neighborhood,Rocinha,"A Rocinha tem talento esportivo de sobra, mas faltam quadras e treinadores. Os jovens jogam onde dá. Investir no esporte revelaria atletas e afastaria a juventude de caminhos perigosos."
C0881,neighborhood,Vidigal,"O Vidigal tem uma comunidade artística forte que poderia atrair turismo cultural. Faltam espaços e apoio. Investir em cultura local geraria renda e orgulho para os moradores do morro."
C0882,neighborhood,Leblon,"O Leblon precisa de mais transparência nas obras públicas. Os moradores nunca sabem o cronograma. Comunicação clara com a população evita transtornos e fortalece a confiança no poder público."
C0883,neighborhood,São Conrado,"São Conrado tem famílias que vivem sem coleta de lixo regular no morro. O acúmulo atrai doença. Limpeza urbana digna deveria chegar igualmente a toda a população do bairro."
C0884,neighborhood,Parque da Cidade,"O Parque da Cidade poderia abrigar uma horta comunitária para os moradores. Plantar junto une as pessoas. Iniciativas assim ensinam sustentabilidade e fortalecem o senso de comunidade local."
C0885,neighborhood,Ipanema,"Ipanema tem comércio que sofre com o aluguel nas alturas. Lojas tradicionais estão fechando. Incentivos ajudariam a preservar a economia e a identidade histórica do bairro para o futuro."
C0886,neighborhood,Gávea,"A Gávea tem o Planetário, um espaço educativo único na cidade. Mas as visitas escolares diminuíram. Parcerias com escolas públicas democratizariam esse conhecimento incrível para as crianças."
C0887,neighborhood,Rocinha,"A Rocinha tem mães que sonham com creche para voltar ao trabalho. A falta de vaga prende muitas em casa. Investir em educação infantil é investir na renda das famílias e no futuro das crianças."
C0888,neighborhood,Vidigal,"O Vidigal precisa de mais segurança que dialogue com a comunidade. A polícia deveria proteger, não amedrontar. Confiança entre moradores e segurança pública previne mais que a repressão pura."
C0889,neighborhood,Leblon,"O Leblon precisa de mais profissionais de saúde mental na rede pública. A ansiedade e a depressão crescem. Cuidar da mente deveria ter a mesma prioridade que cuidar do corpo nos postos."
C0890,neighborhood,São Conrado,"São Conrado tem potencial turístico enorme com a praia e o voo livre. Mas falta divulgação e estrutura. Um plano de turismo sustentável beneficiaria toda a comunidade e geraria empregos."
C0891,neighborhood,Parque da Cidade,"O Parque da Cidade poderia receber feiras de adoção de animais aos sábados. Tem espaço e movimento de famílias. Seria uma forma linda de unir lazer com uma causa muito importante."
C0892,neighborhood,Ipanema,"Ipanema tem mobilidade de bicicleta boa, mas as bikes compartilhadas vivem quebradas. Quando preciso, nunca tem disponível. Manutenção do sistema é essencial para incentivar o uso da bicicleta."
C0893,neighborhood,Gávea,"A Gávea tem comércio universitário forte, mas os preços são abusivos para o estudante de baixa renda. Mais oferta e concorrência justa baratearia o dia a dia da comunidade acadêmica do bairro."
C0894,neighborhood,Rocinha,"A Rocinha tem uma rádio comunitária que informa e une o bairro. Iniciativas assim mostram a força da participação cidadã. O poder público deveria apoiar e ouvir essas vozes da comunidade."
C0895,neighborhood,Vidigal,"O Vidigal tem projetos de surfe social que tiram crianças do risco. São iniciativas lindas, mas vivem sem verba. O poder público deveria apoiar quem já faz a diferença na comunidade."
C0896,neighborhood,Leblon,"O Leblon tem muitos cachorros e poucos espaços apropriados para eles. As praças ficam sujas e há conflitos. Um parque canino organizado resolveria isso e uniria os tutores do bairro."
C0897,neighborhood,São Conrado,"São Conrado precisa de transporte público mais frequente. Quando uma linha quebra, ficamos a pé. A mobilidade aqui foi esquecida pelo planejamento e prejudica a vida de quem trabalha longe."
C0898,neighborhood,Parque da Cidade,"O Parque da Cidade poderia abrigar oficinas de educação ambiental para as crianças do entorno. Aprender brincando na natureza é poderoso. Formar consciência ecológica desde cedo é investir no futuro."
C0899,neighborhood,Ipanema,"Ipanema tem uma orla que é patrimônio de todos, mas a manutenção é irregular. Pedras soltas e bancos quebrados. Cuidar do espaço público é respeitar quem usa a praia diariamente."
C0900,neighborhood,Gávea,"A Gávea tem trânsito caótico na entrada da PUC e do Jóquei. Faltam semáforos inteligentes e organização. Mobilidade pensada reduziria o estresse de quem passa por aqui todos os dias."
C0901,neighborhood,Rocinha,"A Rocinha sofre com desabamentos toda época de chuva, as encostas são instáveis. Já perdi conhecidos em deslizamentos. Obras de contenção e moradia segura deveriam ser prioridade absoluta."
C0902,neighborhood,Vidigal,"O Vidigal tem famílias morando em áreas de risco que precisam de moradia segura. As encostas ameaçam desabar. Política habitacional digna protegeria a vida de muitos moradores da comunidade."
C0903,neighborhood,Leblon,"O Leblon precisa de um centro cultural público, hoje tudo é privado e caro. A cultura deveria ser de todos. Um espaço aberto para teatro e música democratizaria o acesso à arte no bairro."
C0904,neighborhood,São Conrado,"São Conrado tem desigualdade educacional escancarada. As crianças ricas vão para colégios caros, as pobres para escolas sucateadas. Educação igualitária deveria ser a prioridade número um."
C0905,neighborhood,Parque da Cidade,"O Parque da Cidade poderia ter atividades para a terceira idade, aulas de ginástica ao ar livre. O espaço é enorme. Lazer de qualidade melhora a saúde física e emocional de todos nós."
C0906,neighborhood,Ipanema,"Ipanema tem uma vida noturna agitada, mas o transporte público para tarde demais para quem trabalha à noite. Voltar para casa é difícil. Mobilidade noturna segura é uma necessidade real do bairro."
C0907,neighborhood,Gávea,"A Gávea tem áreas verdes que precisam ser protegidas do avanço imobiliário. Cada árvore derrubada é uma perda. Meio ambiente urbano de qualidade impacta a saúde de todos os moradores."
C0908,neighborhood,Rocinha,"A Rocinha tem comerciantes que enfrentam apagões constantes. A energia instável prejudica os negócios. Investir na rede elétrica é essencial para a economia e a qualidade de vida da comunidade."
C0909,neighborhood,Vidigal,"O Vidigal tem energia elétrica instável, faltando luz com frequência. Isso prejudica o trabalho e os estudos. Infraestrutura confiável é a base para qualquer desenvolvimento da comunidade do morro."
C0910,neighborhood,Leblon,"O Leblon tem boa qualidade de vida, mas falta integração entre vizinhos. Cada um vive na sua bolha. Atividades comunitárias nas praças reaproximariam as pessoas e fortaleceriam o bairro."
C0911,neighborhood,São Conrado,"São Conrado tem belezas que poderiam render muito turismo, mas falta cuidado com o meio ambiente. O esgoto suja a praia. Sustentabilidade e turismo precisam caminhar juntos no bairro."
C0912,neighborhood,Parque da Cidade,"O Parque da Cidade poderia ter um café e uma livraria para os visitantes. Faltam serviços de apoio. Pequenos negócios no parque gerariam renda e tornariam a visita mais agradável a todos."
C0913,neighborhood,Ipanema,"Ipanema precisa de mais banheiros públicos na orla, os poucos que há vivem sujos. É constrangedor para todos. Estrutura sanitária digna é parte essencial de uma praia bem cuidada."
C0914,neighborhood,Gávea,"A Gávea tem comércio de qualidade, mas o aluguel alto fecha muitas lojas tradicionais. Vejo pontos antigos virando rede genérica. Apoiar o comerciante local preserva a identidade do bairro."
C0915,neighborhood,Rocinha,"A Rocinha tem uma das maiores populações jovens da cidade e quase nenhum espaço de lazer. Os jovens merecem quadras e bibliotecas. Investir neles é prevenir a violência na raiz e dar futuro."
C0916,neighborhood,Vidigal,"O Vidigal precisa de mais escadarias seguras e corrimãos, muitos idosos caem. As subidas são íngremes. Acessibilidade no morro é uma questão de dignidade e de segurança para a comunidade."
C0917,neighborhood,Leblon,"O Leblon tem boa segurança comparado a outros bairros, mas os furtos na praia incomodam. Já tive meu celular levado. Mais atenção policial na orla resolveria boa parte desses casos."
C0918,neighborhood,São Conrado,"São Conrado tem uma escola pública que precisa de reforma e mais professores. Os alunos merecem melhor. Investir em educação de qualidade é a base para reduzir a desigualdade do bairro."
C0919,neighborhood,Parque da Cidade,"O Parque da Cidade poderia ter um centro de visitantes com informações sobre a fauna e a história. Os turistas se perdem. Estruturar a visitação geraria renda e valorizaria o patrimônio natural."
C0920,neighborhood,Ipanema,"Ipanema tem uma orla cobiçada, mas o trânsito de carros e o estacionamento caótico afastam pedestres. Faltam zonas para caminhar. Priorizar as pessoas tornaria o bairro mais agradável e humano."
C0921,neighborhood,Gávea,"A Gávea tem trânsito que sufoca o bairro nos horários de pico. O transporte público não resolve. Repensar a mobilidade com mais ônibus e ciclovias melhoraria a vida de todos por aqui."
C0922,neighborhood,Rocinha,"A Rocinha tem empreendedoras incríveis no ramo de alimentação e moda. Mas falta crédito e apoio para crescerem. Microcrédito para mulheres da favela transformaria muitas famílias de uma vez."
C0923,neighborhood,Vidigal,"O Vidigal tem uma vista que vale ouro, mas o morador convive com a falta de saneamento. O contraste é cruel. Turismo sem infraestrutura para quem mora é uma injustiça que precisa acabar."
C0924,neighborhood,Leblon,"O Leblon tem boa coleta de lixo, mas a reciclagem ainda é falha. Faltam pontos de descarte seletivo. Educação ambiental e estrutura juntas fariam o bairro mais sustentável de verdade."
C0925,neighborhood,São Conrado,"São Conrado tem um shopping de luxo ao lado de famílias sem o básico. A desigualdade é um tapa na cara. Políticas de redistribuição e integração urbana são moralmente necessárias aqui."
C0926,neighborhood,Parque da Cidade,"O Parque da Cidade poderia abrigar um espaço de memória contando a história da Zona Sul. Nossa identidade precisa ser preservada. Cultura e patrimônio fortalecem o pertencimento dos moradores."
C0927,neighborhood,Ipanema,"Ipanema tem ruas com fiação elétrica exposta e perigosa em vários pontos. Já vi faísca em dia de chuva. A infraestrutura básica precisa de atenção antes que aconteça uma tragédia no bairro."
C0928,neighborhood,Gávea,"A Gávea tem a Pedra da Gávea como patrimônio natural deslumbrante. As trilhas para o topo precisam de mais segurança e guias. Ecoturismo organizado protegeria a montanha e geraria renda local."
C0929,neighborhood,Rocinha,"A Rocinha tem uma cultura vibrante que move a economia criativa. Mas falta visibilidade e mercado para esses talentos. Conectar a favela ao mundo formal geraria renda e reconhecimento merecido."
C0930,neighborhood,Vidigal,"O Vidigal precisa de coleta de lixo regular nas partes altas, hoje é abandonado. O lixo se acumula e desce com a chuva. Saneamento e limpeza são direitos, não cortesia do poder público."
C0931,neighborhood,Leblon,"O Leblon precisa de mais áreas verdes além da praia, faltam praças arborizadas. As poucas vivem lotadas. Mais verde no bairro melhoraria o clima e a qualidade de vida de quem mora aqui."
C0932,neighborhood,São Conrado,"São Conrado tem uma localização privilegiada, mas o transporte público não corresponde. Dependemos de poucas linhas lotadas. Mobilidade de qualidade transformaria a rotina de quem mora por aqui."
C0933,neighborhood,Parque da Cidade,"O Parque da Cidade está com os brinquedos infantis quebrados e enferrujados. As crianças se machucam ali. Manutenção dos equipamentos de lazer é responsabilidade básica do poder público."
C0934,neighborhood,Ipanema,"Ipanema tem uma orla que poderia ter mais sombra e estrutura no calçadão. O calor afasta as pessoas no verão. Pequenas melhorias tornariam a praia mais acolhedora para todos os frequentadores."
C0935,neighborhood,Gávea,"A Gávea tem o charme de bairro antigo que vai se perdendo. Os casarões dão lugar a prédios sem alma. Preservar o patrimônio arquitetônico mantém viva a identidade da nossa comunidade."
C0936,neighborhood,Rocinha,"A Rocinha tem uma juventude criativa que faz arte de rua incrível. Murais coloridos transformam os becos. Apoiar essa cultura é dar dignidade e oportunidade a quem tem muito a oferecer."
C0937,neighborhood,Vidigal,"O Vidigal tem uma cultura de samba e funk que é pura identidade. Mas falta apoio para os artistas locais. Valorizar a cultura da favela é reconhecer a riqueza que ela produz."
C0938,neighborhood,Leblon,"O Leblon precisa de mais segurança nas ruas internas à noite, não só na orla. Os assaltos acontecem no caminho de casa. Iluminação e ronda dariam tranquilidade aos moradores do bairro."
C0939,neighborhood,São Conrado,"São Conrado precisa de mais coleta de lixo nas áreas do morro. O acúmulo desce para a praia. Limpeza urbana digna deveria alcançar igualmente todas as partes do bairro."
C0940,neighborhood,Parque da Cidade,"O Parque da Cidade poderia receber atividades culturais nos fins de semana, como contação de histórias. As crianças adorariam. Cultura ao ar livre transforma a relação com o espaço público."
C0941,neighborhood,Ipanema,"Ipanema tem uma orla disputada e o trânsito de bikes e patinetes vira confusão. Falta organização dos espaços. Regras claras de mobilidade evitariam acidentes e conflitos no calçadão."
C0942,neighborhood,Gávea,"A Gávea tem comércio cultural diverso, mas precisa de mais incentivo para sobreviver. Os custos sufocam os pequenos. Apoiar a economia criativa preserva a alma e a identidade do bairro."
C0943,neighborhood,Rocinha,"A Rocinha tem uma demanda enorme por moradia digna. Muitas famílias vivem em condições insalubres. Política habitacional séria garantiria o direito básico a um lar seguro para todos."
C0944,neighborhood,Vidigal,"O Vidigal tem uma comunidade unida que se ajuda nas dificuldades. Mas falta apoio do poder público nessas redes. Fortalecer a participação comunitária multiplicaria o impacto dessas iniciativas locais."
C0945,neighborhood,Leblon,"O Leblon poderia ter mais hortas comunitárias em terrenos ociosos. Plantar junto une vizinhos e produz alimento fresco. Sustentabilidade urbana começa com pequenas iniciativas como essa no bairro."
C0946,neighborhood,São Conrado,"São Conrado precisa de mais áreas de lazer públicas além da praia. As famílias não têm onde levar as crianças. Praças e parques infantis melhorariam muito a convivência no bairro."
C0947,neighborhood,Parque da Cidade,"O Parque da Cidade poderia oferecer atividades inclusivas para pessoas com deficiência. O lazer deve ser para todos. Acessibilidade no espaço público é uma marca de uma cidade civilizada."
C0948,neighborhood,Ipanema,"Ipanema tem trânsito intenso e a poluição sonora das motos de entrega afeta a saúde de quem mora. Precisamos de fiscalização e ruas mais humanas, pensadas para as pessoas e não só para os carros."
C0949,neighborhood,Gávea,"A Gávea tem a Floresta da Tijuca pertinho, um patrimônio natural incrível. As trilhas de acesso precisam de melhor manutenção. Ecoturismo bem cuidado preservaria a mata e geraria renda local."
C0950,neighborhood,Rocinha,"A Rocinha tem cozinheiras talentosas que poderiam transformar a gastronomia local em renda. Falta apoio para abrir negócios. Turismo gastronômico na favela mudaria a economia de muitas famílias."
C0951,neighborhood,Vidigal,"O Vidigal tem jovens talentosos no audiovisual que documentam a favela com orgulho. Falta apoio e equipamento. Investir na cultura jovem é abrir caminhos de renda e representatividade para o morro."
C0952,neighborhood,Leblon,"O Leblon tem boa estrutura de saúde privada, mas o posto público vive sem remédios básicos. Quem depende do SUS é o esquecido. Saúde pública precisa de abastecimento garantido sempre."
C0953,neighborhood,São Conrado,"São Conrado tem famílias que esperam anos por moradia digna. As condições no morro são precárias. Política habitacional séria daria segurança e dignidade a quem mais precisa no bairro."
C0954,neighborhood,Parque da Cidade,"O Parque da Cidade poderia ter um programa de adoção de árvores pelos moradores. Cada um cuidaria da sua. Esse vínculo aumentaria a preservação e o senso de pertencimento ao espaço público."
C0955,neighborhood,Ipanema,"Ipanema tem uma orla incrível, mas a coleta seletiva é falha. Tudo vai junto para o caminhão. Investir em reciclagem de verdade reduziria o lixo que acaba poluindo o nosso mar."
C0956,neighborhood,Gávea,"A Gávea tem trânsito complicado por falta de alternativas de transporte. As pessoas usam carro porque o ônibus é ruim. Investir no coletivo reduziria o congestionamento e a poluição do ar do bairro."
C0957,neighborhood,Rocinha,"A Rocinha tem uma rede de solidariedade impressionante entre vizinhos. Mas a violência policial assusta. Queria políticas de segurança que tratassem o morador como cidadão, não como suspeito."
C0958,neighborhood,Vidigal,"O Vidigal tem uma escola de samba comunitária que é pura alegria e cultura. Mas sobrevive sem apoio. Valorizar nossas raízes culturais é valorizar a nossa gente e a história da comunidade."
C0959,neighborhood,Leblon,"O Leblon precisa de mais opções de lazer gratuito para crianças além da praia. Faltam praças com brinquedos. Espaços públicos infantis bem cuidados fazem falta para as famílias do bairro."
C0960,neighborhood,São Conrado,"São Conrado tem uma praia perfeita para o voo livre, que poucos lugares no mundo têm. Deveria ser mais valorizada como atração. Bem estruturada, geraria muito emprego para a região."
C0961,neighborhood,Parque da Cidade,"O Parque da Cidade poderia abrigar um viveiro de mudas para distribuição gratuita. Plantar árvores ficaria mais fácil. Iniciativas verdes assim melhoram o clima e unem a comunidade do entorno."
C0962,neighborhood,Ipanema,"Ipanema tem identidade cultural ligada à música e à praia que merece ser celebrada. Faltam eventos que resgatem isso. Valorizar nossa cultura atrairia turismo e fortaleceria o orgulho local."
C0963,neighborhood,Gávea,"A Gávea tem a tradição cultural do Planetário e do IMS, mas falta integração entre eles. Um circuito cultural atrairia mais visitantes. Cultura conectada gera mais valor para o bairro inteiro."
C0964,neighborhood,Rocinha,"A Rocinha tem uma economia criativa enorme, do funk ao artesanato. Mas falta visibilidade e mercado. Conectar esses talentos a oportunidades formais geraria renda e valorizaria a cultura local."
C0965,neighborhood,Vidigal,"O Vidigal tem uma comunidade resiliente que merece mais do poder público. Faltam serviços básicos no alto. Levar infraestrutura ao morro é uma questão de justiça e de cidadania plena."
C0966,neighborhood,Leblon,"O Leblon precisa de mais médicos no posto de saúde, a demanda só cresce. Esperei semanas por uma consulta. Saúde pública de qualidade exige investimento contínuo, não promessas vazias."
C0967,neighborhood,São Conrado,"São Conrado tem uma comunidade que quer participar das decisões do bairro. Mas nunca é consultada. Participação cidadã real traria soluções mais justas e adequadas à nossa realidade local."
C0968,neighborhood,Parque da Cidade,"O Parque da Cidade poderia ter um circuito de corrida demarcado e seguro. Muita gente treina ali sem estrutura. Incentivar o esporte no parque melhoraria a saúde da população do entorno."
C0969,neighborhood,Ipanema,"Ipanema precisa de mais fiscalização ambiental nas galerias pluviais que poluem o mar. A praia paga o preço. Proteger a orla é proteger a saúde e o lazer de toda a cidade do Rio."
C0970,neighborhood,Gávea,"A Gávea tem comércio universitário que poderia ser mais inclusivo nos preços. O estudante pobre sofre. Mais concorrência e oferta justa beneficiariam toda a comunidade acadêmica do bairro."
C0971,neighborhood,Rocinha,"A Rocinha precisa de mais cursos profissionalizantes acessíveis. Os jovens querem trabalhar, falta qualificação. Educação técnica gratuita abriria portas no mercado e reduziria o desemprego local."
C0972,neighborhood,Vidigal,"O Vidigal tem mulheres que sustentam a casa e precisam de apoio contra a violência doméstica. Faltam serviços no morro. Um centro de acolhimento da mulher na comunidade salvaria muitas vidas."
C0973,neighborhood,Leblon,"O Leblon tem boa segurança, mas precisa de policiamento a pé além das câmeras. A presença humana previne melhor. Confiança entre moradores e polícia melhora a segurança de todos no bairro."
C0974,neighborhood,São Conrado,"São Conrado tem belezas naturais que pedem proteção ambiental urgente. O esgoto e o lixo agridem a paisagem. Cuidar do meio ambiente é cuidar do futuro turístico e da saúde do bairro."
C0975,neighborhood,Parque da Cidade,"O Parque da Cidade poderia ter painéis solares e ser exemplo de sustentabilidade. A energia limpa inspiraria a cidade. Espaços públicos verdes deveriam liderar pelo exemplo na questão ambiental."
C0976,neighborhood,Ipanema,"Ipanema tem uma orla maravilhosa, mas a falta de policiamento de madrugada assusta. Já presenciei roubo no calçadão. Segurança contínua, não só no verão, daria tranquilidade a quem mora aqui."
C0977,neighborhood,Gávea,"A Gávea tem trânsito que pede soluções inteligentes, como semáforos sincronizados. O engarrafamento é diário. Tecnologia aplicada à mobilidade reduziria o estresse de quem circula pelo bairro."
C0978,neighborhood,Rocinha,"A Rocinha tem uma população enorme e poucos equipamentos de saúde. As filas são intermináveis. Ampliar a rede de atendimento é urgente para garantir o direito à saúde de todos aqui."
C0979,neighborhood,Vidigal,"O Vidigal precisa de espaços de cultura e lazer para que os jovens tenham para onde ir. A rua oferece riscos. Investir em cultura comunitária é a melhor prevenção contra a violência."
C0980,neighborhood,Leblon,"O Leblon tem ótima oferta cultural, mas é toda paga e cara. Faltam atividades gratuitas para quem não pode pagar. Cultura acessível deveria ser política pública, não privilégio de poucos."
C0981,neighborhood,São Conrado,"São Conrado precisa de saneamento que impeça o esgoto de chegar à praia. A saúde de todos depende disso. Investir em infraestrutura sanitária é proteger banhistas e moradores do bairro."
C0982,neighborhood,Parque da Cidade,"O Parque da Cidade poderia receber projetos sociais que atendessem jovens em vulnerabilidade. O espaço comporta muita coisa. Lazer e cultura mudam vidas e afastam os jovens dos riscos da rua."
C0983,neighborhood,Ipanema,"Ipanema poderia investir em telhados verdes e jardins verticais nos prédios. O calor extremo pede soluções criativas. Cidades pelo mundo usam isso para amenizar a temperatura e a poluição do ar."
C0984,neighborhood,Gávea,"A Gávea tem a Lagoa pertinho, ótima para esporte e lazer. Mas o acesso de bicicleta é perigoso pela falta de ciclovia contínua. Conectar os bairros por ciclovias incentivaria a vida saudável."
C0985,neighborhood,Rocinha,"A Rocinha tem jovens que largam a escola para trabalhar e ajudar em casa. A evasão escolar é alta. Bolsas e apoio à permanência manteriam esses jovens estudando e mudariam seu futuro."
C0986,neighborhood,Vidigal,"O Vidigal tem grupos de mulheres que se organizam para gerar renda com artesanato. São verdadeiras heroínas. Apoiar essas iniciativas femininas fortaleceria a economia de muitas famílias do morro."
C0987,neighborhood,Leblon,"O Leblon tem muitos prédios fechados e vazios enquanto falta moradia para quem trabalha aqui. É um absurdo social. Tributar imóvel ocioso poderia incentivar o uso e baixar o custo da habitação."
C0988,neighborhood,São Conrado,"São Conrado tem a praia do voo livre que é única no Brasil. Mas falta sinalização turística e apoio. Estruturar essa atração geraria renda e colocaria o bairro no mapa do turismo nacional."
C0989,neighborhood,Parque da Cidade,"O Parque da Cidade poderia ter uma área de camping educativo para escolas. As crianças adorariam acampar. Contato com a natureza cria memórias e consciência ambiental que duram a vida toda."
C0990,neighborhood,Ipanema,"Ipanema tem uma orla que poderia ter ruas exclusivas para pedestres aos domingos. Isso valorizaria os negócios e a convivência. Cidades pelo mundo fazem isso com muito sucesso comprovado."
C0991,neighborhood,Gávea,"A Gávea perdeu o cinema de rua que era ponto de encontro de gerações. Hoje só tem shopping caro. Sinto falta de espaços culturais de bairro que reuniam as famílias com simplicidade e afeto."
C0992,neighborhood,Rocinha,"A Rocinha tem grupos de teatro comunitário que emocionam, fiz parte de um deles. Mas vivem sem patrocínio. Apoiar a cultura da favela é apostar na transformação de muitas vidas jovens."
C0993,neighborhood,Vidigal,"O Vidigal precisa de transporte público que suba o morro, hoje só tem van e moto. É caro e perigoso. Levar o transporte oficial até o alto seria um marco de dignidade para a comunidade."
C0994,neighborhood,Leblon,"O Leblon tem um envelhecimento da população e faltam serviços para os idosos. Não há centro de convivência público. Pensar a cidade para quem envelhece é um dever que estamos ignorando."
C0995,neighborhood,São Conrado,"São Conrado tem um comércio que poderia crescer com mais turismo organizado. A praia atrai gente, mas falta estrutura. Apoiar o comerciante local geraria renda e empregos no bairro."
C0996,neighborhood,Parque da Cidade,"O Parque da Cidade poderia abrigar uma feira de troca de roupas e objetos. O consumo consciente cresceria. Iniciativas de economia circular reduzem o lixo e unem a comunidade de forma saudável."
C0997,neighborhood,Ipanema,"Ipanema tem trânsito de ciclistas crescente, mas faltam paraciclos e sinalização. As bikes ficam amarradas em postes. Mais infraestrutura incentivaria ainda mais o uso saudável da bicicleta no bairro."
C0998,neighborhood,Gávea,"A Gávea tem patrimônio histórico que poderia render roteiros turísticos culturais. Faltam sinalização e divulgação. Valorizar a memória do bairro atrairia visitantes e geraria renda para o comércio."
C0999,neighborhood,Rocinha,"A Rocinha tem comerciantes que sustentam o bairro, mas não recebem serviços à altura. A energia oscila e a água falta. Serviços públicos de qualidade são o mínimo que se deve a quem contribui."
C1000,neighborhood,Vidigal,"O Vidigal me dá orgulho pela comunidade unida e pela vista mais linda do Rio. Mas ainda lutamos pelo básico: água, saneamento e saúde. Espero que um dia o poder público enxergue a gente daqui de cima."
