id,comment,territory
1,"As escadarias e vielas da comunidade tão caindo aos pedaços de tão velhas. Os degraus tão todos quebrados e não tem um corrimão sequer, o que é um perigo imenso em dia de chuva. meu marido voltando do trabalho escorregou e machucou o braço ontem de noite subindo na escadaria principal da comunidade,. Precisamos de reformas urgentes. E pra piorar tudo, as calçadas tão todas quebradas, um perigo de queda pros idosos.",comunidade
2,"O canal de atendimento 1746 virou uma piada de mau gosto e ineficiente. A gente abre protocolo sobre os problemas crônicos de conservação perto de nos arredores da Praça Santos Dumont, no Baixo Gávea,, eles deixam vencer o prazo e fecham o chamado como se estivesse resolvido sem fazer nada. meu filho adolescente se sente feito de palhaço pela gestão.",asfalto
3,"Um absurdo completo o atendimento de saúde pública na nossa zona. na última terça-feira, minha mãe idosa passou muito mal com febre alta e ficamos horas esperando atendimento médico no posto da Gávea. Os profissionais trabalham sobrecarregados e faltam insumos básicos. A prefeitura precisa investir sério.",alto da gávea
4,"A especulação imobiliária tá destruindo a identidade do bairro residencial. Estão derrubando casas históricas perto de no trecho mais alto e escuro da via, pra construir prédios enormes de luxo. uma senhora de idade que mora aqui perto acha um absurdo essa verticalização sem planejamento, que sobrecarrega o esgoto, a água e o trânsito local. E a iluminação dos postes sumiu nessa parte, virando um breu danado propício pra assaltos.",alto da gávea
5,"O risco de deslizamento de barreira tira o sono de qualquer morador. Toda vez que começa a chover forte, um rapaz que estuda na PUC fica acordado a noite toda vigiando a encosta perto de na localidade conhecida como Grota,. A Geo-Rio precisa fazer uma obra de contenção de encostas urgente ali antes que aconteça uma tragédia.",favela
6,"A insegurança aqui tá um absurdo total. Ninguém consegue mais andar tranquilo na Rua Vice-Governador Rubens Berardo, depois das sete da noite porque o policiamento preventivo sumiu. um morador antigo aqui do beco já cansou de ver assalto perto dos prédios. Precisamos de patrulhamento urgente e iluminação de verdade pra afastar esses criminosos.",asfalto
7,"Falta iluminação nos becos mais internos da comunidade. Caminhar por aqui de noite é um desafio de sobrevivência porque tá tudo no escuro completo. perto do ponto final das vans lá em cima,, os moradores vivem com medo de assalto e queda. minha irmã com o carrinho de bebê comprou lâmpada do próprio bolso pra colocar no beco. Desse jeito o posto de saúde vai continuar lotado de gente doente com infecção.",favela
8,"A gente vive no meio do fogo cruzado e ninguém faz nada por nós. já faz uns três dias teve tiroteio perto do CIEP e eu mesmo com pressa pro serviço teve que correr pra se proteger dentro do beco. As crianças ficam traumatizadas e perdem aula direta. Segurança pra nós da comunidade é artigo de luxo pelo visto.",comunidade
9,"É uma pouca vergonha o estado das galerias de esgoto aqui. logo cedo na segunda-feira a tubulação começou a vazar bem nos arredores da Praça Santos Dumont, no Baixo Gávea, e o mau cheiro tá insuportável na rua inteira. um grupo de estudantes daqui já ligou pro 1746 reclamando, mas ninguém aparece. Descaso total da prefeitura com o IPTU caro que a gente paga.",asfalto
10,"Toda vez que cai uma chuva mais forte, as ruas da Gávea alagam por causa dos bueiros entupidos. no final da tarde de quinta, a água da chuva acumulou tanto em frente ao Shopping da Gávea, que cobriu as calçadas e quase invadiu os comércios. minha filha mais nova teve o carro danificado. A Comlurb precisa limpar essas bocas de lobo urgente. Fora o transporte público que demora horas pra passar e nos deixa mofando no ponto com medo.",asfalto
11,"O posto de saúde tá sempre lotado e faltam especialistas como pediatra e ginecologista. meu vizinho da frente, o Seu Jorge, tá tentando marcar uma consulta há mais de quatro meses e nada. durante o temporal de ontem disseram que o sistema do Sisreg caiu. É uma falta de respeito enorme com quem mora na comunidade.",favela
12,"A situação da saúde aqui tá precária demais. O posto da Gávea não dá conta de atender todo mundo da favela e do asfalto. uma vizinha nossa, a Dona Maria, foi lá com suspeita de dengue no meio da semana passada e mandaram voltar pra casa e tomar paracetamol sem nem fazer exame de sangue. Uma vergonha esse descaso.",comunidade
13,"A saúde aqui na região tá um caos absoluto. Fui levar meu marido voltando do trabalho no posto de saúde da Gávea ontem de noite e não tinha nenhum clínico de plantão. Uma fila imensa dobrava o quarteirão desde a madrugada e de manhã disseram que as senhas tinham acabado. É humilhante ver o trabalhador sofrendo assim. A prefeitura diz na televisão que faz obra mas a verdade é que o descaso continua igual por aqui.",asfalto
14,"Toda vez que cai uma chuva mais forte, as ruas da Gávea alagam por causa dos bueiros entupidos. na semana passada, a água da chuva acumulou tanto no cruzamento principal perto do posto de combustível, que cobriu as calçadas e quase invadiu os comércios. meu filho adolescente teve o carro danificado. A Comlurb precisa limpar essas bocas de lobo urgente.",asfalto
15,"Nossos jovens tão sem perspectiva porque as escolas públicas da comunidade tão abandonadas. Falta professor de matemática e inglês direto. na última terça-feira o filho de minha mãe idosa ficou sem aula e voltou pra casa cedo. Sem educação de qualidade, como que as crianças da favela vão vencer na vida?",comunidade
16,"A gente vive com medo de sair de casa à noite. Aqui perto de nos arredores da Praça Santos Dumont, no Baixo Gávea,, os assaltos são constantes e violentos. esses dias atrás teve correria perto do ponto de ônibus. É um trauma pro uma senhora de idade que mora aqui perto e pra todo mundo que mora aqui no asfalto. Cadê o Segurança Presente que tanto prometeram? É uma falta de respeito tremenda com quem paga imposto caro todo mês e não vê retorno.",asfalto
17,"O esgoto correndo a céu aberto aqui na comunidade é uma humilhação diária. anteontem o cano estourou bem na Travessa do Sol, área residencial, e tá aquela lama podre passando na porta de casa. um rapaz que estuda na PUC tá limpando tudo sozinho porque a prefeitura não manda ninguém da Cedae ou da Comlurb. Rato e barata tomando conta de tudo.",comunidade
18,"A coleta de lixo aqui dentro não funciona direito e o povo acaba jogando os sacos nas encostas ou perto de perto do valão de esgoto principal,. no último sábado de madrugada acumulou tanta sujeira que tampou a passagem do beco. um morador antigo aqui do beco se preocupa com as doenças, o valão tá transbordando e ninguém limpa essa imundície.",favela
19,"Um absurdo a truculência nas abordagens policiais aqui na comunidade. em plena luz do dia ontem, minha irmã com o carrinho de bebê foi parado voltando do serviço bem nas proximidades do posto de saúde da Gávea, e os policiais já chegaram esculachando, tratando como suspeito. A gente quer segurança, mas quer respeito também, porque trabalhador não é bandido. Até a escola da garotada fica prejudicada com essa buraqueira toda que impede o acesso.",comunidade
20,"O entorno do CIEP tá largado ao abandonono total. na subida da passarela de acesso,, o mato tá alto atraindo bicho e falta iluminação na passarela de acesso dos alunos. eu mesmo com pressa pro serviço morador antigo diz que de noite o lugar fica perigoso demais, propício pra assalto. Precisamos de melhorias e segurança pra comunidade escolar.",favela
21,"A saúde aqui na região tá um caos absoluto. Fui levar um grupo de estudantes daqui no posto de saúde da Gávea logo cedo na segunda-feira e não tinha nenhum clínico de plantão. Uma fila imensa dobrava o quarteirão desde a madrugada e de manhã disseram que as senhas tinham acabado. É humilhante ver o trabalhador sofrendo assim.",asfalto
22,"Muitas famílias aqui na comunidade vivem em condições habitacionais muito precárias, em barracos com muita umidade e infiltração perigosa. minha filha mais nova mora num cômodo pequeno onde chove mais dentro do que fora perto de na escadaria principal da comunidade,. Precisamos de programas sociais de melhoria habitacional. Nem o Parque da Cidade escapa desse abandono generalizado que tomou conta do nosso bairro.",comunidade
23,"Falta de professores nas escolas da rede pública daqui é um problema crônico. O filho de meu vizinho da frente, o Seu Jorge, tá há semanas sem ter aula de matérias básicas porque não tem professor contratado pra substituir perto de nos arredores da Praça Santos Dumont, no Baixo Gávea,. Um absurdo ver o ano letivo passando e os alunos prejudicados.",asfalto
24,"Morar aqui tá difícil por causa dos problemas crônicos de drenagem pluvial. em frente ao Shopping da Gávea,, a água fica empossada por dias após qualquer temporal comum. uma vizinha nossa, a Dona Maria, reclama que o mau cheiro de esgoto invade os apartamentos do térreo. Cadê as obras de saneamento e escoamento prometidas pela prefeitura?",asfalto
25,"Não dá mais pra aguentar a falta de segurança. ontem de noite, meu marido voltando do trabalho foi abordado por dois caras de moto bem na calçada da Rua Artur Araripe,. Levaram o celular e a carteira, deixando todo mundo assustado. A polícia sumiu da região, ficamos desprotegidos. É uma revolta ver o bairro abandonado assim, parece que a prefeitura esqueceu da gente. E pra piorar tudo, as calçadas tão todas quebradas, um perigo de queda pros idosos.",asfalto
26,"A iluminação pública tá uma vergonha nessa área residencial. perto do Planetário da Gávea, tá com várias lâmpadas queimadas nos postes há semanas, deixando a rua num breu completo. meu filho adolescente tem medo de voltar do trabalho de noite. É um perigo danado, a Rioluz precisa fazer a manutenção urgente.",asfalto
27,"Um absurdo completo o atendimento de saúde pública na nossa zona. na última terça-feira, minha mãe idosa passou muito mal com febre alta e ficamos horas esperando atendimento médico no posto da Gávea. Os profissionais trabalham sobrecarregados e faltam insumos básicos. A prefeitura precisa investir sério.",asfalto
28,"Minha reclamação é sobre a dificuldade de conseguir atendimento de emergência na área. esses dias atrás precisamos de socorro urgente pra uma senhora de idade que mora aqui perto, mas a ambulância demorou horas pra chegar aqui no cruzamento principal perto do posto de combustível,. O posto de saúde vive superlotado e sem médicos suficientes pra a demanda absurda. E a iluminação dos postes sumiu nessa parte, virando um breu danado propício pra assaltos.",asfalto
29,"Conseguir vaga na creche pública aqui na região é quase impossível, uma fila de espera eterna no sistema. Estou com um rapaz que estuda na PUC sem estudar porque nunca tem vaga disponível nas creches perto de na Rua Marquês de São Vicente, bem perto da PUC,. As mães trabalhadoras precisam desse suporte urgente pra poder trabalhar em paz.",asfalto
30,"A fiação elétrica aqui tá um perigo absurdo, um emaranhado de fios soltos e baixos passando na cabeça da gente. perto da associação de moradores,, os cabos tão quase tocando o chão das vielas. um morador antigo aqui do beco tem medo de um curto-circuito ou incêndio grave. A Light e a prefeitura precisam ordenar esse caos.",comunidade
31,"Muitos prédios antigos no asfalto tão sofrendo com a falta de manutenção externa e fiação velha, e a prefeitura não ajuda com nenhum tipo de incentivo. minha irmã com o carrinho de bebê comenta que morar na Gávea virou sinônimo de pagar IPTU absurdo pra não ter nenhum apoio habitacional ou urbanístico. Desse jeito o posto de saúde vai continuar lotado de gente doente com infecção.",asfalto
32,"A falta de segurança viária e policiamento no entorno das escolas preocupa muito. no trecho mais alto e escuro da via,, o trânsito é caótico na hora da saída dos alunos e os carros não respeitam a faixa. eu mesmo com pressa pro serviço reclama que falta sinalização adequada e presença da guarda municipal pra proteger as crianças.",alto da gávea
33,"A situação da segurança aqui dentro tá muito complicada e tensa. logo cedo na segunda-feira teve operação e correria bem nas proximidades do posto de saúde da Gávea,, deixando os morador apavorados dentro de casa. um grupo de estudantes daqui ficou preso sem conseguir descer pro trabalho. Falta uma política de segurança que respeite quem mora aqui na favela.",comunidade
34,"Nossas praças aqui no bairro tão precisando de manutenção urgente da prefeitura. A Praça Santos Dumont vive largada, cheia de sujeira acumulada de noite e bancos quebrados onde os idosos costumavam sentar. minha filha mais nova lamenta ver um espaço público tão tradicional ficar tão degradado. Fora o transporte público que demora horas pra passar e nos deixa mofando no ponto com medo.",asfalto
35,"As vans e ônibus que circulam pelo bairro andam em velocidade absurda e perigosa. meu vizinho da frente, o Seu Jorge, pegou uma condução dessas durante o temporal de ontem perto de na curva perigosa perto da descida pra o São Conrado, e ficou apavorado com a imprudência. Precisamos de fiscalização rigorosa da guarda municipal e mais linhas de ônibus regulares.",alto da gávea
36,"A gente vive com medo de sair de casa à noite. Aqui perto de na Rua Marquês de São Vicente, bem perto da PUC,, os assaltos são constantes e violentos. no meio da semana passada teve correria perto do ponto de ônibus. É um trauma pro uma vizinha nossa, a Dona Maria, e pra todo mundo que mora aqui no asfalto. Cadê o Segurança Presente que tanto prometeram?",asfalto
37,"O custo de moradia na Gávea virou uma loucura completa e inacessível. Os aluguéis tão num valor abusivo por causa da especulação imobiliária. meu marido voltando do trabalho mora aqui há mais de dez anos perto de nos arredores da Praça Santos Dumont, no Baixo Gávea, e agora tá sendo obrigado a se mudar porque não aguenta mais pagar tão caro por um espaço pequeno. A prefeitura diz na televisão que faz obra mas a verdade é que o descaso continua igual por aqui.",asfalto
38,"Aqui nas vielas a segurança pública é quase nenhuma, só lembram da gente pra fazer operação violenta. na Travessa do Sol, área residencial, tá perigoso de andar de noite por falta de luz nos postes. meu filho adolescente já ouviu relato de assalto nos becos escuros. Queremos paz e policiamento comunitário de verdade.",comunidade
39,"Morar perto do valão é um sofrimento sem fim que ninguém merece. perto do valão de esgoto principal,, o cheiro é de morte o dia todo e quando chove a água podre invade os becos e entra nas casas. minha mãe idosa perdeu os móveis na última enchente. Precisamos de saneamento básico, saneamento é dignidade humana!",favela
40,"Morar aqui tá difícil por causa dos problemas crônicos de drenagem pluvial. perto do Planetário da Gávea,, a água fica empossada por dias após qualquer temporal comum. uma senhora de idade que mora aqui perto reclama que o mau cheiro de esgoto invade os apartamentos do térreo. Cadê as obras de saneamento e escoamento prometidas pela prefeitura? É uma falta de respeito tremenda com quem paga imposto caro todo mês e não vê retorno.",asfalto
41,"A situação da segurança aqui dentro tá muito complicada e tensa. anteontem teve operação e correria bem na subida da passarela de acesso,, deixando os moradores apavorados dentro de casa. um rapaz que estuda na PUC ficou preso sem conseguir descer pro trabalho. Falta uma política de segurança que respeite quem mora aqui na favela.",favela
42,"Aqui nas vielas a segurança pública é quase nenhuma, só lembram da gente pra fazer operação violenta. perto do ponto final das vans lá em cima, tá perigoso de andar de noite por falta de luz nos postes. um morador antigo aqui do beco já ouviu relato de assalto nos becos escuros. Queremos paz e policiamento comunitário de verdade.",favela
43,"Um absurdo a truculência nas abordagens policiais aqui na comunidade. em plena luz do dia ontem, minha irmã com o carrinho de bebê foi parado voltando do serviço bem na escadaria principal da comunidade, e os policiais já chegaram esculachando, tratando como suspeito. A gente quer segurança, mas quer respeito também, porque trabalhador não é bandido. Até a escola da garotada fica prejudicada com essa buraqueira toda que impede o acesso.",comunidade
44,"A quadra de esportes da favela tá abandonada há anos, sem iluminação, com o piso todo rachado e a tela de proteção rasgada. já faz uns três dias um jovem se machucou jogando bola perto de no Beco do Rato, na parte mais alta,. eu mesmo com pressa pro serviço pede socorro pra secretaria de esportes reformar o local pros nossos jovens saírem da rua.",favela
45,"Não dá mais pra aguentar a falta de segurança. logo cedo na segunda-feira, um grupo de estudantes daqui foi abordado por dois caras de moto bem em frente ao Shopping da Gávea,. Levaram o celular e a carteira, deixando todo mundo assustado. A polícia sumiu da região, ficamos desprotegidos. É uma revolta ver o bairro abandonado assim, parece que a prefeitura esqueceu da gente.",asfalto
46,"Falta de vaga em creche municipal aqui dentro da comunidade é um absurdo que prejudica as mães. minha filha mais nova tá desempregada porque não tem com quem deixar o bebê, já que a creche perto de próximo ao pequeno comércio da subida, tá superlotada e sem previsão de novas vagas. A prefeitura precisa expandir a rede. Nem o Parque da Cidade escapa desse abandono generalizado que tomou conta do nosso bairro.",comunidade
47,"Nossos jovens tão sem perspectiva porque as escolas públicas da comunidade tão abandonadas. Falta professor de matemática e inglês direto. durante o temporal de ontem o filho de meu vizinho da frente, o Seu Jorge, ficou sem aula e voltou pra casa cedo. Sem educação de qualidade, como que as crianças da favela vão vencer na vida?",favela
48,"A Defesa Civil veio aqui no meio da semana passada, interditou algumas casas rachadas perto de na subida da passarela de acesso, por risco iminente de desabamento, mas não dão nenhuma solução real ou auxílio. O aluguel social é uma miséria. uma vizinha nossa, a Dona Maria, tá desesperado sem saber pra onde levar a família e os filhos.",favela
49,"O esgoto correndo a céu aberto aqui na comunidade é uma humilhação diária. ontem de noite o cano estourou bem no beco que dá acesso à quadra de esporte, e tá aquela lama podre passando na porta de casa. meu marido voltando do trabalho tá limpando tudo sozinho porque a prefeitura não manda ninguém da Cedae ou da Comlurb. Rato e barata tomando conta de tudo. E pra piorar tudo, as calçadas tão todas quebradas, um perigo de queda pros idosos.",comunidade
50,"A fiação elétrica aqui tá um perigo absurdo, um emaranhado de fios soltos e baixos passando na cabeça da gente. nas vielas apertadas perto do CIEP,, os cabos tão quase tocando o chão das vielas. meu filho adolescente tem medo de um curto-circuito ou incêndio grave. A Light e a prefeitura precisam ordenar esse caos.",favela
51,"Olha, a situação da segurança tá caótica na Gávea. nos arredores da Praça Santos Dumont, no Baixo Gávea, virou ponto fixo de bandido assaltando quem sai do trabalho ou da faculdade. na última terça-feira teve mais um roubo de celular violento. minha mãe idosa tentou acionar os policiais mas a viatura demorou uma eternidade pra chegar.",asfalto
52,"Falta planejamento e manutenção da infraestrutura urbana na Gávea. No entorno de na Rua Engenheiro Álvaro Niemeyer,, as calçadas são estreitas, quebradas e cheias de obstáculos, fora a fiação aérea pesada que parece que vai cair. uma senhora de idade que mora aqui perto que anda por aqui todo dia vê o completo abandono do asfalto. E a iluminação dos postes sumiu nessa parte, virando um breu danado propício pra assaltos.",alto da gávea
53,"Ir no posto de saúde da Gávea é passar nervoso. Fui levar um rapaz que estuda na PUC anteontem e o atendimento tava parado por falta de médico. A gente que mora no morro tem que descer de madrugada, pegar chuva na fila pra ouvir que não tem vaga. Saúde pública aqui tá largada às traças.",favela
54,"As vans que sobem o morro cobram caro e andam correndo igual loucas pelas subidas estreitas, um perigo. um morador antigo aqui do beco quase sofreu um acidente no último sábado de madrugada perto de na localidade conhecida como Grota, porque o motorista tava disputando passageiro com outra van. Falta fiscalização pesada do transporte alternativo aqui dentro.",favela
55,"Um absurdo completo o atendimento de saúde pública na nossa zona. em plena luz do dia ontem, minha irmã com o carrinho de bebê passou muito mal com febre alta e ficamos horas esperando atendimento médico no posto da Gávea. Os profissionais trabalham sobrecarregados e faltam insumos básicos. A prefeitura precisa investir sério. Desse jeito o posto de saúde vai continuar lotado de gente doente com infecção.",asfalto
56,"A gente vive com medo de sair de casa à noite. Aqui perto de no cruzamento principal perto do posto de combustível,, os assaltos são constantes e violentos. já faz uns três dias teve correria perto do ponto de ônibus. É um trauma pro eu mesmo com pressa pro serviço e pra todo mundo que mora aqui no asfalto. Cadê o Segurança Presente que tanto prometeram?",asfalto
57,"A situação do CIEP aqui da comunidade tá de dar pena. Prédio precisando de reforma urgente, salas quentes demais e falta de manutenção nos banheiros. um grupo de estudantes daqui estuda lá e conta que faltam livros didáticos básicos. logo cedo na segunda-feira cancelaram a aula mais cedo por falta de água no colégio perto de na escadaria principal da comunidade,.",comunidade
58,"Aqui nas vielas a segurança pública é quase nenhuma, só lembram da gente pra fazer operação violenta. perto da associação de moradores, tá perigoso de andar de noite por falta de luz nos postes. minha filha mais nova já ouviu relato de assalto nos becos escuros. Queremos paz e policiamento comunitário de verdade. Fora o transporte público que demora horas pra passar e nos deixa mofando no ponto com medo.",comunidade
59,"Falta iluminação nos becos mais internos da comunidade. Caminhar por aqui de noite é um desafio de sobrevivência porque tá tudo no escuro completo. na Viela da Paz, subindo as escadas,, os moradores vivem com medo de assalto e queda. meu vizinho da frente, o Seu Jorge, comprou lâmpada do próprio bolso pra colocar no beco.",favela
60,"Morar aqui tá difícil por causa dos problemas crônicos de drenagem pluvial. na calçada da Rua Artur Araripe,, a água fica empossada por dias após qualquer temporal comum. uma vizinha nossa, a Dona Maria, reclama que o mau cheiro de esgoto invade os apartamentos do térreo. Cadê as obras de saneamento e escoamento prometidas pela prefeitura?",asfalto
61,"As calçadas aqui da Gávea tão completamente detonadas, cheias de buracos e pedras soltas. ontem de noite, meu marido voltando do trabalho tropeçou e quase caiu feio bem perto do Planetário da Gávea,. As raízes das árvores estouraram o concreto e ninguém conserta. Idosos sofrem demais pra caminhar por aqui, cadê a conservação? A prefeitura diz na televisão que faz obra mas a verdade é que o descaso continua igual por aqui.",asfalto
62,"Na comunidade a gente sofre quando alguém passa mal. na semana passada, meu filho adolescente teve uma crise forte e a ambulância do Samu se recusou a subir na subida da passarela de acesso, alegando falta de segurança. Tivemos que carregar ele no braço até o asfalto. O posto de saúde também nunca tem remédio básico.",favela
63,"As vans e ônibus que circulam pelo bairro andam em velocidade absurda e perigosa. minha mãe idosa pegou uma condução dessas na última terça-feira perto de no cruzamento principal perto do posto de combustível, e ficou apavorado com a imprudência. Precisamos de fiscalização rigorosa da guarda municipal e mais linhas de ônibus regulares.",asfalto
64,"Falta planejamento e manutenção da infraestrutura urbana na Gávea. No entorno de na Rua Marquês de São Vicente, bem perto da PUC,, as calçadas são estreitas, quebradas e cheias de obstáculos, fora a fiação aérea pesada que parece que vai cair. uma senhora de idade que mora aqui perto que anda por aqui todo dia vê o completo abandono do asfalto. É uma falta de respeito tremenda com quem paga imposto caro todo mês e não vê retorno.",asfalto
65,"As calçadas aqui da Gávea tão completamente detonadas, cheias de buracos e pedras soltas. anteontem, um rapaz que estuda na PUC tropeçou e quase caiu feio bem nos arredores da Praça Santos Dumont, no Baixo Gávea,. As raízes das árvores estouraram o concreto e ninguém conserta. Idosos sofrem demais pra caminhar por aqui, cadê a conservação?",asfalto
66,"A insegurança aqui tá um absurdo total. Ninguém consegue mais andar tranquilo na Rua Engenheiro Álvaro Niemeyer, depois das sete da noite porque o policiamento preventivo sumiu. um morador antigo aqui do beco já cansou de ver assalto perto dos prédios. Precisamos de patrulhamento urgente e iluminação de verdade pra afastar esses criminosos.",alto da gávea
67,"Morar perto do valão é um sofrimento sem fim que ninguém merece. perto do valão de esgoto principal,, o cheiro é de morte o dia todo e quando chove a água podre invade os becos e entra nas casas. minha irmã com o carrinho de bebê perdeu os móveis na última enchente. Precisamos de saneamento básico, saneamento é dignidade humana! Até a escola da garotada fica prejudicada com essa buraqueira toda que impede o acesso.",favela
68,"A infraestrutura básica passou longe das vielas daqui da favela. na localidade conhecida como Grota,, o acesso é péssimo, sem pavimentação adequada, cheio de valas e lodo acumulado que faz as pessoas escorregarem. eu mesmo com pressa pro serviço idoso tem muita dificuldade de sair de casa. Falta pavimentação e acessibilidade.",favela
69,"A situação da segurança aqui dentro tá muito complicada e tensa. logo cedo na segunda-feira teve operação e correria bem na subida da passarela de acesso,, deixando os moradores apavorados dentro de casa. um grupo de estudantes daqui ficou preso sem conseguir descer pro trabalho. Falta uma política de segurança que respeite quem mora aqui na favela.",favela
70,"Aqui nas vielas a segurança pública é quase nenhuma, só lembram da gente pra fazer operação violenta. perto do ponto final das vans lá em cima, tá perigoso de andar de noite por falta de luz nos postes. minha filha mais nova já ouviu relato de assalto nos becos escuros. Queremos paz e policiamento comunitário de verdade. Nem o Parque da Cidade escapa desse abandono generalizado que tomou conta do nosso bairro.",favela
71,"Morar perto do valão é um sofrimento sem fim que ninguém merece. nas vielas apertadas perto do CIEP,, o cheiro é de morte o dia todo e quando chove a água podre invade os becos e entra nas casas. meu vizinho da frente, o Seu Jorge, perdeu os móveis na última enchente. Precisamos de saneamento básico, saneamento é dignidade humana!",favela
72,"A Defesa Civil veio aqui no meio da semana passada, interditou algumas casas rachadas perto de no Beco do Rato, na parte mais alta, por risco iminente de desabamento, mas não dão nenhuma solução real ou auxílio. O aluguel social é uma miséria. uma vizinha nossa, a Dona Maria, tá desesperado sem saber pra onde levar a família e os filhos.",favela
73,"O Parque da Cidade, que deveria ser um espaço de lazer maravilhoso na Gávea, tá abandonado pelo poder público. Mato altíssimo, brinquedos do parquinho enferrujados e quebrados, e lixo espalhado. meu marido voltando do trabalho foi lá com a família ontem de noite e ficou indignado com o descaso total com a nossa área verde. E pra piorar tudo, as calçadas tão todas quebradas, um perigo de queda pros idosos.",asfalto
74,"A fiação elétrica aqui tá um perigo absurdo, um emaranhado de fios soltos e baixos passando na cabeça da gente. perto do valão de esgoto principal,, os cabos tão quase tocando o chão das vielas. meu filho adolescente tem medo de um curto-circuito ou incêndio grave. A Light e a prefeitura precisam ordenar esse caos.",favela
75,"Falta de professores nas escolas da rede pública daqui é um problema crônico. O filho de minha mãe idosa tá há semanas sem ter aula de matérias básicas porque não tem professor contratado pra substituir perto de perto do Planetário da Gávea,. Um absurdo ver o ano letivo passando e os alunos prejudicados.",asfalto
76,"A falta de segurança viária e policiamento no entorno das escolas preocupa muito. nas imediações das mansões residenciais,, o trânsito é caótico na hora da saída dos alunos e os carros não respeitam a faixa. uma senhora de idade que mora aqui perto reclama que falta sinalização adequada e presença da guarda municipal pra proteger as crianças. E a iluminação dos postes sumiu nessa parte, virando um breu danado propício pra assaltos.",alto da gávea
77,"Depender de transporte aqui na comunidade é um teste de paciência. Os ônibus sumiram das linhas e demoram séculos. anteontem, um rapaz que estuda na PUC esperou quase uma hora no ponto perto de no beco que dá acesso à quadra de esporte, pra conseguir descer pro trabalho. A prefeitura precisa obrigar as empresas a cumprirem os horários.",comunidade
78,"A insegurança aqui tá um abssurdo total. Ninguém consegue mais andar tranquilo na subida da Estrada da Gávea, depois das sete da noite porque o policiamento preventivo sumiu. um morador antigo aqui do beco já cansou de ver assalto perto dos prédios. Precisamos de patrulhamento urgente e iluminação de verdade pra afastar esses criminosos.",alto da gávea
79,"O posto de saúde tá sempre lotado e faltam especialistas como pediatra e ginecologista. minha irmã com o carrinho de bebê tá tentando marcar uma consulta há mais de quatro meses e nada. em plena luz do dia ontem disseram que o sistema do Sisreg caiu. É uma falta de respeito enorme com quem mora na comunidade. Desse jeito o posto de saúde vai continuar lotado de gente doente com infecção.",favela
80,"Falta planejamento e manutenção da infraestrutura urbana na Gávea. No entorno de na Rua Engenheiro Álvaro Niemeyer,, as calçadas são estreitas, quebradas e cheias de obstáculos, fora a fiação aérea pesada que parece que vai cair. eu mesmo com pressa pro serviço que anda por aqui todo dia vê o completo abandono do asfalto.",alto da gávea
81,"O esgoto correndo a céu aberto aqui na comunidade é uma humilhação diária. logo cedo na segunda-feira o cano estourou bem próximo ao pequeno comércio da subida, e tá aquela lama podre passando na porta de casa. um grupo de estudantes daqui tá limpando tudo sozinho porque a prefeitura não manda ninguém da Cedae ou da Comlurb. Rato e barata tomando conta de tudo.",comunidade
82,"A insegurança aqui tá um absurdo total. Ninguém consegue mais andar tranquilo perto do Planetário da Gávea, depois das sete da noite porque o policiamento preventivo sumiu. minha filha mais nova já cansou de ver assalto perto dos prédios. Precisamos de patrulhamento urgente e iluminação de verdade pra afastar esses criminosos. Fora o transporte público que demora horas pra passar e nos deixa mofando no ponto com medo.",asfalto
83,"Morar perto do valão é um sofrimento sem fim que ninguém merece. na subida da passarela de acesso,, o cheiro é de morte o dia todo e quando chove a água podre invade os becos e entra nas casas. meu vizinho da frente, o Seu Jorge, perdeu os móveis na última enchente. Precisamos de saneamento básico, saneamento é dignidade humana!",favela
84,"A gente vive no meio do fogo cruzado e ninguém faz nada por nós. no meio da semana passada teve tiroteio perto do CIEP e uma vizinha nossa, a Dona Maria, teve que correr pra se proteger dentro do beco. As crianças ficam traumatizadas e perdem aula direta. Segurança pra nós da comunidade é artigo de luxo pelo visto.",comunidade
85,"A situação da segurança aqui dentro tá mto complicada e tensa. ontem de noite teve operação e correria bem nas vielas apertadas perto do CIEP,, deixando os moradores apavorados dentro de casa. meu marido voltando do trabalho ficou preso sem conseguir descer pro trabalho. Falta uma política de segurança que respeite quem mora aqui na favela. A prefeitura diz na televisão que faz obra mas a verdade é que o descaso continua igual por aqui.",favela
86,"Muitas famílias aqui na comunidade vivem em condições habitacionais muito precárias, em barracos com muita umidade e infiltração perigosa. meu filho adolescente mora num cômodo pequeno onde chove mais dentro do que fora perto de perto da associação de moradores,. Precisamos de programas sociais de melhoria habitacional.",comunidade
87,"Olha, a situação da segurança tá caótica na Gávea. na Rua Engenheiro Álvaro Niemeyer, virou ponto fixo de bandido assaltando quem sai do trabalho ou da faculdade. na última terça-feira teve mais um roubo de celular violento. minha mãe idosa tentou acionar os policiais mas a viatura demorou uma eternidade pra chegar.",alto da gávea
88,"Falta saneamento básico e vergonha na cara das autoridades. perto do valão de esgoto principal, tá cheio de esgoto vazando direto e as criança brincam do lado da sujeira. uma senhora de idade que mora aqui perto tá com o filho internado no posto com infecção por causa disso. É desumano viver desse jeito sem rede de esgoto adequada nas viela. É uma falta de respeito tremenda com quem paga imposto caro todo mês e não vê retorno.",favela
89,"Não dá mais pra aguentar a falta de segurança. anteontem, um rapaz que estuda na PUC foi abordado por dois caras de moto bem perto do Planetário da Gávea,. Levaram o celular e a carteira, deixando todo mundo assustado. A polícia sumiu da região, ficamos desprotegidos. É uma revolta ver o bairro abandonado assim, parece que a prefeitura esqueceu da gente.",asfalto
90,"A fiação elétrica aqui tá um perigo absurdo, um emaranhado de fios soltos e baixos passando na cabeça da gente. na subida da passarela de acesso,, os cabos tão quase tocando o chão das vielas. um morador antigo aqui do beco tem medo de um curto-circuito ou incêndio grave. A Light e a prefeitura precisam ordenar esse caos.",favela
91,"Um abssurdo a truculência nas abordagens policiais aqui na comunidade. em plena luz do dia ontem, minha irmã com o carrinho de bebê foi parado voltando do serviço bem no beco que dá acesso à quadra de esporte, e os policiais já chegaram esculachando, tratando como suspeito. A gente quer segurança, mas quer respeito também, porque trabalhador não é bandido. Até a escola da garotada fica prejudicada com essa buraqueira toda que impede o acesso.",comunidade
92,"A situação da saúde aqui tá precária demais. O posto da Gávea não dá conta de atender todo mundo da favela e do asfalto. eu mesmo com pressa pro serviço foi lá com suspeita de dengue já faz uns três dias e mandaram voltar pra casa e tomar paracetamol sem nem fazer exame de sangue. Uma vergonha esse descaso.",favela
93,"Não dá mais pra aguentar a falta de segurança. logo cedo na segunda-feira, um grupo de estudantes daqui foi abordado por dois caras de moto bem nos arredores da Praça Santos Dumont, no Baixo Gávea,. Levaram o celular e a carteira, deixando todo mundo assustado. A polícia sumiu da região, ficamos desprotegidos. É uma revolta ver o bairro abandonado assim, parece que a prefeitura esqueceu da gente.",asfalto
94,"A iluminação pública tá uma vergonha nessa área residencial. em frente ao Shopping da Gávea, tá com várias lâmpadas queimadas nos postes há semanas, deixando a rua num breu completo. minha filha mais nova tem medo de voltar do trabalho de noite. É um perigo danado, a Rioluz precisa fazer a manutenção urgente. Nem o Parque da Cidade escapa desse abandono generalizado que tomou conta do nosso bairro.",asfalto
95,"Um absurdo a truculência nas abordagens policiais aqui na comunidade. durante o temporal de ontem, meu vizinho da frente, o Seu Jorge, foi parado voltando do serviço bem perto do valão de esgoto principal, e os policiais já chegaram esculachando, tratando como suspeito. A gente quer segurança, mas quer respeito também, porque trabalhador não é bandido.",favela
96,"Morar aqui tá difícil por causa dos problemas crônicos de drenagem pluvial. perto do mirante do Alto da Gávea,, a água fica empossada por dias após qualquer temporal comum. uma vizinha nossa, a Dona Maria, reclama que o mau cheiro de esgoto invade os apartamentos do térreo. Cadê as obras de saneamento e escoamento prometidas pela prefeitura?",alto da gávea
97,"O custo de moradia na Gávea virou uma loucura completa e inacessível. Os aluguéis tão num valor abusivo por causa da especulação imobiliária. meu marido voltando do trabalho mora aqui há mais de dez anos perto de na Rua Vice-Governador Rubens Berardo, e agora tá sendo obrigado a se mudar porque não aguenta mais pagar tão caro por um espaço pequeno. E pra piorar tudo, as calçadas tão todas quebradas, um perigo de queda pros idosos.",asfalto
98,"O posto de saúde da Gávea tá sem o mínimo de estrutura pra atender o bairro. meu filho adolescente precisava de remédio de uso contínuo pra pressão e disseram que tá em falta na farmácia do posto faz dois meses. Pra marcar um exame simples pelo Sisreg é uma novela que demora quase um ano, descaso total.",asfalto
99,"Nossos jovens tão sem perspectiva porque as escolas públicas da comunidade tão abandonadas. Falta professor de matemática e inglês direto. na última terça-feira o filho de minha mãe idosa ficou sem aula e voltou pra casa cedo. Sem educação de qualidade, como que as criança da favela vão vencer na vida?",favela
100,"Os pontos de ônibus perto de perto da associação de moradores, tão abandonados, sem cobertura nenhuma contra chuva ou sol e totalmente escuros de noite. uma senhora de idade que mora aqui perto fica exposto ao perigo e ao tempo esperando condução que nunca passa no horário certo. Transporte de qualidade é um direito nosso. E a iluminação dos postes sumiu nessa parte, virando um breu danado propício pra assaltos.",comunidade
101,"Falta área de lazer e esporte pras crianças e jovens aqui da comunidade. Não temos uma quadra poliesportiva reformada ou uma praça com brinquedos seguros. um rapaz que estuda na PUC vê a garotada jogando bola no meio das vielas apertadas perto de na Travessa do Sol, área residencial, correndo risco de atropelamento por falta de opção.",comunidade
102,"Muitas famílias aqui na comunidade vivem em condições habitacionais mto precárias, em barracos com muita umidade e infiltração perigosa. um morador antigo aqui do beco mora num cômodo pequeno onde chove mais dentro do que fora perto de perto do valão de esgoto principal,. Precisamos de programas sociais de melhoria habitacional.",favela
103,"Um absurdo completo o atendimento de saúde pública na nossa zona. em plena luz do dia ontem, minha irmã com o carrinho de bebê passou muito mal com febre alta e ficamos horas esperando atendimento médico no posto da Gávea. Os profissionais trabalham sobrecarregados e faltam insumos básicos. A prefeitura precisa investir sério. Desse jeito o posto de saúde vai continuar lotado de gente doente com infecção.",alto da gávea
104,"Morar aqui tá difícil por causa dos poblemas crônicos de drenagem pluvial. nas imediações das mansões residenciais,, a água fica empossada por dias após qualquer temporal comum. eu mesmo com pressa pro serviço reclama que o mau cheiro de esgoto invade os apartamentos do térreo. Cadê as obras de saneamento e escoamento prometidas pela prefeitura?",alto da gávea
105,"Não dá mais pra aguentar a falta de segurança. logo cedo na segunda-feira, um grupo de estudantes daqui foi abordado por dois caras de moto bem no cruzamento principal perto do posto de combustível,. Levaram o celular e a carteira, deixando todo mundo assustado. A polícia sumiu da região, ficamos desprotegidos. É uma revolta ver o bairro abandonado assim, parece que a prefeitura esqueceu da gente.",asfalto
106,"A insegurança aqui tá um absurdo total. Ninguém consegue mais andar tranquilo na subida da Estrada da Gávea, depois das sete da noite porque o policiamento preventivo sumiu. minha filha mais nova já cansou de ver assalto perto dos prédios. Precisamos de patrulhamento urgente e iluminação de verdade pra afastar esses criminosos. Fora o transporte público que demora horas pra passar e nos deixa mofando no ponto com medo.",alto da gávea
107,"O acúmulo de lixo nas calçadas da Gávea tá atraindo muito bicho e barata. perto da entrada do Parque da Cidade,, os sacos de lixo ficam amontoados porque a coleta tá passando fora do horário comercial. meu vizinho da frente, o Seu Jorge, já viu ratazana enorme correndo perto dos pedestres. Uma falta de higiene terrível num bairro desses.",alto da gávea
108,"Os pontos de ônibus perto de na Travessa do Sol, área residencial, tão abandonados, sem cobertura nenhuma contra chuva ou sol e totalmente escuros de noite. uma vizinha nossa, a Dona Maria, fica exposto ao perigo e ao tempo esperando condução que nunca passa no horário certo. Transporte de qualidade é um direito nosso.",comunidade
109,"A situação do CIEP aqui da comunidade tá de dar pena. Prédio precisando de reforma urgente, salas quentes demais e falta de manutenção nos banheiros. meu marido voltando do trabalho estuda lá e conta que faltam livros didáticos básicos. ontem de noite cancelaram a aula mais cedo por falta de água no colégio perto de perto do valão de esgoto principal,. A prefeitura diz na televisão que faz obra mas a verdade é que o descaso continua igual por aqui.",favela
110,"Toda vez que cai uma chuva mais forte, as ruas da Gávea alagam por causa dos bueiros entupidos. na semana passada, a água da chuva acumulou tanto perto do Planetário da Gávea, que cobriu as calçada e quase invadiu os comércios. meu filho adolescente teve o carro danificado. A Comlurb precisa limpar essas bocas de lobo urgente.",asfalto
111,"Morar perto do valão é um sofrimento sem fim que ninguém merece. na área baixa perto do canal,, o cheiro é de morte o dia todo e quando chove a água podre invade os becos e entra nas casas. minha mãe idosa perdeu os móveis na última enchente. Precisamos de saneamento básico, saneamento é dignidade humana!",comunidade
112,"A infraestrutura básica passou longe das vielas daqui da favela. perto do ponto final das vans lá em cima,, o acesso é péssimo, sem pavimentação adequada, cheio de valas e lodo acumulado que faz as pessoas escorregarem. uma senhora de idade que mora aqui perto idoso tem muita dificuldade de sair de casa. Falta pavimentação e acessibilidade. É uma falta de respeito tremenda com quem paga imposto caro todo mês e não vê retorno.",favela
113,"O transporte público aqui na Gávea tá uma vergonha completa. As linhas de ônibus demoram horas pra passar e vêm superlotadas. anteontem, um rapaz que estuda na PUC mofou no ponto esperando o ônibus na Rua Marquês de São Vicente, bem perto da PUC, pra ir trabalhar e acabou chegando atrasado. Cadê a fiscalização com as empresas de ônibus?",asfalto
114,"Na comunidade a gente sofre quando alguém passa mal. no último sábado de madrugada, um morador antigo aqui do beco teve uma crise forte e a ambulância do Samu se recusou a subir no Beco do Rato, na parte mais alta, alegando falta de segurança. Tivemos que carregar ele no braço até o asfalto. O posto de saúde também nunca tem remédio básico.",favela
115,"Olha, a situação da segurança tá caótica na Gávea. em frente ao Shopping da Gávea, virou ponto fixo de bandido assaltando quem sai do trabalho ou da faculdade. em plena luz do dia ontem teve mais um roubo de celular violento. minha irmã com o carrinho de bebê tentou acionar os policiais mas a viatura demorou uma eternidade pra chegar. Até a escola da garotada fica prejudicada com essa buraqueira toda que impede o acesso.",asfalto
116,"A gente vive no meio do fogo cruzado e ninguém faz nada por nós. já faz uns três dias teve tiroteio perto do CIEP e eu mesmo com pressa pro serviço teve que correr pra se proteger dentro do beco. As crianças ficam traumatizadas e perdem aula direta. Segurança pra nós da comunidade é artigo de luxo pelo visto.",comunidade
117,"Ir no posto de saúde da Gávea é passar nervoso. Fui levar um grupo de estudantes daqui logo cedo na segunda-feira e o atendimento tava parado por falta de médico. A gente que mora no morro tem que descer de madrugada, pegar chuva na fila pra ouvir que não tem vaga. Saúde pública aqui tá largada às traças.",favela
118,"O posto de saúde da Gávea tá sem o mínimo de estrutura pra atender o bairro. minha filha mais nova precisava de remédio de uso contínuo pra pressão e disseram que tá em falta na farmácia do posto faz dois meses. Pra marcar um exame simples pelo Sisreg é uma novela que demora quase um ano, descaso total. Nem o Parque da Cidade escapa desse abandono generalizado que tomou conta do nosso bairro.",asfalto
119,"Um absurdo a truculência nas abordagens policiais aqui na comunidade. durante o temporal de ontem, meu vizinho da frente, o Seu Jorge, foi parado voltando do serviço bem perto do ponto final das vans lá em cima, e os policiais já chegaram esculachando, tratando como suspeito. A gente quer segurança, mas quer respeito também, porque trabalhador não é bandido.",favela
120,"A gente vive no meio do fogo cruzado e ninguém faz nada por nós. no meio da semana passada teve tiroteio perto do CIEP e uma vizinha nossa, a Dona Maria, teve que correr pra se proteger dentro do beco. As crianças ficam traumatizadas e perdem aula direta. Segurança pra nós da comunidade é artigo de luxo pelo visto.",favela
121,"Não dá mais pra aguentar a falta de segurança. ontem de noite, meu marido voltando do trabalho foi abordado por dois caras de moto bem nos arredores da Praça Santos Dumont, no Baixo Gávea,. Levaram o celular e a carteira, deixando todo mundo assustado. A polícia sumiu da região, ficamos desprotegidos. É uma revolta ver o bairro abandonado assim, parece que a prefeitura esqueceu da gente. E pra piorar tudo, as calçada tão todas quebradas, um perigo de queda pros idosos.",asfalto
122,"Toda vez que cai uma chuva mais forte, as ruas da Gávea alagam por causa dos bueiros entupidos. na semana passada, a água da chuva acumulou tanto em frente ao Shopping da Gávea, que cobriu as calçadas e quase invadiu os comércios. meu filho adolescente teve o carro danificado. A Comlurb precisa limpar essas bocas de lobo urgente.",asfalto
123,"Os poucos espaços públicos da comunidade foram tomados pelo lixo e pelo abandono. Perto de próximo ao pequeno comércio da subida,, onde os moradores podiam se reunir, virou ponto de descarte de entulho porque a prefeitura não limpa. minha mãe idosa reclama que falta uma área verde estruturada pras famílias conviverem em paz.",comunidade
124,"A situação da saúde aqui tá precária demais. O posto da Gávea não dá conta de atender todo mundo da favela e do asfalto. uma senhora de idade que mora aqui perto foi lá com suspeita de dengue esses dias atrás e mandaram voltar pra casa e tomar paracetamol sem nem fazer exame de sangue. Uma vergonha esse descaso. E a iluminação dos postes sumiu nessa parte, virando um breu danado propício pra assaltos.",favela
125,"Não dá mais pra aguentar a falta de segurança. anteontem, um rapaz que estuda na PUC foi abordado por dois caras de moto bem na Rua Vice-Governador Rubens Berardo,. Levaram o celular e a carteira, deixando todo mundo assustado. A polícia sumiu da região, ficamos desprotegidos. É uma revolta ver o bairro abandonado assim, parece que a prefeitura esqueceu da gente.",asfalto
126,"Muitas famílias aqui na comunidade vivem em condições habitacionais muito precárias, em barracos com muita umidade e infiltração perigosa. um morador antigo aqui do beco mora num cômodo pequeno onde chove mais dentro do que fora perto de perto do ponto final das vans lá em cima,. Precisamos de programas sociais de melhoria habitacional.",favela
127,"A mobilidade pra quem mora no alto da comunidade é péssima. Não tem linha de ônibus integrada que funcione de verdade. minha irmã com o carrinho de bebê que trabalha até tarde gasta uma fortuna com mototáxi pra conseguir chegar em casa na escadaria principal da comunidade, com segurança. Um absurdo essa falta de opção. Desse jeito o posto de saúde vai continuar lotado de gente doente com infecção.",comunidade
128,"A gente vive no meio do fogo cruzado e ninguém faz nada por nós. já faz uns três dias teve tiroteio perto do CIEP e eu mesmo com pressa pro serviço teve que correr pra se proteger dentro do beco. As crianças ficam traumatizadas e perdem aula direta. Segurança pra nós da comunidade é artigo de luxo pelo visto.",comunidade
129,"Não dá mais pra aguentar a falta de segurança. logo cedo na segunda-feira, um grupo de estudantes daqui foi abordado por dois caras de moto bem na Rua Engenheiro Álvaro Niemeyer,. Levaram o celular e a carteira, deixando todo mundo assustado. A polícia sumiu da região, ficamos desprotegidos. É uma revolta ver o bairro abandonado assim, parece que a prefeitura esqueceu da gente.",alto da gávea
130,"Toda vez que cai uma chuva mais forte, as ruas da Gávea alagam por causa dos bueiros entupidos. no final da tarde de quinta, a água da chuva acumulou tanto na calçada da Rua Artur Araripe, que cobriu as calçadas e quase invadiu os comércios. minha filha mais nova teve o carro danificado. A Comlurb precisa limpar essas bocas de lobo urgente. Fora o transporte público que demora horas pra passar e nos deixa mofando no ponto com medo.",asfalto
131,"Muitos prédios antigos no asfalto tão sofrendo com a falta de manutenção externa e fiação velha, e a prefeitura não ajuda com nenhum tipo de incentivo. meu vizinho da frente, o Seu Jorge, comenta que morar na Gávea virou sinônimo de pagar IPTU absurdo pra não ter nenhum apoio habitacional ou urbanístico.",alto da gávea
132,"Falta fiscalização dos serviços públicos que deveriam atender a comunidade. Fazem promessas em reuniões na associação de moradores perto de na área baixa perto do canal,, mas as obras nunca começam ou param na metade por falta de verba. uma vizinha nossa, a Dona Maria, exige auditoria e transparência nas contas da prefeitura pro nosso morro.",comunidade
133,"É uma pouca vergonha o estado das galerias de esgoto aqui. ontem de noite a tubulação começou a vazar bem na curva perigosa perto da descida pra o São Conrado, e o mau cheiro tá insuportável na rua inteira. meu marido voltando do trabalho já ligou pro 1746 reclamando, mas ninguém aparece. Descaso total da prefeitura com o IPTU caro que a gente paga. A prefeitura diz na televisão que faz obra mas a verdade é que o descaso continua igual por aqui.",alto da gávea
134,"A mobilidade urbana na Gávea tá caótica por causa do trânsito intenso e do estacionamento irregular de veículos. na Rua Marquês de São Vicente, bem perto da PUC,, os carros param em cima das calçadas e bloqueiam tudo, obrigando o pedestre a andar no meio da rua. meu filho adolescente que anda com idoso sofre demais com isso.",asfalto
135,"Um absurdo completo o atendimento de saúde pública na nossa zona. na última terça-feira, minha mãe idosa passou muito mal com febre alta e ficamos horas esperando atendimento médico no posto da Gávea. Os profissionais trabalham sobrecarregados e faltam insumos básicos. A prefeitura precisa investir sério.",asfalto
136,"A gente vive no meio do fogo cruzado e ninguém faz nada por nós. esses dias atrás teve tiroteio perto do CIEP e uma senhora de idade que mora aqui perto teve que correr pra se proteger dentro do beco. As crianças ficam traumatizadas e perdem aula direta. Segurança pra nós da comunidade é artigo de luxo pelo visto. É uma falta de respeito tremenda com quem paga imposto caro todo mês e não vê retorno.",comunidade
137,"O esgoto correndo a céu aberto aqui na comunidade é uma humilhação diária. anteontem o cano estourou bem perto do valão de esgoto principal, e tá aquela lama podre passando na porta de casa. um rapaz que estuda na PUC tá limpando tudo sozinho porque a prefeitura não manda ninguém da Cedae ou da Comlurb. Rato e barata tomando conta de tudo.",favela
138,"Aqui nas vielas a segurança pública é quase nenhuma, só lembram da gente pra fazer operação violenta. na localidade conhecida como Grota, tá perigoso de andar de noite por falta de luz nos postes. um morador antigo aqui do beco já ouviu relato de assalto nos becos escuros. Queremos paz e policiamento comunitário de verdade.",favela
139,"Um absurdo completo o atendimento de saúde pública na nossa zona. em plena luz do dia ontem, minha irmã com o carrinho de bebê passou muito mal com febre alta e ficamos horas esperando atendimento médico no posto da Gávea. Os profissionais trabalham sobrecarregados e faltam insumos básicos. A prefeitura precisa investir sério. Até a escola da garotada fica prejudicada com essa buraqueira toda que impede o acesso.",asfalto
140,"A Defesa Civil veio aqui já faz uns três dias, interditou algumas casas rachadas perto de no beco que dá acesso à quadra de esporte, por risco iminente de desabamento, mas não dão nenhuma solução real ou auxílio. O aluguel social é uma miséria. eu mesmo com pressa pro serviço tá desesperado sem saber pra onde levar a família e os filhos.",comunidade
141,"É uma pouca vergonha o estado das galerias de esgoto aqui. logo cedo na segunda-feira a tubulação começou a vazar bem na subida da Estrada da Gávea, e o mau cheiro tá insuportável na rua inteira. um grupo de estudantes daqui já ligou pro 1746 reclamando, mas ninguém aparece. Descaso total da prefeitura com o IPTU caro que a gente paga.",alto da gávea
142,"A insegurança aqui tá um absurdo total. Ninguém consegue mais andar tranquilo perto da entrada do Parque da Cidade, depois das sete da noite porque o policiamento preventivo sumiu. minha filha mais nova já cansou de ver assalto perto dos prédios. Precisamos de patrulhamento urgente e iluminação de verdade pra afastar esses criminosos. Nem o Parque da Cidade escapa desse abandono generalizado que tomou conta do nosso bairro.",alto da gávea
143,"Olha, a situação da segurança tá caótica na Gávea. na Rua Engenheiro Álvaro Niemeyer, virou ponto fixo de bandido assaltando quem sai do trabalho ou da faculdade. durante o temporal de ontem teve mais um roubo de celular violento. meu vizinho da frente, o Seu Jorge, tentou acionar os policial mas a viatura demorou uma eternidade pra chegar.",alto da gávea
144,"A situação da saúde aqui tá precária demais. O posto da Gávea não dá conta de atender todo mundo da favela e do asfalto. uma vizinha nossa, a Dona Maria, foi lá com suspeita de dengue no meio da semana passada e mandaram voltar pra casa e tomar paracetamol sem nem fazer exame de sangue. Uma vergonha esse descaso.",favela
145,"Político só sobe o morro na época da eleição pra apertar a mano do morador e tirar foto comendo pastel. Prometem asfalto na viela, saneamento e creche perto de nas proximidades do posto de saúde da Gávea,, mas depois que ganham a eleição esquecem da favela. meu marido voltando do trabalho tá revoltado com tanta mentira e descaso da prefeitura. E pra piorar tudo, as calçadas tão todas quebradas, um perigo de queda pros idosos.",comunidade
146,"Há um descaso imenso com a fiscalização de obras residenciais na nossa região. na Rua Vice-Governador Rubens Berardo,, tão fazendo construções que parecem irregulares e tão afetando a estrutura das casas vizinhas e gerando rachaduras. meu filho adolescente já denunciou na prefeitura mas ninguém vem embargar a obra.",asfalto
147,"Olha, a situação da segurança tá caótica na Gávea. no cruzamento principal perto do posto de combustível, virou ponto fixo de bandido assaltando quem sai do trabalho ou da faculdade. na última terça-feira teve mais um roubo de celular violento. minha mãe idosa tentou acionar os policiais mas a viatura demorou uma eternidade pra chegar.",asfalto
148,"Morar aqui tá difícil por causa dos problemas crônicos de drenagem pluvial. na Rua Marquês de São Vicente, bem perto da PUC,, a água fica empossada por dias após qualquer temporal comum. uma senhora de idade que mora aqui perto reclama que o mau cheiro de esgoto invade os apartamentos do térreo. Cadê as obras de saneamento e escoamento prometidas pela prefeitura? E a iluminação dos postes sumiu nessa parte, virando um breu danado propício pra assaltos.",asfalto
149,"As escadarias e vielas da comunidade tão caindo aos pedaços de tão velhas. Os degraus tão todos quebrados e não tem um corrimão sequer, o que é um perigo imenso em dia de chuva. um rapaz que estuda na PUC escorregou e machucou o braço anteontem subindo no Beco do Rato, na parte mais alta,. Precisamos de reformas urgentes.",favela
150,"A coleta de lixo aqui dentro não funciona direito e o povo acaba jogando os sacos nas encostas ou perto de na Travessa do Sol, área residencial,. no último sábado de madrugada acumulou tanta sujeira que tampou a passagem do beco. um morador antigo aqui do beco se preocupa com as doenças, o valão tá transbordando e ninguém limpa essa imundície.",comunidade
151,"Nossos jovens tão sem perspectiva porque as escolas públicas da comunidade tão abandonadas. Falta professor de matemática e inglês direto. em plena luz do dia ontem o filho de minha irmã com o carrinho de bebê ficou sem aula e voltou pra casa cedo. Sem educação de qualidade, como que as crianças da favela vão vencer na vida? Desse jeito o posto de saúde vai continuar lotado de gente doente com infecção.",comunidade
152,"Falta planejamento e manutenção da infraestrutura urbana na Gávea. No entorno de perto do mirante do Alto da Gávea,, as calçadas são estreitas, quebradas e cheias de obstáculos, fora a fiação aérea pesada que parece que vai cair. eu mesmo com pressa pro serviço que anda por aqui todo dia vê o completo abandono do asfalto.",alto da gávea
153,"As calçadas aqui da Gávea tão completamente detonadas, cheias de buracos e pedras soltas. logo cedo na segunda-feira, um grupo de estudantes daqui tropeçou e quase caiu feio bem na Rua Vice-Governador Rubens Berardo,. As raízes das árvores estouraram o concreto e ninguém conserta. Idosos sofrem demais pra caminhar por aqui, cadê a conservação?",asfalto
154,"O posto de saúde da Gávea tá sem o mínimo de estrutura pra atender o bairro. minha filha mais nova precisava de remédio de uso contínuo pra pressão e disseram que tá em falta na farmácia do posto faz dois meses. Pra marcar um exame simples pelo Sisreg é uma novela que demora quase um ano, descaso total. Fora o transporte público que demora horas pra passar e nos deixa mofando no ponto com medo.",asfalto
155,"Um absurdo completo o atendimento de saúde pública na nossa zona. durante o temporal de ontem, meu vizinho da frente, o Seu Jorge, passou muito mal com febre alta e ficamos horas esperando atendimento médico no posto da Gávea. Os profissionais trabalham sobrecarregados e faltam insumos básicos. A prefeitura precisa investir sério.",asfalto
156,"A gente vive com medo de sair de casa à noite. Aqui perto de nos arredores da Praça Santos Dumont, no Baixo Gávea,, os assaltos são constantes e violentos. no meio da semana passada teve correria perto do ponto de ônibus. É um trauma pro uma vizinha nossa, a Dona Maria, e pra todo mundo que mora aqui no asfalto. Cadê o Segurança Presente que tanto prometeram?",asfalto
157,"O risco de deslizamento de barreira tira o sono de qualquer morador. Toda vez que começa a chover forte, meu marido voltando do trabalho fica acordado a noite toda vigiando a encosta perto de na Viela da Paz, subindo as escadas,. A Geo-Rio precisa fazer uma obra de contenção de encostas urgente ali antes que aconteça uma tragédia. A prefeitura diz na televisão que faz obra mas a verdade é que o descaso continua igual por aqui.",favela
158,"Aqui nas vielas a segurança pública é quase nenhuma, só lembram da gente pra fazer operação violenta. perto do valão de esgoto principal, tá perigoso de andar de noite por falta de luz nos postes. meu filho adolescente já ouviu relato de assalto nos becos escuros. Queremos paz e policiamento comunitário de verdade.",favela
159,"Um absurdo a truculência nas abordagens policiais aqui na comunidade. na última terça-feira, minha mãe idosa foi parado voltando do serviço bem nas proximidades do posto de saúde da Gávea, e os policiais já chegaram esculachando, tratando como suspeito. A gente quer segurança, mas quer respeito também, porque trabalhador não é bandido.",comunidade
160,"Os pontos de ônibus perto de na área baixa perto do canal, tão abandonados, sem cobertura nenhuma contra chuva ou sol e totalmente escuros de noite. uma senhora de idade que mora aqui perto fica exposto ao perigo e ao tempo esperando condução que nunca passa no horário certo. Transporte de qualidade é um direito nosso. É uma falta de respeito tremenda com quem paga imposto caro todo mês e não vê retorno.",comunidade
161,"Conseguir vaga na creche pública aqui na região é quase impossível, uma fila de espera eterna no sistema. Estou com um rapaz que estuda na PUC sem estudar porque nunca tem vaga disponível nas creches perto de no cruzamento principal perto do posto de combustível,. As mães trabalhadoras precisam desse suporte urgente pra poder trabalhar em paz.",asfalto
162,"Na comunidade a gente sofre quando alguém passa mal. no último sábado de madrugada, um morador antigo aqui do beco teve uma crise forte e a ambulância do Samu se recusou a subir nas vielas apertadas perto do CIEP, alegando falta de segurança. Tivemos que carregar ele no braço até o asfalto. O posto de saúde também nunca tem remédio básico.",favela
163,"Muitos prédios antigos no asfalto tão sofrendo com a falta de manutenção externa e fiação velha, e a prefeitura não ajuda com nenhum tipo de incentivo. minha irmã com o carrinho de bebê comenta que morar na Gávea virou sinônimo de pagar IPTU absurdo pra não ter nenhum apoio habitacional ou urbanístico. Até a escola da garotada fica prejudicada com essa buraqueira toda que impede o acesso.",asfalto
164,"Minha reclamação é sobre a dificuldade de conseguir atendimento de emergência na área. já faz uns três dias precisamos de socorro urgente pra eu mesmo com pressa pro serviço, mas a ambulância demorou horas pra chegar aqui em frente ao Shopping da Gávea,. O posto de saúde vive superlotado e sem médicos suficientes pra a demanda absurda.",asfalto
165,"É uma pouca vergonha o estado das galerias de esgoto aqui. logo cedo na segunda-feira a tubulação começou a vazar bem no trecho mais alto e escuro da via, e o mau cheiro tá insuportável na rua inteira. um grupo de estudantes daqui já ligou pro 1746 reclamando, mas ninguém aparece. Descaso total da prefeitura com o IPTU caro que a gente paga.",alto da gávea
166,"As vans que sobem o morro cobram caro e andam correndo igual loucas pelas subidas estreitas, um perigo. minha filha mais nova quase sofreu um acidente no final da tarde de quinta perto de nas proximidades do posto de saúde da Gávea, porque o motorista tava disputando passageiro com outra van. Falta fiscalização pesada do transporte alternativo aqui dentro. Nem o Parque da Cidade escapa desse abandono generalizado que tomou conta do nosso bairro.",comunidade
167,"Muitos prédios antigos no asfalto tão sofrendo com a falta de manutenção externa e fiação velha, e a prefeitura não ajuda com nenhum tipo de incentivo. meu vizinho da frente, o Seu Jorge, comenta que morar na Gávea virou sinônimo de pagar IPTU absurdo pra não ter nenhum apoio habitacional ou urbanístico.",asfalto
168,"A infraestrutura básica passou longe das vielas daqui da favela. no beco que dá acesso à quadra de esporte,, o acesso é péssimo, sem pavimentação adequada, cheio de valas e lodo acumulado que faz as pessoas escorregarem. uma vizinha nossa, a Dona Maria, idoso tem muita dificuldade de sair de casa. Falta pavimentação e acessibilidade.",comunidade
169,"Não dá mais pra aguentar a falta de segurança. ontem de noite, meu marido voltando do trabalho foi abordado por dois caras de moto bem na Rua Marquês de São Vicente, bem perto da PUC,. Levaram o celular e a carteira, deixando todo mundo assustado. A polícia sumiu da região, ficamos desprotegidos. É uma revolta ver o bairro abandonado assim, parece que a prefeitura esqueceu da gente. E pra piorar tudo, as calçadas tão todas quebradas, um perigo de queda pros idosos.",asfalto
170,"Muitas famílias aqui na comunidade vivem em condições habitacionais mto precárias, em barracos com muita umidade e infiltração perigosa. meu filho adolescente mora num cômodo pequeno onde chove mais dentro do que fora perto de no Beco do Rato, na parte mais alta,. Precisamos de programas sociais de melhoria habitacional.",favela
171,"Muitos prédios antigos no asfalto tão sofrendo com a falta de manutenção externa e fiação velha, e a prefeitura não ajuda com nenhum tipo de incentivo. minha mãe idosa comenta que morar na Gávea virou sinônimo de pagar IPTU absurdo pra não ter nenhum apoio habitacional ou urbanístico.",alto da gávea
172,"Falta planejamento e manutenção da infraestrutura urbana na Gávea. No entorno de na calçada da Rua Artur Araripe,, as calçadas são estreitas, quebradas e cheias de obstáculos, fora a fiação aérea pesada que parece que vai cair. uma senhora de idade que mora aqui perto que anda por aqui todo dia vê o completo abandono do asfalto. E a iluminação dos postes sumiu nessa parte, virando um breu danado propício pra assaltos.",asfalto
173,"É uma pouca vergonha o estado das galerias de esgoto aqui. anteontem a tubulação começou a vazar bem perto do Planetário da Gávea, e o mau cheiro tá insuportável na rua inteira. um rapaz que estuda na PUC já ligou pro 1746 reclamando, mas ninguém aparece. Descaso total da prefeitura com o IPTU caro que a gente paga.",asfalto
174,"Falta de vaga em creche municipal aqui dentro da comunidade é um absurdo que prejudica as mães. um morador antigo aqui do beco tá desempregada porque não tem com quem deixar o bebê, já que a creche perto de na subida da passarela de acesso, tá superlotada e sem previsão de novas vagas. A prefeitura precisa expandir a rede.",favela
175,"Nossos jovens tão sem perspectiva porque as escolas públicas da comunidade tão abandonadas. Falta professor de matemática e inglês direto. em plena luz do dia ontem o filho de minha irmã com o carrinho de bebê ficou sem aula e voltou pra casa cedo. Sem educação de qualidade, como que as crianças da favela vão vencer na vida? Desse jeito o posto de saúde vai continuar lotado de gente doente com infecção.",comunidade
176,"A infraestrutura básica passou longe das viela daqui da favela. na escadaria principal da comunidade,, o acesso é péssimo, sem pavimentação adequada, cheio de valas e lodo acumulado que faz as pessoas escorregarem. eu mesmo com pressa pro serviço idoso tem muita dificuldade de sair de casa. Falta pavimentação e acessibilidade.",comunidade
177,"A situação da segurança aqui dentro tá muito complicada e tensa. logo cedo na segunda-feira teve operação e correria bem perto da associação de moradores,, deixando os moradores apavorados dentro de casa. um grupo de estudantes daqui ficou preso sem conseguir descer pro trabalho. Falta uma política de segurança que respeite quem mora aqui na favela.",comunidade
178,"A coleta de lixo aqui dentro não funciona direito e o povo acaba jogando os sacos nas encostas ou perto de na Viela da Paz, subindo as escadas,. no final da tarde de quinta acumulou tanta sujeira que tampou a passagem do beco. minha filha mais nova se preocupa com as doenças, o valão tá transbordando e ninguém limpa essa imundície. Fora o transporte público que demora horas pra passar e nos deixa mofando no ponto com medo.",favela
179,"Os buracos na pista tão acabando com os carros dos moradores. na calçada da Rua Artur Araripe, tem uma cratera aberta que tá causando acidentes graves. durante o temporal de ontem um motoqueiro quase se acidentou feio. meu vizinho da frente, o Seu Jorge, já abriu vários chamados no 1746 mas eles só jogam uma terra que sai na primeira chuvinha.",asfalto
180,"A gente vive com medo de sair de casa à noite. Aqui perto de perto do mirante do Alto da Gávea,, os assaltos são constantes e violentos. no meio da semana passada teve correria perto do ponto de ônibus. É um trauma pro uma vizinha nossa, a Dona Maria, e pra todo mundo que mora aqui no asfalto. Cadê o Segurança Presente que tanto prometeram?",alto da gávea
181,"Ir no posto de saúde da Gávea é passar nervoso. Fui levar meu marido voltando do trabalho ontem de noite e o atendimento tava parado por falta de médico. A gente que mora no morro tem que descer de madrugada, pegar chuva na fila pra ouvir que não tem vaga. Saúde pública aqui tá largada às traças. A prefeitura diz na televisão que faz obra mas a verdade é que o descaso continua igual por aqui.",favela
182,"As vans que sobem o morro cobram caro e andam correndo igual loucas pelas subidas estreitas, um perigo. meu filho adolescente quase sofreu um acidente na semana passada perto de perto do ponto final das vans lá em cima, porque o motorista tava disputando passageiro com outra van. Falta fiscalização pesada do transporte alternativo aqui dentro.",favela
183,"A subprefeitura da Zona Sul não bota os pés aqui dentro da comunidade pra ver nossa realidade. Ignoram o esgoto, a falta de luz nas vielas e o perigo nas encostas perto de nas vielas apertadas perto do CIEP,. minha mãe idosa diz que o morador tá abandonado e tem que resolver tudo por conta própria através de mutirão.",favela
184,"Falta saneamento básico e vergonha na cara das autoridades. no Beco do Rato, na parte mais alta, tá cheio de esgoto vazando direto e as crianças brincam do lado da sujeira. uma senhora de idade que mora aqui perto tá com o filho internado no posto com infecção por causa disso. É desumano viver desse jeito sem rede de esgoto adequada nas vielas. É uma falta de respeito tremenda com quem paga imposto caro todo mês e não vê retorno.",favela
185,"As escadarias e vielas da comunidade tão caindo aos pedaços de tão velhas. Os degraus tão todos quebrados e não tem um corrimão sequer, o que é um perigo imenso em dia de chuva. um rapaz que estuda na PUC escorregou e machucou o braço anteontem subindo na Viela da Paz, subindo as escadas,. Precisamos de reformas urgentes.",favela
186,"A iluminação pública tá uma vergonha nessa área residencial. na calçada da Rua Artur Araripe, tá com várias lâmpadas queimadas nos postes há semanas, deixando a rua num breu completo. um morador antigo aqui do beco tem medo de voltar do trabalho de noite. É um perigo danado, a Rioluz precisa fazer a manutenção urgente.",asfalto
187,"Não há transparência nem participação popular nas decisões sobre as obras feitas no bairro. Gastam rios de dinheiro público em intervenções estéticas desnecessárias no asfalto perto de perto do mirante do Alto da Gávea, enquanto falta o básico. minha irmã com o carrinho de bebê cobra mais diálogo e fiscalização rigorosa dos gastos municipais. Até a escola da garotada fica prejudicada com essa buraqueira toda que impede o acesso.",alto da gávea
188,"A gente vive com medo de sair de casa à noite. Aqui perto de nas imediações das mansões residenciais,, os assaltos são constantes e violentos. já faz uns três dias teve correria perto do ponto de ônibus. É um trauma pro eu mesmo com pressa pro serviço e pra todo mundo que mora aqui no asfalto. Cadê o Segurança Presente que tanto prometeram?",alto da gávea
189,"Não dá mais pra aguentar a falta de segurança. logo cedo na segunda-feira, um grupo de estudantes daqui foi abordado por dois caras de moto bem na curva perigosa perto da descida pra o São Conrado,. Levaram o celular e a carteira, deixando todo mundo assustado. A polícia sumiu da região, ficamos desprotegidos. É uma revolta ver o bairro abandonado assim, parece que a prefeitura esqueceu da gente.",alto da gávea
190,"A iluminação pública tá uma vergonha nessa área residencial. na Rua Marquês de São Vicente, bem perto da PUC, tá com várias lâmpadas queimadas nos postes há semanas, deixando a rua num breu completo. minha filha mais nova tem medo de voltar do trabalho de noite. É um perigo danado, a Rioluz precisa fazer a manutenção urgente. Nem o Parque da Cidade escapa desse abandono generalizado que tomou conta do nosso bairro.",asfalto
191,"Falta iluminação nos becos mais internos da comunidade. Caminhar por aqui de noite é um desafio de sobrevivência porque tá tudo no escuro completo. no Beco do Rato, na parte mais alta,, os moradores vivem com medo de assalto e queda. meu vizinho da frente, o Seu Jorge, comprou lâmpada do próprio bolso pra colocar no beco.",favela
192,"Falta saneamento básico e vergonha na cara das autoridades. na Viela da Paz, subindo as escadas, tá cheio de esgoto vazando direto e as crianças brincam do lado da sujeira. uma vizinha nossa, a Dona Maria, tá com o filho internado no posto com infecção por causa disso. É desumano viver desse jeito sem rede de esgoto adequada nas vielas.",favela
193,"O risco de deslizamento de barreira tira o sono de qualquer morador. Toda vez que começa a chover forte, meu marido voltando do trabalho fica acordado a noite toda vigiando a encosta perto de perto do valão de esgoto principal,. A Geo-Rio precisa fazer uma obra de contenção de encostas urgente ali antes que aconteça uma tragédia. E pra piorar tudo, as calçadas tão todas quebradas, um perigo de queda pros idosos.",favela
194,"A insegurança aqui tá um absurdo total. Ninguém consegue mais andar tranquilo perto do Planetário da Gávea, depois das sete da noite porque o policiamento preventivo sumiu. meu filho adolescente já cansou de ver assalto perto dos prédios. Precisamos de patrulhamento urgente e iluminação de verdade pra afastar esses criminosos.",asfalto
195,"Muitos prédios antigos no asfalto tão sofrendo com a falta de manutenção externa e fiação velha, e a prefeitura não ajuda com nenhum tipo de incentivo. minha mãe idosa comenta que morar na Gávea virou sinônimo de pagar IPTU abssurdo pra não ter nenhum apoio habitacional ou urbanístico.",asfalto
196,"A falta de segurança viária e policiamento no entorno das escolas preocupa muito. no cruzamento principal perto do posto de combustível,, o trânsito é caótico na hora da saída dos alunos e os carros não respeitam a faixa. uma senhora de idade que mora aqui perto reclama que falta sinalização adequada e presença da guarda municipal pra proteger as crianças. E a iluminação dos postes sumiu nessa parte, virando um breu danado propício pra assaltos.",asfalto
197,"Ir no posto de saúde da Gávea é passar nervoso. Fui levar um rapaz que estuda na PUC anteontem e o atendimento tava parado por falta de médico. A gente que mora no morro tem que descer de madrugada, pegar chuva na fila pra ouvir que não tem vaga. Saúde pública aqui tá largada às traças.",comunidade
198,"A fiação elétrica aqui tá um perigo absurdo, um emaranhado de fios soltos e baixos passando na cabeça da gente. no Beco do Rato, na parte mais alta,, os cabos tão quase tocando o chão das viela. um morador antigo aqui do beco tem medo de um curto-circuito ou incêndio grave. A Light e a prefeitura precisam ordenar esse caos.",favela
199,"O posto de saúde tá sempre lotado e faltam especialistas como pediatra e ginecologista. minha irmã com o carrinho de bebê tá tentando marcar uma consulta há mais de quatro meses e nada. em plena luz do dia ontem disseram que o sistema do Sisreg caiu. É uma falta de respeito enorme com quem mora na comunidade. Desse jeito o posto de saúde vai continuar lotado de gente doente com infecção.",favela
200,"Falta planejamento e manutenção da infraestrutura urbana na Gávea. No entorno de na calçada da Rua Artur Araripe,, as calçadas são estreitas, quebradas e cheias de obstáculos, fora a fiação aérea pesada que parece que vai cair. eu mesmo com pressa pro serviço que anda por aqui todo dia vê o completo abandono do asfalto.",asfalto
201,"A prefeitura e a subprefeitura só lembram que os moradores da Gávea existem em ano de eleição. Aparecem políticos prometendo mundos e fundos aqui em perto do mirante do Alto da Gávea,. Depois que são eleitos, somem e os problemas continuam os mesmos. um grupo de estudantes daqui tá cansado dessas falsas promessas de campanha.",alto da gávea
202,"A coleta de lixo aqui dentro não funciona direito e o povo acaba jogando os sacos nas encostas ou perto de na subida da passarela de acesso,. no final da tarde de quinta acumulou tanta sujeira que tampou a passagem do beco. minha filha mais nova se preocupa com as doenças, o valão tá transbordando e ninguém limpa essa imundície. Fora o transporte público que demora horas pra passar e nos deixa mofando no ponto com medo.",favela
203,"A mobilidade pra quem mora no alto da comunidade é péssima. Não tem linha de ônibus integrada que funcione de verdade. meu vizinho da frente, o Seu Jorge, que trabalha até tarde gasta uma fortuna com mototáxi pra conseguir chegar em casa perto do ponto final das vans lá em cima, com segurança. Um absurdo essa falta de opção.",favela
204,"A gente vive com medo de sair de casa à noite. Aqui perto de na Rua Marquês de São Vicente, bem perto da PUC,, os assaltos são constantes e violentos. no meio da semana passada teve correria perto do ponto de ônibus. É um trauma pro uma vizinha nossa, a Dona Maria, e pra todo mundo que mora aqui no asfalto. Cadê o Segurança Presente que tanto prometeram?",asfalto
205,"O custo de moradia na Gávea virou uma loucura completa e inacessível. Os aluguéis tão num valor abusivo por causa da especulação imobiliária. meu marido voltando do trabalho mora aqui há mais de dez anos perto de perto da entrada do Parque da Cidade, e agora tá sendo obrigado a se mudar porque não aguenta mais pagar tão caro por um espaço pequeno. A prefeitura diz na televisão que faz obra mas a verdade é que o descaso continua igual por aqui.",alto da gávea
206,"A fiação elétrica aqui tá um perigo absurdo, um emaranhado de fios soltos e baixos passando na cabeça da gente. na Viela da Paz, subindo as escadas,, os cabos tão quase tocando o chão das vielas. meu filho adolescente tem medo de um curto-circuito ou incêndio grave. A Light e a prefeitura precisam ordenar esse caos.",favela
207,"As vans e ônibus que circulam pelo bairro andam em velocidade absurda e perigosa. minha mãe idosa pegou uma condução dessas na última terça-feira perto de no trecho mais alto e escuro da via, e ficou apavorado com a imprudência. Precisamos de fiscalização rigorosa da guarda municipal e mais linhas de ônibus regulares.",alto da gávea
208,"O entorno do CIEP tá largado ao abandonono total. na localidade conhecida como Grota,, o mato tá alto atraindo bixo e falta iluminação na passarela de acesso dos alunos. uma senhora de idade que mora aqui perto morador antigo diz que de noite o lugar fica perigoso demais, propício pra assalto. Precisamos de melhorias e segurança pra comunidade escolar. É uma falta de respeito tremenda com quem paga imposto caro todo mês e não vê retorno.",favela
209,"O risco de deslizamento de barreira tira o sono de qualquer morador. Toda vez que começa a chover forte, um rapaz que estuda na PUC fica acordado a noite toda vigiando a encosta perto de na área baixa perto do canal,. A Geo-Rio precisa fazer uma obra de contenção de encostas urgente ali antes que aconteça uma tragédia.",comunidade
210,"A coleta de lixo aqui dentro não funciona direito e o povo acaba jogando os sacos nas encostas ou perto de perto do ponto final das vans lá em cima,. no último sábado de madrugada acumulou tanta sujeira que tampou a passagem do beco. um morador antigo aqui do beco se preocupa com as doenças, o valão tá transbordando e ninguém limpa essa imundície.",favela
211,"O acúmulo de lixo nas calçadas da Gávea tá atraindo muito bicho e barata. na subida da Estrada da Gávea,, os sacos de lixo ficam amontoados porque a coleta tá passando fora do horário comercial. minha irmã com o carrinho de bebê já viu ratazana enorme correndo perto dos pedestres. Uma falta de higiene terrível num bairro desses. Até a escola da garotada fica prejudicada com essa buraqueira toda que impede o acesso.",alto da gávea
212,"A falta de segurança viária e policiamento no entorno das escolas preocupa muito. nos arredores da Praça Santos Dumont, no Baixo Gávea,, o trânsito é caótico na hora da saída dos alunos e os carros não respeitam a faixa. eu mesmo com pressa pro serviço reclama que falta sinalização adequada e presença da guarda municipal pra proteger as crianças.",asfalto
213,"O risco de deslizamento de barreira tira o sono de qualquer morador. Toda vez que começa a chover forte, um grupo de estudantes daqui fica acordado a noite toda vigiando a encosta perto de na Travessa do Sol, área residencial,. A Geo-Rio precisa fazer uma obra de contenção de encostas urgente ali antes que aconteça uma tragédia.",comunidade
214,"A fiação elétrica aqui tá um perigo absurdo, um emaranhado de fios soltos e baixos passando na cabeça da gente. perto do valão de esgoto principal,, os cabos tão quase tocando o chão das vielas. minha filha mais nova tem medo de um curto-circuito ou incêndio grave. A Light e a prefeitura precisam ordenar esse caos. Nem o Parque da Cidade escapa desse abandono generalizado que tomou conta do nosso bairro.",favela
215,"Um absurdo completo o atendimento de saúde pública na nossa zona. durante o temporal de ontem, meu vizinho da frente, o Seu Jorge, passou muito mal com febre alta e ficamos horas esperando atendimento médico no posto da Gávea. Os profissionais trabalham sobrecarregados e faltam insumos básicos. A prefeitura precisa investir sério.",asfalto
216,"Os pontos de ônibus perto de na área baixa perto do canal, tão abandonados, sem cobertura nenhuma contra chuva ou sol e totalmente escuros de noite. uma vizinha nossa, a Dona Maria, fica exposto ao perigo e ao tempo esperando condução que nunca passa no horário certo. Transporte de qualidade é um direito nosso.",comunidade
217,"Conseguir vaga na creche pública aqui na região é quase impossível, uma fila de espera eterna no sistema. Estou com meu marido voltando do trabalho sem estudar porque nunca tem vaga disponível nas creches perto de no cruzamento principal perto do posto de combustível,. As mães trabalhadoras precisam desse suporte urgente pra poder trabalhar em paz. E pra piorar tudo, as calçadas tão todas quebradas, um perigo de queda pros idosos.",asfalto
218,"A iluminação pública tá uma vergonha nessa área residencial. na Rua Marquês de São Vicente, bem perto da PUC, tá com várias lâmpadas queimadas nos postes há semanas, deixando a rua num breu completo. meu filho adolescente tem medo de voltar do trabalho de noite. É um perigo danado, a Rioluz precisa fazer a manutenção urgente.",asfalto
219,"A mobilidade pra quem mora no alto da comunidade é péssima. Não tem linha de ônibus integrada que funcione de verdade. minha mãe idosa que trabalha até tarde gasta uma fortuna com mototáxi pra conseguir chegar em casa perto da associação de moradores, com segurança. Um absurdo essa falta de opção.",comunidade
220,"Falta planejamento e manutenção da infraestrutura urbana na Gávea. No entorno de em frente ao Shopping da Gávea,, as calçada são estreitas, quebradas e cheias de obstáculos, fora a fiação aérea pesada que parece que vai cair. uma senhora de idade que mora aqui perto que anda por aqui todo dia vê o completo abandono do asfalto. E a iluminação dos postes sumiu nessa parte, virando um breu danado propício pra assaltos.",asfalto
221,"As escadarias e vielas da comunidade tão caindo aos pedaços de tão velhas. Os degraus tão todos quebrados e não tem um corrimão sequer, o que é um perigo imenso em dia de chuva. um rapaz que estuda na PUC escorregou e machucou o braço anteontem subindo perto do valão de esgoto principal,. Precisamos de reformas urgentes.",favela
222,"Toda vez que cai uma chuva mais forte, as ruas da Gávea alagam por causa dos bueiros entupidos. no último sábado de madrugada, a água da chuva acumulou tanto perto do Planetário da Gávea, que cobriu as calçadas e quase invadiu os comércios. um morador antigo aqui do beco teve o carro danificado. A Comlurb precisa limpar essas bocas de lobo urgente.",asfalto
223,"Um absurdo a truculência nas abordagens policiais aqui na comunidade. em plena luz do dia ontem, minha irmã com o carrinho de bebê foi parado voltando do serviço bem na subida da passarela de acesso, e os policiais já chegaram esculachando, tratando como suspeito. A gente quer segurança, mas quer respeito também, porque trabalhador não é bandido. Desse jeito o posto de saúde vai continuar lotado de gente doente com infecção.",favela
224,"Falta saneamento básico e vergonha na cara das autoridades. perto do ponto final das vans lá em cima, tá cheio de esgoto vazando direto e as crianças brincam do lado da sujeira. eu mesmo com pressa pro serviço tá com o filho internado no posto com infecção por causa disso. É desumano viver desse jeito sem rede de esgoto adequada nas vielas.",favela
225,"O custo de moradia na Gávea virou uma loucura completa e inacessível. Os aluguéis tão num valor abusivo por causa da especulação imobiliária. um grupo de estudantes daqui mora aqui há mais de dez anos perto de na subida da Estrada da Gávea, e agora tá sendo obrigado a se mudar porque não aguenta mais pagar tão caro por um espaço pequeno.",alto da gávea
226,"A coleta de lixo aqui dentro não funciona direito e o povo acaba jogando os sacos nas encostas ou perto de no Beco do Rato, na parte mais alta,. no final da tarde de quinta acumulou tanta sujeira que tampou a passagem do beco. minha filha mais nova se preocupa com as doenças, o valão tá transbordando e ninguém limpa essa imundície. Fora o transporte público que demora horas pra passar e nos deixa mofando no ponto com medo.",favela
227,"Um absurdo completo o atendimento de saúde pública na nossa zona. durante o temporal de ontem, meu vizinho da frente, o Seu Jorge, passou muito mal com febre alta e ficamos horas esperando atendimento médico no posto da Gávea. Os profissionais trabalham sobrecarregados e faltam insumos básicos. A prefeitura precisa investir sério.",asfalto
228,"A infraestrutura básica passou longe das vielas daqui da favela. perto do valão de esgoto principal,, o acesso é péssimo, sem pavimentação adequada, cheio de valas e lodo acumulado que faz as pessoas escorregarem. uma vizinha nossa, a Dona Maria, idoso tem muita dificuldade de sair de casa. Falta pavimentação e acessibilidade.",favela
229,"O Parque da Cidade, que deveria ser um espaço de lazer maravilhoso na Gávea, tá abandonado pelo poder público. Mato altíssimo, brinquedos do parquinho enferrujados e quebrados, e lixo espalhado. meu marido voltando do trabalho foi lá com a família ontem de noite e ficou indignado com o descaso total com a nossa área verde. A prefeitura diz na televisão que faz obra mas a verdade é que o descaso continua igual por aqui.",alto da gávea
230,"A iluminação pública tá uma vergonha nessa área residencial. na Rua Vice-Governador Rubens Berardo, tá com várias lâmpadas queimadas nos postes há semanas, deixando a rua num breu completo. meu filho adolescente tem medo de voltar do trabalho de noite. É um perigo danado, a Rioluz precisa fazer a manutenção urgente.",asfalto
231,"Prometeram regularização fundiária pra nossa comunidade há anos, disseram que a gente ia ter o documento da casa própria, mas ficou só na promessa vazia. minha mãe idosa investiu o dinheiro da vida toda construindo sua moradia perto de perto do ponto final das vans lá em cima, e vive com a insegurança de ser despejado.",favela
232,"Minha reclamação é sobre a dificuldade de conseguir atendimento de emergência na área. esses dias atrás precisamos de socorro urgente pra uma senhora de idade que mora aqui perto, mas a ambulância demorou horas pra chegar aqui na subida da Estrada da Gávea,. O posto de saúde vive superlotado e sem médicos suficientes pra a demanda absurda. É uma falta de respeito tremenda com quem paga imposto caro todo mês e não vê retorno.",alto da gávea
233,"A saúde aqui na região tá um caos absoluto. Fui levar um rapaz que estuda na PUC no posto de saúde da Gávea anteontem e não tinha nenhum clínico de plantão. Uma fila imensa dobrava o quarteirão desde a madrugada e de manhã disseram que as senhas tinham acabado. É humilhante ver o trabalhador sofrendo assim.",asfalto
234,"Toda vez que cai uma chuva mais forte, as ruas da Gávea alagam por causa dos bueiros entupidos. no último sábado de madrugada, a água da chuva acumulou tanto em frente ao Shopping da Gávea, que cobriu as calçadas e quase invadiu os comércios. um morador antigo aqui do beco teve o carro danificado. A Comlurb precisa limpar essas bocas de lobo urgente.",asfalto
235,"O posto de saúde tá sempre lotado e faltam especialistas como pediatra e ginecologista. minha irmã com o carrinho de bebê tá tentando marcar uma consulta há mais de quatro meses e nada. em plena luz do dia ontem disseram que o sistema do Sisreg caiu. É uma falta de respeito enorme com quem mora na comunidade. Até a escola da garotada fica prejudicada com essa buraqueira toda que impede o acesso.",comunidade
236,"A gente vive no meio do fogo cruzado e ninguém faz nada por nós. já faz uns três dias teve tiroteio perto do CIEP e eu mesmo com pressa pro serviço teve que correr pra se proteger dentro do beco. As crianças ficam traumatizadas e perdem aula direta. Segurança pra nós da comunidade é artigo de luxo pelo visto.",favela
237,"O risco de deslizamento de barreira tira o sono de qualquer morador. Toda vez que começa a chover forte, um grupo de estudantes daqui fica acordado a noite toda vigiando a encosta perto de na área baixa perto do canal,. A Geo-Rio precisa fazer uma obra de contenção de encostas urgente ali antes que aconteça uma tragédia.",comunidade
238,"A mobilidade urbana na Gávea tá caótica por causa do trânsito intenso e do estacionamento irregular de veículos. no cruzamento principal perto do posto de combustível,, os carros param em cima das calçadas e bloqueiam tudo, obrigando o pedestre a andar no meio da rua. minha filha mais nova que anda com idoso sofre demais com isso. Nem o Parque da Cidade escapa desse abandono generalizado que tomou conta do nosso bairro.",asfalto
239,"Olha, a situação da segurança tá caótica na Gávea. na Rua Marquês de São Vicente, bem perto da PUC, virou ponto fixo de bandido assaltando quem sai do trabalho ou da faculdade. durante o temporal de ontem teve mais um roubo de celular violento. meu vizinho da frente, o Seu Jorge, tentou acionar os policiais mas a viatura demorou uma eternidade pra chegar.",asfalto
240,"Falta saneamento básico e vergonha na cara das autoridades. no Beco do Rato, na parte mais alta, tá cheio de esgoto vazando direto e as crianças brincam do lado da sujeira. uma vizinha nossa, a Dona Maria, tá com o filho internado no posto com infecção por causa disso. É desumano viver desse jeito sem rede de esgoto adequada nas vielas.",favela
241,"A situação da segurança aqui dentro tá muito complicada e tensa. ontem de noite teve operação e correria bem na Travessa do Sol, área residencial,, deixando os moradores apavorados dentro de casa. meu marido voltando do trabalho ficou preso sem conseguir descer pro trabalho. Falta uma política de segurança que respeite quem mora aqui na favela. E pra piorar tudo, as calçadas tão todas quebradas, um perigo de queda pros idosos.",comunidade
242,"O posto de saúde da Gávea tá sem o mínimo de estrutura pra atender o bairro. meu filho adolescente precisava de remédio de uso contínuo pra pressão e disseram que tá em falta na farmácia do posto faz dois meses. Pra marcar um exame simples pelo Sisreg é uma novela que demora quase um ano, descaso total.",alto da gávea
243,"O acúmulo de lixo nas calçadas da Gávea tá atraindo muito bicho e barata. perto do Planetário da Gávea,, os sacos de lixo ficam amontoados porque a coleta tá passando fora do horário comercial. minha mãe idosa já viu ratazana enorme correndo perto dos pedestres. Uma falta de higiene terrível num bairro desses.",asfalto
244,"A gente vive com medo de sair de casa à noite. Aqui perto de na Rua Vice-Governador Rubens Berardo,, os assaltos são constantes e violentos. esses dias atrás teve correria perto do ponto de ônibus. É um trauma pro uma senhora de idade que mora aqui perto e pra todo mundo que mora aqui no asfalto. Cadê o Segurança Presente que tanto prometeram? E a iluminação dos postes sumiu nessa parte, virando um breu danado propício pra assaltos.",asfalto
245,"Ir no posto de saúde da Gávea é passar nervoso. Fui levar um rapaz que estuda na PUC anteontem e o atendimento tava parado por falta de médico. A gente que mora no morro tem que descer de madrugada, pegar chuva na fila pra ouvir que não tem vaga. Saúde pública aqui tá largada às traças.",favela
246,"Na comunidade a gente sofre quando alguém passa mal. no último sábado de madrugada, um morador antigo aqui do beco teve uma crise forte e a ambulância do Samu se recusou a subir nas vielas apertadas perto do CIEP, alegando falta de segurança. Tivemos que carregar ele no braço até o asfalto. O posto de saúde também nunca tem remédio básico.",favela
247,"A subprefeitura da Zona Sul não bota os pés aqui dentro da comunidade pra ver nossa realidade. Ignoram o esgoto, a falta de luz nas vielas e o perigo nas encostas perto de no Beco do Rato, na parte mais alta,. minha irmã com o carrinho de bebê diz que o morador tá abandonado e tem que resolver tudo por conta própria através de mutirão. Desse jeito o posto de saúde vai continuar lotado de gente doente com infecção.",favela
248,"A especulação imobiliária tá destruindo a identidade do bairro residencial. Estão derrubando casas históricas perto de em frente ao Shopping da Gávea, pra construir prédios enormes de luxo. eu mesmo com pressa pro serviço acha um absurdo essa verticalização sem planejamento, que sobrecarrega o esgoto, a água e o trânsito local.",asfalto
249,"O risco de deslizamento de barreira tira o sono de qualquer morador. Toda vez que começa a chover forte, um grupo de estudantes daqui fica acordado a noite toda vigiando a encosta perto de perto do valão de esgoto principal,. A Geo-Rio precisa fazer uma obra de contenção de encostas urgente ali antes que aconteça uma tragédia.",favela
250,"As vans que sobem o morro cobram caro e andam correndo igual loucas pelas subidas estreitas, um perigo. minha filha mais nova quase sofreu um acidente no final da tarde de quinta perto de na localidade conhecida como Grota, porque o motorista tava disputando passageiro com outra van. Falta fiscalização pesada do transporte alternativo aqui dentro. Fora o transporte público que demora horas pra passar e nos deixa mofando no ponto com medo.",favela
251,"O posto de saúde tá sempre lotado e faltam especialistas como pediatra e ginecologista. meu vizinho da frente, o Seu Jorge, tá tentando marcar uma consulta há mais de quatro meses e nada. durante o temporal de ontem disseram que o sistema do Sisreg caiu. É uma falta de respeito enorme com quem mora na comunidade.",favela
252,"A gente vive com medo de sair de casa à noite. Aqui perto de no cruzamento principal perto do posto de combustível,, os assaltos são constantes e violentos. no meio da semana passada teve correria perto do ponto de ônibus. É um trauma pro uma vizinha nossa, a Dona Maria, e pra todo mundo que mora aqui no asfalto. Cadê o Segurança Presente que tanto prometeram?",asfalto
253,"As escadarias e vielas da comunidade tão caindo aos pedaços de tão velhas. Os degraus tão todos quebrados e não tem um corrimão sequer, o que é um perigo imenso em dia de chuva. meu marido voltando do trabalho escorregou e machucou o braço ontem de noite subindo nas viela apertadas perto do CIEP,. Precisamos de reformas urgentes. A prefeitura diz na televisão que faz obra mas a verdade é que o descaso continua igual por aqui.",favela
254,"Aqui nas vielas a segurança pública é quase nenhuma, só lembram da gente pra fazer operação violenta. no Beco do Rato, na parte mais alta, tá perigoso de andar de noite por falta de luz nos postes. meu filho adolescente já ouviu relato de assalto nos becos escuros. Queremos paz e policiamento comunitário de verdade.",favela
255,"Um absurdo a truculência nas abordagens policiais aqui na comunidade. na última terça-feira, minha mãe idosa foi parado voltando do serviço bem na Viela da Paz, subindo as escadas, e os policiais já chegaram esculachando, tratando como suspeito. A gente quer segurança, mas quer respeito também, porque trabalhador não é bandido.",favela
256,"Os pontos de ônibus perto de próximo ao pequeno comércio da subida, tão abandonados, sem cobertura nenhuma contra chuva ou sol e totalmente escuros de noite. uma senhora de idade que mora aqui perto fica exposto ao perigo e ao tempo esperando condução que nunca passa no horário certo. Transporte de qualidade é um direito nosso. É uma falta de respeito tremenda com quem paga imposto caro todo mês e não vê retorno.",comunidade
257,"O esgoto correndo a céu aberto aqui na comunidade é uma humilhação diária. anteontem o cano estourou bem na localidade conhecida como Grota, e tá aquela lama podre passando na porta de casa. um rapaz que estuda na PUC tá limpando tudo sozinho porque a prefeitura não manda ninguém da Cedae ou da Comlurb. Rato e barata tomando conta de tudo.",favela
258,"A iluminação pública tá uma vergonha nessa área residencial. na Rua Vice-Governador Rubens Berardo, tá com várias lâmpadas queimadas nos postes há semanas, deixando a rua num breu completo. um morador antigo aqui do beco tem medo de voltar do trabalho de noite. É um perigo danado, a Rioluz precisa fazer a manutenção urgente.",asfalto
259,"Falta iluminação nos becos mais internos da comunidade. Caminhar por aqui de noite é um desafio de sobrevivência porque tá tudo no escuro completo. no beco que dá acesso à quadra de esporte,, os moradores vivem com medo de assalto e queda. minha irmã com o carrinho de bebê comprou lâmpada do próprio bolso pra colocar no beco. Até a escola da garotada fica prejudicada com essa buraqueira toda que impede o acesso.",comunidade
260,"O entorno do CIEP tá largado ao abandonono total. nas vielas apertadas perto do CIEP,, o mato tá alto atraindo bixo e falta iluminação na passarela de acesso dos alunos. eu mesmo com pressa pro serviço morador antigo diz que de noite o lugar fica perigoso demais, propício pra assalto. Precisamos de melhorias e segurança pra comunidade escolar.",favela
261,"O esgoto correndo a céu aberto aqui na comunidade é uma humilhação diária. logo cedo na segunda-feira o cano estourou bem perto da associação de moradores, e tá aquela lama podre passando na porta de casa. um grupo de estudantes daqui tá limpando tudo sozinho porque a prefeitura não manda ninguém da Cedae ou da Comlurb. Rato e barata tomando conta de tudo.",comunidade
262,"A coleta de lixo aqui dentro não funciona direito e o povo acaba jogando os sacos nas encostas ou perto de na Travessa do Sol, área residencial,. no final da tarde de quinta acumulou tanta sujeira que tampou a passagem do beco. minha filha mais nova se preocupa com as doenças, o valão tá transbordando e ninguém limpa essa imundície. Nem o Parque da Cidade escapa desse abandono generalizado que tomou conta do nosso bairro.",comunidade
263,"Os poucos espaços públicos da comunidade foram tomados pelo lixo e pelo abandono. Perto de próximo ao pequeno comércio da subida,, onde os moradores podiam se reunir, virou ponto de descarte de entulho porque a prefeitura não limpa. meu vizinho da frente, o Seu Jorge, reclama que falta uma área verde estruturada pras famílias conviverem em paz.",comunidade
264,"A gente vive com medo de sair de casa à noite. Aqui perto de perto do Planetário da Gávea,, os assaltos são constantes e violentos. no meio da semana passada teve correria perto do ponto de ônibus. É um trauma pro uma vizinha nossa, a Dona Maria, e pra todo mundo que mora aqui no asfalto. Cadê o Segurança Presente que tanto prometeram?",asfalto
265,"O custo de moradia na Gávea virou uma loucura completa e inacessível. Os aluguéis tão num valor abusivo por causa da especulação imobiliária. meu marido voltando do trabalho mora aqui há mais de dez anos perto de na Rua Vice-Governador Rubens Berardo, e agora tá sendo obrigado a se mudar porque não aguenta mais pagar tão caro por um espaço pequeno. E pra piorar tudo, as calçadas tão todas quebradas, um perigo de queda pros idosos.",asfalto
266,"Aqui nas vielas a segurança pública é quase nenhuma, só lembram da gente pra fazer operação violenta. no beco que dá acesso à quadra de esporte, tá perigoso de andar de noite por falta de luz nos postes. meu filho adolescente já ouviu relato de assalto nos becos escuros. Queremos paz e policiamento comunitário de verdade.",comunidade
267,"Prometeram regularização fundiária pra nossa comunidade há anos, disseram que a gente ia ter o documento da casa própria, mas ficou só na promessa vazia. minha mãe idosa investiu o dinheiro da vida toda construindo sua moradia perto de nas vielas apertadas perto do CIEP, e vive com a insegurança de ser despejado.",favela
268,"Falta planejamento e manutenção da infraestrutura urbana na Gávea. No entorno de nos arredores da Praça Santos Dumont, no Baixo Gávea,, as calçadas são estreitas, quebradas e cheias de obstáculos, fora a fiação aérea pesada que parece que vai cair. uma senhora de idade que mora aqui perto que anda por aqui todo dia vê o completo abandono do asfalto. E a iluminação dos postes sumiu nessa parte, virando um breu danado propício pra assaltos.",asfalto
269,"Não dá mais pra aguentar a falta de segurança. anteontem, um rapaz que estuda na PUC foi abordado por dois caras de moto bem na Rua Engenheiro Álvaro Niemeyer,. Levaram o celular e a carteira, deixando todo mundo assustado. A polícia sumiu da região, ficamos desprotegidos. É uma revolta ver o bairro abandonado assim, parece que a prefeitura esqueceu da gente.",alto da gávea
270,"A iluminação pública tá uma vergonha nessa área residencial. na calçada da Rua Artur Araripe, tá com várias lâmpadas queimadas nos postes há semanas, deixando a rua num breu completo. um morador antigo aqui do beco tem medo de voltar do trabalho de noite. É um perigo danado, a Rioluz precisa fazer a manutenção urgente.",asfalto
271,"Um absurdo a truculência nas abordagens policiais aqui na comunidade. em plena luz do dia ontem, minha irmã com o carrinho de bebê foi parado voltando do serviço bem na localidade conhecida como Grota, e os policiais já chegaram esculachando, tratando como suspeito. A gente quer segurança, mas quer respeito também, porque trabalhador não é bandido. Desse jeito o posto de saúde vai continuar lotado de gente doente com infecção.",favela
272,"O entorno do CIEP tá largado ao abandonono total. na subida da passarela de acesso,, o mato tá alto atraindo bicho e falta iluminação na passarela de acesso dos alunos. eu mesmo com pressa pro serviço morador antigo diz que de noite o lugar fica perigoso demais, propício pra assalto. Precisamos de melhorias e segurança pra comunidade escolar.",favela
273,"O esgoto correndo a céu aberto aqui na comunidade é uma humilhação diária. logo cedo na segunda-feira o cano estourou bem perto do ponto final das vans lá em cima, e tá aquela lama podre passando na porta de casa. um grupo de estudantes daqui tá limpando tudo sozinho porque a prefeitura não manda ninguém da Cedae ou da Comlurb. Rato e barata tomando conta de tudo.",favela
274,"A mobilidade urbana na Gávea tá caótica por causa do trânsito intenso e do estacionamento irregular de veículos. na Rua Marquês de São Vicente, bem perto da PUC,, os carros param em cima das calçadas e bloqueiam tudo, obrigando o pedestre a andar no meio da rua. minha filha mais nova que anda com idoso sofre demais com isso. Fora o transporte público que demora horas pra passar e nos deixa mofando no ponto com medo.",asfalto
275,"Morar perto do valão é um sofrimento sem fim que ninguém merece. no Beco do Rato, na parte mais alta,, o cheiro é de morte o dia todo e quando chove a água podre invade os beco e entra nas casas. meu vizinho da frente, o Seu Jorge, perdeu os móveis na última enchente. Precisamos de saneamento básico, saneamento é dignidade humana!",favela
276,"Falta saneamento básico e vergonha na cara das autoridades. na Viela da Paz, subindo as escadas, tá cheio de esgoto vazando direto e as crianças brincam do lado da sujeira. uma vizinha nossa, a Dona Maria, tá com o filho internado no posto com infecção por causa disso. É desumano viver desse jeito sem rede de esgoto adequada nas vielas.",favela
277,"As calçadas aqui da Gávea tão completamente detonadas, cheias de buracos e pedras soltas. ontem de noite, meu marido voltando do trabalho tropeçou e quase caiu feio bem na calçada da Rua Artur Araripe,. As raízes das árvores estouraram o concreto e ninguém conserta. Idosos sofrem demais pra caminhar por aqui, cadê a conservação? A prefeitura diz na televisão que faz obra mas a verdade é que o descaso continua igual por aqui.",asfalto
278,"Na comunidade a gente sofre quando alguém passa mal. na semana passada, meu filho adolescente teve uma crise forte e a ambulância do Samu se recusou a subir na localidade conhecida como Grota, alegando falta de segurança. Tivemos que carregar ele no braço até o asfalto. O posto de saúde também nunca tem remédio básico.",favela
279,"Um absurdo a truculência nas abordagens policiais aqui na comunidade. na última terça-feira, minha mãe idosa foi parado voltando do serviço bem na subida da passarela de acesso, e os policiais já chegaram esculachando, tratando como suspeito. A gente quer segurança, mas quer respeito também, porque trabalhador não é bandido.",favela
280,"A especulação imobiliária tá destruindo a identidade do bairro residencial. Estão derrubando casas históricas perto de no cruzamento principal perto do posto de combustível, pra construir prédios enormes de luxo. uma senhora de idade que mora aqui perto acha um absurdo essa verticalização sem planejamento, que sobrecarrega o esgoto, a água e o trânsito local. É uma falta de respeito tremenda com quem paga imposto caro todo mês e não vê retorno.",asfalto
281,"O risco de deslizamento de barreira tira o sono de qualquer morador. Toda vez que começa a chover forte, um rapaz que estuda na PUC fica acordado a noite toda vigiando a encosta perto de nas vielas apertadas perto do CIEP,. A Geo-Rio precisa fazer uma obra de contenção de encostas urgente ali antes que aconteça uma tragédia.",favela
282,"A coleta de lixo aqui dentro não funciona direito e o povo acaba jogando os sacos nas encostas ou perto de perto da associação de moradores,. no último sábado de madrugada acumulou tanta sujeira que tampou a passagem do beco. um morador antigo aqui do beco se preocupa com as doenças, o valão tá transbordando e ninguém limpa essa imundície.",comunidade
283,"Nossos jovens tão sem perspectiva porque as escolas públicas da comunidade tão abandonadas. Falta professor de matemática e inglês direto. em plena luz do dia ontem o filho de minha irmã com o carrinho de bebê ficou sem aula e voltou pra casa cedo. Sem educação de qualidade, como que as crianças da favela vão vencer na vida? Até a escola da garotada fica prejudicada com essa buraqueira toda que impede o acesso.",favela
284,"Falta planejamento e manutenção da infraestrutura urbana na Gávea. No entorno de na calçada da Rua Artur Araripe,, as calçadas são estreitas, quebradas e cheias de obstáculos, fora a fiação aérea pesada que parece que vai cair. eu mesmo com pressa pro serviço que anda por aqui todo dia vê o completo abandono do asfalto.",asfalto
285,"O risco de deslizamento de barreira tira o sono de qualquer morador. Toda vez que começa a chover forte, um grupo de estudantes daqui fica acordado a noite toda vigiando a encosta perto de na localidade conhecida como Grota,. A Geo-Rio precisa fazer uma obra de contenção de encostas urgente ali antes que aconteça uma tragédia.",favela
286,"Na comunidade a gente sofre quando alguém passa mal. no final da tarde de quinta, minha filha mais nova teve uma crise forte e a ambulância do Samu se recusou a subir na área baixa perto do canal, alegando falta de segurança. Tivemos que carregar ele no braço até o asfalto. O posto de saúde também nunca tem remédio básico. Nem o Parque da Cidade escapa desse abandono generalizado que tomou conta do nosso bairro.",comunidade
287,"A mobilidade pra quem mora no alto da comunidade é péssima. Não tem linha de ônibus integrada que funcione de verdade. meu vizinho da frente, o Seu Jorge, que trabalha até tarde gasta uma fortuna com mototáxi pra conseguir chegar em casa perto do ponto final das vans lá em cima, com segurança. Um absurdo essa falta de opção.",favela
288,"Minha reclamação é sobre a dificuldade de conseguir atendimento de emergência na área. no meio da semana passada precisamos de socorro urgente pra uma vizinha nossa, a Dona Maria,, mas a ambulância demorou horas pra chegar aqui na Rua Marquês de São Vicente, bem perto da PUC,. O posto de saúde vive superlotado e sem médicos suficientes pra a demanda absurda.",asfalto
289,"O Parque da Cidade, que deveria ser um espaço de lazer maravilhoso na Gávea, tá abandonado pelo poder público. Mato altíssimo, brinquedos do parquinho enferrujados e quebrados, e lixo espalhado. meu marido voltando do trabalho foi lá com a família ontem de noite e ficou indignado com o descaso total com a nossa área verde. E pra piorar tudo, as calçadas tão todas quebradas, um perigo de queda pros idosos.",alto da gávea
290,"A única pracinha que a gente tem perto de na Travessa do Sol, área residencial, tá totalmente destruída. Os brinquedos que a própria comunidade ajudou a cuidar tão quebrados e o mato tá alto, cheio de rato. meu filho adolescente tentou levar os netos na semana passada mas não dava nem pra entrar de tanta sujeira. Queremos lazer digno.",comunidade
291,"Os buracos na pista tão acabando com os carros dos moradores. na calçada da Rua Artur Araripe, tem uma cratera aberta que tá causando acidentes graves. na última terça-feira um motoqueiro quase se acidentou feio. minha mãe idosa já abriu vários chamados no 1746 mas eles só jogam uma terra que sai na primeira chuvinha.",asfalto
292,"A quadra de esportes da favela tá abandonada há anos, sem iluminação, com o piso todo rachado e a tela de proteção rasgada. esses dias atrás um jovem se machucou jogando bola perto de na localidade conhecida como Grota,. uma senhora de idade que mora aqui perto pede socorro pra secretaria de esportes reformar o local pros nossos jovens saírem da rua. E a iluminação dos postes sumiu nessa parte, virando um breu danado propício pra assaltos.",favela
293,"Não dá mais pra aguentar a falta de segurança. anteontem, um rapaz que estuda na PUC foi abordado por dois caras de moto bem na Rua Vice-Governador Rubens Berardo,. Levaram o celular e a carteira, deixando todo mundo assustado. A polícia sumiu da região, ficamos desprotegidos. É uma revolta ver o bairro abandonado assim, parece que a prefeitura esqueceu da gente.",asfalto
294,"Toda vez que cai uma chuva mais forte, as ruas da Gávea alagam por causa dos bueiros entupidos. no último sábado de madrugada, a água da chuva acumulou tanto no cruzamento principal perto do posto de combustível, que cobriu as calçadas e quase invadiu os comércios. um morador antigo aqui do beco teve o carro danificado. A Comlurb precisa limpar essas bocas de lobo urgente.",asfalto
295,"O acúmulo de lixo nas calçadas da Gávea tá atraindo muito bicho e barata. na Rua Marquês de São Vicente, bem perto da PUC,, os sacos de lixo ficam amontoados porque a coleta tá passando fora do horário comercial. minha irmã com o carrinho de bebê já viu ratazana enorme correndo perto dos pedestres. Uma falta de higiene terrível num bairro desses. Desse jeito o posto de saúde vai continuar lotado de gente doente com infecção.",asfalto
296,"Falta saneamento básico e vergonha na cara das autoridades. perto da associação de moradores, tá cheio de esgoto vazando direto e as crianças brincam do lado da sujeira. eu mesmo com pressa pro serviço tá com o filho internado no posto com infecção por causa disso. É desumano viver desse jeito sem rede de esgoto adequada nas vielas.",comunidade
297,"Falta área de lazer e esporte pras criança e jovens aqui da comunidade. Não temos uma quadra poliesportiva reformada ou uma praça com brinquedos seguros. um grupo de estudantes daqui vê a garotada jogando bola no meio das viela apertadas perto de na Viela da Paz, subindo as escadas, correndo risco de atropelamento por falta de opção.",favela
298,"Aqui nas vielas a segurança pública é quase nenhuma, só lembram da gente pra fazer operação violenta. perto do valão de esgoto principal, tá perigoso de andar de noite por falta de luz nos postes. minha filha mais nova já ouviu relato de assalto nos becos escuros. Queremos paz e policiamento comunitário de verdade. Fora o transporte público que demora horas pra passar e nos deixa mofando no ponto com medo.",favela
299,"Um abssurdo completo o atendimento de saúde pública na nossa zona. durante o temporal de ontem, meu vizinho da frente, o Seu Jorge, passou muito mal com febre alta e ficamos horas esperando atendimento médico no posto da Gávea. Os profissionais trabalham sobrecarregados e faltam insumos básicos. A prefeitura precisa investir sério.",asfalto
300,"Minha reclamação é sobre a dificuldade de conseguir atendimento de emergência na área. no meio da semana passada precisamos de socorro urgente pra uma vizinha nossa, a Dona Maria,, mas a ambulância demorou horas pra chegar aqui na Rua Vice-Governador Rubens Berardo,. O posto de saúde vive superlotado e sem médicos suficientes pra a demanda absurda.",asfalto
301,"As escadarias e vielas da comunidade tão caindo aos pedaços de tão velhas. Os degraus tão todos quebrados e não tem um corrimão sequer, o que é um perigo imenso em dia de chuva. meu marido voltando do trabalho escorregou e machucou o braço ontem de noite subindo perto do ponto final das vans lá em cima,. Precisamos de reformas urgentes. A prefeitura diz na televisão que faz obra mas a verdade é que o descaso continua igual por aqui.",favela
302,"Há um descaso imenso com a fiscalização de obras residenciais na nossa região. na Rua Marquês de São Vicente, bem perto da PUC,, tão fazendo construções que parecem irregulares e tão afetando a estrutura das casas vizinhas e gerando rachaduras. meu filho adolescente já denunciou na prefeitura mas ninguém vem embargar a obra.",asfalto
303,"Um absurdo completo o atendimento de saúde pública na nossa zona. na última terça-feira, minha mãe idosa passou muito mal com febre alta e ficamos horas esperando atendimento médico no posto da Gávea. Os profissionais trabalham sobrecarregados e faltam insumos básicos. A prefeitura precisa investir sério.",asfalto
304,"A gente vive no meio do fogo cruzado e ninguém faz nada por nós. esses dias atrás teve tiroteio perto do CIEP e uma senhora de idade que mora aqui perto teve que correr pra se proteger dentro do beco. As crianças ficam traumatizadas e perdem aula direta. Segurança pra nós da comunidade é artigo de luxo pelo visto. É uma falta de respeito tremenda com quem paga imposto caro todo mês e não vê retorno.",favela
305,"É uma pouca vergonha o estado das galerias de esgoto aqui. anteontem a tubulação começou a vazar bem na calçada da Rua Artur Araripe, e o mau cheiro tá insuportável na rua inteira. um rapaz que estuda na PUC já ligou pro 1746 reclamando, mas ninguém aparece. Descaso total da prefeitura com o IPTU caro que a gente paga.",asfalto
306,"Aqui nas vielas a segurança pública é quase nenhuma, só lembram da gente pra fazer operação violenta. nas proximidades do posto de saúde da Gávea, tá perigoso de andar de noite por falta de luz nos postes. um morador antigo aqui do beco já ouviu relato de assalto nos becos escuros. Queremos paz e policiamento comunitário de verdade.",comunidade
307,"Não há transparência nem participação popular nas decisões sobre as obras feitas no bairro. Gastam rios de dinheiro público em intervenções estéticas desnecessárias no asfalto perto de na Rua Vice-Governador Rubens Berardo, enquanto falta o básico. minha irmã com o carrinho de bebê cobra mais diálogo e fiscalização rigorosa dos gastos municipais. Até a escola da garotada fica prejudicada com essa buraqueira toda que impede o acesso.",asfalto
308,"A situação da saúde aqui tá precária demais. O posto da Gávea não dá conta de atender todo mundo da favela e do asfalto. eu mesmo com pressa pro serviço foi lá com suspeita de dengue já faz uns três dias e mandaram voltar pra casa e tomar paracetamol sem nem fazer exame de sangue. Uma vergonha esse descaso.",comunidade
309,"Não dá mais pra aguentar a falta de segurança. logo cedo na segunda-feira, um grupo de estudantes daqui foi abordado por dois caras de moto bem na Rua Marquês de São Vicente, bem perto da PUC,. Levaram o celular e a carteira, deixando todo mundo assustado. A polícia sumiu da região, ficamos desprotegidos. É uma revolta ver o bairro abandonado assim, parece que a prefeitura esqueceu da gente.",asfalto
310,"As vans que sobem o morro cobram caro e andam correndo igual loucas pelas subidas estreitas, um perigo. minha filha mais nova quase sofreu um acidente no final da tarde de quinta perto de no Beco do Rato, na parte mais alta, porque o motorista tava disputando passageiro com outra van. Falta fiscalização pesada do transporte alternativo aqui dentro. Nem o Parque da Cidade escapa desse abandono generalizado que tomou conta do nosso bairro.",favela
311,"O acúmulo de lixo nas calçadas da Gávea tá atraindo muito bicho e barata. em frente ao Shopping da Gávea,, os sacos de lixo ficam amontoados porque a coleta tá passando fora do horário comercial. meu vizinho da frente, o Seu Jorge, já viu ratazana enorme correndo perto dos pedestres. Uma falta de higiene terrível num bairro desses.",asfalto
312,"Falta planejamento e manutenção da infraestrutura urbana na Gávea. No entorno de na calçada da Rua Artur Araripe,, as calçadas são estreitas, quebradas e cheias de obstáculos, fora a fiação aérea pesada que parece que vai cair. uma vizinha nossa, a Dona Maria, que anda por aqui todo dia vê o completo abandono do asfalto.",asfalto
313,"O Parque da Cidade, que deveria ser um espaço de lazer maravilhoso na Gávea, tá abandonado pelo poder público. Mato altíssimo, brinquedos do parquinho enferrujados e quebrados, e lixo espalhado. meu marido voltando do trabalho foi lá com a família ontem de noite e ficou indignado com o descaso total com a nossa área verde. E pra piorar tudo, as calçadas tão todas quebradas, um perigo de queda pros idosos.",asfalto
314,"A única pracinha que a gente tem perto de na área baixa perto do canal, tá totalmente destruída. Os brinquedos que a própria comunidade ajudou a cuidar tão quebrados e o mato tá alto, cheio de rato. meu filho adolescente tentou levar os netos na semana passada mas não dava nem pra entrar de tanta sujeira. Queremos lazer digno.",comunidade
315,"Um absurdo a truculência nas abordagens policiais aqui na comunidade. na última terça-feira, minha mãe idosa foi parado voltando do serviço bem perto do ponto final das vans lá em cima, e os policiais já chegaram esculachando, tratando como suspeito. A gente quer segurança, mas quer respeito também, porque trabalhador não é bandido.",favela
316,"Falta fiscalização e zelo com as calçadas e canteiros públicos da Gávea. Perto de na subida da Estrada da Gávea,, jogam entulho e lixo direto no espaço público e ninguém multa. uma senhora de idade que mora aqui perto acha um absurdo ver o bairro ficar com cara de abandonado enquanto o imposto cobrado é um dos mais caros do Rio. E a iluminação dos postes sumiu nessa parte, virando um breu danado propício pra assaltos.",alto da gávea
317,"Não dá mais pra aguentar a falta de segurança. anteontem, um rapaz que estuda na PUC foi abordado por dois caras de moto bem nos arredores da Praça Santos Dumont, no Baixo Gávea,. Levaram o celular e a carteira, deixando todo mundo assustado. A polícia sumiu da região, ficamos desprotegidos. É uma revolta ver o bairro abandonado assim, parece que a prefeitura esqueceu da gente.",asfalto
318,"A iluminação pública tá uma vergonha nessa área residencial. na Rua Engenheiro Álvaro Niemeyer, tá com várias lâmpadas queimadas nos postes há semanas, deixando a rua num breu completo. um morador antigo aqui do beco tem medo de voltar do trabalho de noite. É um perigo danado, a Rioluz precisa fazer a manutenção urgente.",alto da gávea
319,"O posto de saúde tá sempre lotado e faltam especialistas como pediatra e ginecologista. minha irmã com o carrinho de bebê tá tentando marcar uma consulta há mais de quatro meses e nada. em plena luz do dia ontem disseram que o sistema do Sisreg caiu. É uma falta de respeito enorme com quem mora na comunidade. Desse jeito o posto de saúde vai continuar lotado de gente doente com infecção.",favela
320,"Minha reclamação é sobre a dificuldade de conseguir atendimento de emergência na área. já faz uns três dias precisamos de socorro urgente pra eu mesmo com pressa pro serviço, mas a ambulância demorou horas pra chegar aqui perto do Planetário da Gávea,. O posto de saúde vive superlotado e sem médicos suficientes pra a demanda absurda.",asfalto
321,"É uma pouca vergonha o estado das galerias de esgoto aqui. logo cedo na segunda-feira a tubulação começou a vazar bem na Rua Vice-Governador Rubens Berardo, e o mau cheiro tá insuportável na rua inteira. um grupo de estudantes daqui já ligou pro 1746 reclamando, mas ninguém aparece. Descaso total da prefeitura com o IPTU caro que a gente paga.",asfalto
322,"O posto de saúde da Gávea tá sem o mínimo de estrutura pra atender o bairro. minha filha mais nova precisava de remédio de uso contínuo pra pressão e disseram que tá em falta na farmácia do posto faz dois meses. Pra marcar um exame simples pelo Sisreg é uma novela que demora quase um ano, descaso total. Fora o transporte público que demora horas pra passar e nos deixa mofando no ponto com medo.",alto da gávea
323,"Morar perto do valão é um sofrimento sem fim que ninguém merece. na escadaria principal da comunidade,, o cheiro é de morte o dia todo e quando chove a água podre invade os becos e entra nas casas. meu vizinho da frente, o Seu Jorge, perdeu os móveis na última enchente. Precisamos de saneamento básico, saneamento é dignidade humana!",comunidade
324,"Falta saneamento básico e vergonha na cara das autoridades. no Beco do Rato, na parte mais alta, tá cheio de esgoto vazando direto e as crianças brincam do lado da sujeira. uma vizinha nossa, a Dona Maria, tá com o filho internado no posto com infecção por causa disso. É desumano viver desse jeito sem rede de esgoto adequada nas vielas.",favela
325,"É uma pouca vergonha o estado das galerias de esgoto aqui. ontem de noite a tubulação começou a vazar bem em frente ao Shopping da Gávea, e o mau cheiro tá insuportável na rua inteira. meu marido voltando do trabalho já ligou pro 1746 reclamando, mas ninguém aparece. Descaso total da prefeitura com o IPTU caro que a gente paga. A prefeitura diz na televisão que faz obra mas a verdade é que o descaso continua igual por aqui.",asfalto
326,"A fiação elétrica aqui tá um perigo absurdo, um emaranhado de fios soltos e baixos passando na cabeça da gente. perto do valão de esgoto principal,, os cabos tão quase tocando o chão das vielas. meu filho adolescente tem medo de um curto-circuito ou incêndio grave. A Light e a prefeitura precisam ordenar esse caos.",favela
327,"Falta iluminação nos becos mais internos da comunidade. Caminhar por aqui de noite é um desafio de sobrevivência porque tá tudo no escuro completo. nas proximidades do posto de saúde da Gávea,, os moradores vivem com medo de assalto e queda. minha mãe idosa comprou lâmpada do próprio bolso pra colocar no beco.",comunidade
328,"Morar aqui tá difícil por causa dos problemas crônicos de drenagem pluvial. na Rua Vice-Governador Rubens Berardo,, a água fica empossada por dias após qualquer temporal comum. uma senhora de idade que mora aqui perto reclama que o mau cheiro de esgoto invade os apartamentos do térreo. Cadê as obras de saneamento e escoamento prometidas pela prefeitura? É uma falta de respeito tremenda com quem paga imposto caro todo mês e não vê retorno.",asfalto
329,"A saúde aqui na região tá um caos absoluto. Fui levar um rapaz que estuda na PUC no posto de saúde da Gávea anteontem e não tinha nenhum clínico de plantão. Uma fila imensa dobrava o quarteirão desde a madrugada e de manhã disseram que as senhas tinham acabado. É humilhante ver o trabalhador sofrendo assim.",alto da gávea
330,"A fiação elétrica aqui tá um perigo absurdo, um emaranhado de fios soltos e baixos passando na cabeça da gente. nas viela apertadas perto do CIEP,, os cabos tão quase tocando o chão das viela. um morador antigo aqui do beco tem medo de um curto-circuito ou incêndio grave. A Light e a prefeitura precisam ordenar esse caos.",favela
331,"Falta iluminação nos becos mais internos da comunidade. Caminhar por aqui de noite é um desafio de sobrevivência porque tá tudo no escuro completo. no Beco do Rato, na parte mais alta,, os moradores vivem com medo de assalto e queda. minha irmã com o carrinho de bebê comprou lâmpada do próprio bolso pra colocar no beco. Até a escola da garotada fica prejudicada com essa buraqueira toda que impede o acesso.",favela
332,"Os pontos de ônibus perto de na Viela da Paz, subindo as escadas, tão abandonados, sem cobertura nenhuma contra chuva ou sol e totalmente escuros de noite. eu mesmo com pressa pro serviço fica exposto ao perigo e ao tempo esperando condução que nunca passa no horário certo. Transporte de qualidade é um direito nosso.",favela
333,"Ir no posto de saúde da Gávea é passar nervoso. Fui levar um grupo de estudantes daqui logo cedo na segunda-feira e o atendimento tava parado por falta de médico. A gente que mora no morro tem que descer de madrugada, pegar chuva na fila pra ouvir que não tem vaga. Saúde pública aqui tá largada às traças.",comunidade
334,"A iluminação pública tá uma vergonha nessa área residencial. perto do Planetário da Gávea, tá com várias lâmpadas queimadas nos postes há semanas, deixando a rua num breu completo. minha filha mais nova tem medo de voltar do trabalho de noite. É um perigo danado, a Rioluz precisa fazer a manutenção urgente. Nem o Parque da Cidade escapa desse abandono generalizado que tomou conta do nosso bairro.",asfalto
335,"Muitos prédios antigos no asfalto tão sofrendo com a falta de manutenção externa e fiação velha, e a prefeitura não ajuda com nenhum tipo de incentivo. meu vizinho da frente, o Seu Jorge, comenta que morar na Gávea virou sinônimo de pagar IPTU absurdo pra não ter nenhum apoio habitacional ou urbanístico.",alto da gávea
336,"Falta planejamento e manutenção da infraestrutura urbana na Gávea. No entorno de na curva perigosa perto da descida pra o São Conrado,, as calçadas são estreitas, quebradas e cheias de obstáculos, fora a fiação aérea pesada que parece que vai cair. uma vizinha nossa, a Dona Maria, que anda por aqui todo dia vê o completo abandono do asfalto.",alto da gávea
337,"É uma pouca vergonha o estado das galerias de esgoto aqui. ontem de noite a tubulação começou a vazar bem na Rua Marquês de São Vicente, bem perto da PUC, e o mau cheiro tá insuportável na rua inteira. meu marido voltando do trabalho já ligou pro 1746 reclamando, mas ninguém aparece. Descaso total da prefeitura com o IPTU caro que a gente paga. E pra piorar tudo, as calçadas tão todas quebradas, um perigo de queda pros idosos.",asfalto
338,"O posto de saúde da Gávea tá sem o mínimo de estrutura pra atender o bairro. meu filho adolescente precisava de remédio de uso contínuo pra pressão e disseram que tá em falta na farmácia do posto faz dois meses. Pra marcar um exame simples pelo Sisreg é uma novela que demora quase um ano, descaso total.",asfalto
339,"O posto de saúde tá sempre lotado e faltam especialistas como pediatra e ginecologista. minha mãe idosa tá tentando marcar uma consulta há mais de quatro meses e nada. na última terça-feira disseram que o sistema do Sisreg caiu. É uma falta de respeito enorme com quem mora na comunidade.",favela
340,"A gente vive no meio do fogo cruzado e ninguém faz nada por nós. esses dias atrás teve tiroteio perto do CIEP e uma senhora de idade que mora aqui perto teve que correr pra se proteger dentro do beco. As crianças ficam traumatizadas e perdem aula direta. Segurança pra nós da comunidade é artigo de luxo pelo visto. E a iluminação dos postes sumiu nessa parte, virando um breu danado propício pra assaltos.",favela
341,"O custo de moradia na Gávea virou uma loucura completa e inacessível. Os aluguéis tão num valor abusivo por causa da especulação imobiliária. um rapaz que estuda na PUC mora aqui há mais de dez anos perto de perto do Planetário da Gávea, e agora tá sendo obrigado a se mudar porque não aguenta mais pagar tão caro por um espaço pequeno.",asfalto
342,"Muitas famílias aqui na comunidade vivem em condições habitacionais muito precárias, em barracos com muita umidade e infiltração perigosa. um morador antigo aqui do beco mora num cômodo pequeno onde chove mais dentro do que fora perto de na subida da passarela de acesso,. Precisamos de programas sociais de melhoria habitacional.",favela
343,"A subprefeitura da Zona Sul não bota os pés aqui dentro da comunidade pra ver nossa realidade. Ignoram o esgoto, a falta de luz nas vielas e o perigo nas encostas perto de perto do ponto final das vans lá em cima,. minha irmã com o carrinho de bebê diz que o morador tá abandonado e tem que resolver tudo por conta própria através de mutirão. Desse jeito o posto de saúde vai continuar lotado de gente doente com infecção.",favela
344,"Falta saneamento básico e vergonha na cara das autoridades. nas vielas apertadas perto do CIEP, tá cheio de esgoto vazando direto e as crianças brincam do lado da sujeira. eu mesmo com pressa pro serviço tá com o filho internado no posto com infecção por causa disso. É desumano viver desse jeito sem rede de esgoto adequada nas vielas.",favela
345,"Conseguir vaga na creche pública aqui na região é quase impossível, uma fila de espera eterna no sistema. Estou com um grupo de estudantes daqui sem estudar porque nunca tem vaga disponível nas creches perto de nos arredores da Praça Santos Dumont, no Baixo Gávea,. As mães trabalhadoras precisam desse suporte urgente pra poder trabalhar em paz.",asfalto
346,"Nossas praças aqui no bairro tão precisando de manutenção urgente da prefeitura. A Praça Santos Dumont vive largada, cheia de sujeira acumulada de noite e bancos quebrados onde os idosos costumavam sentar. minha filha mais nova lamenta ver um espaço público tão tradicional ficar tão degradado. Fora o transporte público que demora horas pra passar e nos deixa mofando no ponto com medo.",asfalto
347,"Um absurdo completo o atendimento de saúde pública na nossa zona. durante o temporal de ontem, meu vizinho da frente, o Seu Jorge, passou muito mal com febre alta e ficamos horas esperando atendimento médico no posto da Gávea. Os profissionais trabalham sobrecarregados e faltam insumos básicos. A prefeitura precisa investir sério.",asfalto
348,"O entorno do CIEP tá largado ao abandonono total. na localidade conhecida como Grota,, o mato tá alto atraindo bicho e falta iluminação na passarela de acesso dos alunos. uma vizinha nossa, a Dona Maria, morador antigo diz que de noite o lugar fica perigoso demais, propício pra assalto. Precisamos de melhorias e segurança pra comunidade escolar.",favela
349,"Ir no posto de saúde da Gávea é passar nervoso. Fui levar meu marido voltando do trabalho ontem de noite e o atendimento tava parado por falta de médico. A gente que mora no morro tem que descer de madrugada, pegar chuva na fila pra ouvir que não tem vaga. Saúde pública aqui tá largada às traças. A prefeitura diz na televisão que faz obra mas a verdade é que o descaso continua igual por aqui.",comunidade
350,"As vans que sobem o morro cobram caro e andam correndo igual loucas pelas subidas estreitas, um perigo. meu filho adolescente quase sofreu um acidente na semana passada perto de no beco que dá acesso à quadra de esporte, porque o motorista tava disputando passageiro com outra van. Falta fiscalização pesada do transporte alternativo aqui dentro.",comunidade
351,"Não há transparência nem participação popular nas decisões sobre as obras feitas no bairro. Gastam rios de dinheiro público em intervenções estéticas desnecessárias no asfalto perto de na subida da Estrada da Gávea, enquanto falta o básico. minha mãe idosa cobra mais diálogo e fiscalização rigorosa dos gastos municipais.",alto da gávea
352,"A gente vive no meio do fogo cruzado e ninguém faz nada por nós. esses dias atrás teve tiroteio perto do CIEP e uma senhora de idade que mora aqui perto teve que correr pra se proteger dentro do beco. As crianças ficam traumatizadas e perdem aula direta. Segurança pra nós da comunidade é artigo de luxo pelo visto. É uma falta de respeito tremenda com quem paga imposto caro todo mês e não vê retorno.",comunidade
353,"Ir no posto de saúde da Gávea é passar nervoso. Fui levar um rapaz que estuda na PUC anteontem e o atendimento tava parado por falta de médico. A gente que mora no morro tem que descer de madrugada, pegar chuva na fila pra ouvir que não tem vaga. Saúde pública aqui tá largada às traças.",comunidade
354,"As vans que sobem o morro cobram caro e andam correndo igual loucas pelas subidas estreitas, um perigo. um morador antigo aqui do beco quase sofreu um acidente no último sábado de madrugada perto de perto do valão de esgoto principal, porque o motorista tava disputando passageiro com outra van. Falta fiscalização pesada do transporte alternativo aqui dentro.",favela
355,"A mobilidade pra quem mora no alto da comunidade é péssima. Não tem linha de ônibus integrada que funcione de verdade. minha irmã com o carrinho de bebê que trabalha até tarde gasta uma fortuna com mototáxi pra conseguir chegar em casa na localidade conhecida como Grota, com segurança. Um absurdo essa falta de opção. Até a escola da garotada fica prejudicada com essa buraqueira toda que impede o acesso.",favela
356,"A quadra de esportes da favela tá abandonada há anos, sem iluminação, com o piso todo rachado e a tela de proteção rasgada. já faz uns três dias um jovem se machucou jogando bola perto de na subida da passarela de acesso,. eu mesmo com pressa pro serviço pede socorro pra secretaria de esportes reformar o local pros nossos jovens saírem da rua.",favela
357,"O esgoto correndo a céu aberto aqui na comunidade é uma humilhação diária. logo cedo na segunda-feira o cano estourou bem no beco que dá acesso à quadra de esporte, e tá aquela lama podre passando na porta de casa. um grupo de estudantes daqui tá limpando tudo sozinho porque a prefeitura não manda ninguém da Cedae ou da Comlurb. Rato e barata tomando conta de tudo.",comunidade
358,"A insegurança aqui tá um absurdo total. Ninguém consegue mais andar tranquilo na subida da Estrada da Gávea, depois das sete da noite porque o policiamento preventivo sumiu. minha filha mais nova já cansou de ver assalto perto dos prédios. Precisamos de patrulhamento urgente e iluminação de verdade pra afastar esses criminosos. Nem o Parque da Cidade escapa desse abandono generalizado que tomou conta do nosso bairro.",alto da gávea
359,"Prometeram regularização fundiária pra nossa comunidade há anos, disseram que a gente ia ter o documento da casa própria, mas ficou só na promessa vazia. meu vizinho da frente, o Seu Jorge, investiu o dinheiro da vida toda construindo sua moradia perto de no Beco do Rato, na parte mais alta, e vive com a insegurança de ser despejado.",favela
360,"A situação da saúde aqui tá precária demais. O posto da Gávea não dá conta de atender todo mundo da favela e do asfalto. uma vizinha nossa, a Dona Maria, foi lá com suspeita de dengue no meio da semana passada e mandaram voltar pra casa e tomar paracetamol sem nem fazer exame de sangue. Uma vergonha esse descaso.",comunidade
361,"As calçadas aqui da Gávea tão completamente detonadas, cheias de buracos e pedras soltas. ontem de noite, meu marido voltando do trabalho tropeçou e quase caiu feio bem no trecho mais alto e escuro da via,. As raízes das árvores estouraram o concreto e ninguém conserta. Idosos sofrem demais pra caminhar por aqui, cadê a conservação? E pra piorar tudo, as calçadas tão todas quebradas, um perigo de queda pros idosos.",alto da gávea
362,"Há um descaso imenso com a fiscalização de obras residenciais na nossa região. perto do Planetário da Gávea,, tão fazendo construções que parecem irregulares e tão afetando a estrutura das casas vizinhas e gerando rachaduras. meu filho adolescente já denunciou na prefeitura mas ninguém vem embargar a obra.",asfalto
363,"As vans e ônibus que circulam pelo bairro andam em velocidade absurda e perigosa. minha mãe idosa pegou uma condução dessas na última terça-feira perto de na Rua Vice-Governador Rubens Berardo, e ficou apavorado com a imprudência. Precisamos de fiscalização rigorosa da guarda municipal e mais linhas de ônibus regulares.",asfalto
364,"A infraestrutura básica passou longe das vielas daqui da favela. perto do ponto final das vans lá em cima,, o acesso é péssimo, sem pavimentação adequada, cheio de valas e lodo acumulado que faz as pessoas escorregarem. uma senhora de idade que mora aqui perto idoso tem muita dificuldade de sair de casa. Falta pavimentação e acessibilidade. E a iluminação dos postes sumiu nessa parte, virando um breu danado propício pra assaltos.",favela
365,"A prefeitura e a subprefeitura só lembram que os moradores da Gávea existem em ano de eleição. Aparecem políticos prometendo mundos e fundos aqui em na Rua Marquês de São Vicente, bem perto da PUC,. Depois que são eleitos, somem e os problemas continuam os mesmos. um rapaz que estuda na PUC tá cansado dessas falsas promessas de campanha.",asfalto
366,"Aqui nas vielas a segurança pública é quase nenhuma, só lembram da gente pra fazer operação violenta. perto da associação de moradores, tá perigoso de andar de noite por falta de luz nos postes. um morador antigo aqui do beco já ouviu relato de assalto nos becos escuros. Queremos paz e policiamento comunitário de verdade.",comunidade
367,"O acúmulo de lixo nas calçadas da Gávea tá atraindo muito bicho e barata. na Rua Engenheiro Álvaro Niemeyer,, os sacos de lixo ficam amontoados porque a coleta tá passando fora do horário comercial. minha irmã com o carrinho de bebê já viu ratazana enorme correndo perto dos pedestres. Uma falta de higiene terrível num bairro desses. Desse jeito o posto de saúde vai continuar lotado de gente doente com infecção.",alto da gávea
368,"Minha reclamação é sobre a dificuldade de conseguir atendimento de emergência na área. já faz uns três dias precisamos de socorro urgente pra eu mesmo com pressa pro serviço, mas a ambulância demorou horas pra chegar aqui na calçada da Rua Artur Araripe,. O posto de saúde vive superlotado e sem médicos suficientes pra a demanda absurda.",asfalto
369,"Conseguir vaga na creche pública aqui na região é quase impossível, uma fila de espera eterna no sistema. Estou com um grupo de estudantes daqui sem estudar porque nunca tem vaga disponível nas creches perto de perto do mirante do Alto da Gávea,. As mães trabalhadoras precisam desse suporte urgente pra poder trabalhar em paz.",alto da gávea
370,"Aqui nas vielas a segurança pública é quase nenhuma, só lembram da gente pra fazer operação violenta. na área baixa perto do canal, tá perigoso de andar de noite por falta de luz nos postes. minha filha mais nova já ouviu relato de assalto nos becos escuros. Queremos paz e policiamento comunitário de verdade. Fora o transporte público que demora horas pra passar e nos deixa mofando no ponto com medo.",comunidade
371,"Morar perto do valão é um sofrimento sem fim que ninguém merece. perto do ponto final das vans lá em cima,, o cheiro é de morte o dia todo e quando chove a água podre invade os becos e entra nas casas. meu vizinho da frente, o Seu Jorge, perdeu os móveis na última enchente. Precisamos de saneamento básico, saneamento é dignidade humana!",favela
372,"Minha reclamação é sobre a dificuldade de conseguir atendimento de emergência na área. no meio da semana passada precisamos de socorro urgente pra uma vizinha nossa, a Dona Maria,, mas a ambulância demorou horas pra chegar aqui na subida da Estrada da Gávea,. O posto de saúde vive superlotado e sem médicos suficientes pra a demanda absurda.",alto da gávea
373,"O esgoto correndo a céu aberto aqui na comunidade é uma humilhação diária. ontem de noite o cano estourou bem no Beco do Rato, na parte mais alta, e tá aquela lama podre passando na porta de casa. meu marido voltando do trabalho tá limpando tudo sozinho porque a prefeitura não manda ninguém da Cedae ou da Comlurb. Rato e barata tomando conta de tudo. A prefeitura diz na televisão que faz obra mas a verdade é que o descaso continua igual por aqui.",favela
374,"Há um descaso imenso com a fiscalização de obras residenciais na nossa região. na Rua Engenheiro Álvaro Niemeyer,, tão fazendo construções que parecem irregulares e tão afetando a estrutura das casas vizinhas e gerando rachaduras. meu filho adolescente já denunciou na prefeitura mas ninguém vem embargar a obra.",alto da gávea
375,"A mobilidade pra quem mora no alto da comunidade é péssima. Não tem linha de ônibus integrada que funcione de verdade. minha mãe idosa que trabalha até tarde gasta uma fortuna com mototáxi pra conseguir chegar em casa perto do valão de esgoto principal, com segurança. Um absurdo essa falta de opção.",favela
376,"A falta de segurança viária e policiamento no entorno das escolas preocupa muito. perto do mirante do Alto da Gávea,, o trânsito é caótico na hora da saída dos alunos e os carros não respeitam a faixa. uma senhora de idade que mora aqui perto reclama que falta sinalização adequada e presença da guarda municipal pra proteger as crianças. É uma falta de respeito tremenda com quem paga imposto caro todo mês e não vê retorno.",alto da gávea
377,"É uma pouca vergonha o estado das galerias de esgoto aqui. anteontem a tubulação começou a vazar bem nas imediações das mansões residenciais, e o mau cheiro tá insuportável na rua inteira. um rapaz que estuda na PUC já ligou pro 1746 reclamando, mas ninguém aparece. Descaso total da prefeitura com o IPTU caro que a gente paga.",alto da gávea
378,"Aqui nas vielas a segurança pública é quase nenhuma, só lembram da gente pra fazer operação violenta. perto do ponto final das vans lá em cima, tá perigoso de andar de noite por falta de luz nos postes. um morador antigo aqui do beco já ouviu relato de assalto nos becos escuros. Queremos paz e policiamento comunitário de verdade.",favela
379,"Falta iluminação nos becos mais internos da comunidade. Caminhar por aqui de noite é um desafio de sobrevivência porque tá tudo no escuro completo. nas vielas apertadas perto do CIEP,, os moradores vivem com medo de assalto e queda. minha irmã com o carrinho de bebê comprou lâmpada do próprio bolso pra colocar no beco. Até a escola da garotada fica prejudicada com essa buraqueira toda que impede o acesso.",favela
380,"A gente vive no meio do fogo cruzado e ninguém faz nada por nós. já faz uns três dias teve tiroteio perto do CIEP e eu mesmo com pressa pro serviço teve que correr pra se proteger dentro do beco. As crianças ficam traumatizadas e perdem aula direta. Segurança pra nós da comunidade é artigo de luxo pelo visto.",comunidade
381,"O custo de moradia na Gávea virou uma loucura completa e inacessível. Os aluguéis tão num valor abusivo por causa da especulação imobiliária. um grupo de estudantes daqui mora aqui há mais de dez anos perto de na Rua Engenheiro Álvaro Niemeyer, e agora tá sendo obrigado a se mudar porque não aguenta mais pagar tão caro por um espaço pequeno.",alto da gávea
382,"Aqui nas vielas a segurança pública é quase nenhuma, só lembram da gente pra fazer operação violenta. perto do valão de esgoto principal, tá perigoso de andar de noite por falta de luz nos postes. minha filha mais nova já ouviu relato de assalto nos becos escuros. Queremos paz e policiamento comunitário de verdade. Nem o Parque da Cidade escapa desse abandono generalizado que tomou conta do nosso bairro.",favela
383,"O posto de saúde tá sempre lotado e faltam especialistas como pediatra e ginecologista. meu vizinho da frente, o Seu Jorge, tá tentando marcar uma consulta há mais de quatro meses e nada. durante o temporal de ontem disseram que o sistema do Sisreg caiu. É uma falta de respeito enorme com quem mora na comunidade.",favela
384,"Falta planejamento e manutenção da infraestrutura urbana na Gávea. No entorno de na Rua Vice-Governador Rubens Berardo,, as calçadas são estreitas, quebradas e cheias de obstáculos, fora a fiação aérea pesada que parece que vai cair. uma vizinha nossa, a Dona Maria, que anda por aqui todo dia vê o completo abandono do asfalto.",asfalto
385,"Conseguir vaga na creche pública aqui na região é quase impossível, uma fila de espera eterna no sistema. Estou com meu marido voltando do trabalho sem estudar porque nunca tem vaga disponível nas creches perto de na curva perigosa perto da descida pra o São Conrado,. As mães trabalhadoras precisam desse suporte urgente pra poder trabalhar em paz. E pra piorar tudo, as calçada tão todas quebradas, um perigo de queda pros idosos.",alto da gávea
386,"Aqui nas vielas a segurança pública é quase nenhuma, só lembram da gente pra fazer operação violenta. nas vielas apertadas perto do CIEP, tá perigoso de andar de noite por falta de luz nos postes. meu filho adolescente já ouviu relato de assalto nos becos escuros. Queremos paz e policiamento comunitário de verdade.",favela
387,"Muitos prédios antigos no asfalto tão sofrendo com a falta de manutenção externa e fiação velha, e a prefeitura não ajuda com nenhum tipo de incentivo. minha mãe idosa comenta que morar na Gávea virou sinônimo de pagar IPTU absurdo pra não ter nenhum apoio habitacional ou urbanístico.",asfalto
388,"A infraestrutura básica passou longe das vielas daqui da favela. na Viela da Paz, subindo as escadas,, o acesso é péssimo, sem pavimentação adequada, cheio de valas e lodo acumulado que faz as pessoas escorregarem. uma senhora de idade que mora aqui perto idoso tem muita dificuldade de sair de casa. Falta pavimentação e acessibilidade. E a iluminação dos postes sumiu nessa parte, virando um breu danado propício pra assaltos.",favela
389,"A situação da segurança aqui dentro tá muito complicada e tensa. anteontem teve operação e correria bem perto do valão de esgoto principal,, deixando os moradores apavorados dentro de casa. um rapaz que estuda na PUC ficou preso sem conseguir descer pro trabalho. Falta uma política de segurança que respeite quem mora aqui na favela.",favela
390,"Aqui nas vielas a segurança pública é quase nenhuma, só lembram da gente pra fazer operação violenta. na localidade conhecida como Grota, tá perigoso de andar de noite por falta de luz nos postes. um morador antigo aqui do beco já ouviu relato de assalto nos becos escuros. Queremos paz e policiamento comunitário de verdade.",favela
391,"Morar perto do valão é um sofrimento sem fim que ninguém merece. na subida da passarela de acesso,, o cheiro é de morte o dia todo e quando chove a água podre invade os becos e entra nas casas. minha irmã com o carrinho de bebê perdeu os móveis na última enchente. Precisamos de saneamento básico, saneamento é dignidade humana! Desse jeito o posto de saúde vai continuar lotado de gente doente com infecção.",favela
392,"A falta de segurança viária e policiamento no entorno das escolas preocupa muito. na curva perigosa perto da descida pra o São Conrado,, o trânsito é caótico na hora da saída dos alunos e os carros não respeitam a faixa. eu mesmo com pressa pro serviço reclama que falta sinalização adequada e presença da guarda municipal pra proteger as crianças.",alto da gávea
393,"Ir no posto de saúde da Gávea é passar nervoso. Fui levar um grupo de estudantes daqui logo cedo na segunda-feira e o atendimento tava parado por falta de médico. A gente que mora no morro tem que descer de madrugada, pegar chuva na fila pra ouvir que não tem vaga. Saúde pública aqui tá largada às traças.",favela
394,"Aqui nas vielas a segurança pública é quase nenhuma, só lembram da gente pra fazer operação violenta. no Beco do Rato, na parte mais alta, tá perigoso de andar de noite por falta de luz nos postes. minha filha mais nova já ouviu relato de assalto nos becos escuros. Queremos paz e policiamento comunitário de verdade. Fora o transporte público que demora horas pra passar e nos deixa mofando no ponto com medo.",favela
395,"Um absurdo a truculência nas abordagens policiais aqui na comunidade. durante o temporal de ontem, meu vizinho da frente, o Seu Jorge, foi parado voltando do serviço bem na Viela da Paz, subindo as escadas, e os policiais já chegaram esculachando, tratando como suspeito. A gente quer segurança, mas quer respeito também, porque trabalhador não é bandido.",favela
396,"Morar aqui tá difícil por causa dos problemas crônicos de drenagem pluvial. na calçada da Rua Artur Araripe,, a água fica empossada por dias após qualquer temporal comum. uma vizinha nossa, a Dona Maria, reclama que o mau cheiro de esgoto invade os apartamentos do térreo. Cadê as obras de saneamento e escoamento prometidas pela prefeitura?",asfalto
397,"O risco de deslizamento de barreira tira o sono de qualquer morador. Toda vez que começa a chover forte, meu marido voltando do trabalho fica acordado a noite toda vigiando a encosta perto de na localidade conhecida como Grota,. A Geo-Rio precisa fazer uma obra de contenção de encostas urgente ali antes que aconteça uma tragédia. A prefeitura diz na televisão que faz obra mas a verdade é que o descaso continua igual por aqui.",favela
398,"O posto de saúde da Gávea tá sem o mínimo de estrutura pra atender o bairro. meu filho adolescente precisava de remédio de uso contínuo pra pressão e disseram que tá em falta na farmácia do posto faz dois meses. Pra marcar um exame simples pelo Sisreg é uma novela que demora quase um ano, descaso total.",asfalto
399,"Muitos prédios antigos no asfalto tão sofrendo com a falta de manutenção externa e fiação velha, e a prefeitura não ajuda com nenhum tipo de incentivo. minha mãe idosa comenta que morar na Gávea virou sinônimo de pagar IPTU absurdo pra não ter nenhum apoio habitacional ou urbanístico.",asfalto
400,"Morar aqui tá difícil por causa dos problemas crônicos de drenagem pluvial. na subida da Estrada da Gávea,, a água fica empossada por dias após qualquer temporal comum. uma senhora de idade que mora aqui perto reclama que o mau cheiro de esgoto invade os apartamentos do térreo. Cadê as obras de saneamento e escoamento prometidas pela prefeitura? É uma falta de respeito tremenda com quem paga imposto caro todo mês e não vê retorno.",alto da gávea
401,"A saúde aqui na região tá um caos absoluto. Fui levar um rapaz que estuda na PUC no posto de saúde da Gávea anteontem e não tinha nenhum clínico de plantão. Uma fila imensa dobrava o quarteirão desde a madrugada e de manhã disseram que as senhas tinham acabado. É humilhante ver o trabalhador sofrendo assim.",alto da gávea
402,"Na comunidade a gente sofre quando alguém passa mal. no último sábado de madrugada, um morador antigo aqui do beco teve uma crise forte e a ambulância do Samu se recusou a subir na Viela da Paz, subindo as escadas, alegando falta de segurança. Tivemos que carregar ele no braço até o asfalto. O posto de saúde também nunca tem remédio básico.",favela
403,"Olha, a situação da segurança tá caótica na Gávea. na calçada da Rua Artur Araripe, virou ponto fixo de bandido assaltando quem sai do trabalho ou da faculdade. em plena luz do dia ontem teve mais um roubo de celular violento. minha irmã com o carrinho de bebê tentou acionar os policiais mas a viatura demorou uma eternidade pra chegar. Até a escola da garotada fica prejudicada com essa buraqueira toda que impede o acesso.",asfalto
404,"A Defesa Civil veio aqui já faz uns três dias, interditou algumas casas rachadas perto de na localidade conhecida como Grota, por risco iminente de desabamento, mas não dão nenhuma solução real ou auxílio. O aluguel social é uma miséria. eu mesmo com pressa pro serviço tá desesperado sem saber pra onde levar a família e os filhos.",favela
405,"O transporte público aqui na Gávea tá uma vergonha completa. As linhas de ônibus demoram horas pra passar e vêm superlotadas. logo cedo na segunda-feira, um grupo de estudantes daqui mofou no ponto esperando o ônibus nas imediações das mansões residenciais, pra ir trabalhar e acabou chegando atrasado. Cadê a fiscalização com as empresas de ônibus?",alto da gávea
406,"A coleta de lixo aqui dentro não funciona direito e o povo acaba jogando os sacos nas encostas ou perto de perto do ponto final das vans lá em cima,. no final da tarde de quinta acumulou tanta sujeira que tampou a passagem do beco. minha filha mais nova se preocupa com as doenças, o valão tá transbordando e ninguém limpa essa imundície. Nem o Parque da Cidade escapa desse abandono generalizado que tomou conta do nosso bairro.",favela
407,"Os poucos espaços públicos da comunidade foram tomados pelo lixo e pelo abandono. Perto de nas viela apertadas perto do CIEP,, onde os morador podiam se reunir, virou ponto de descarte de entulho porque a prefeitura não limpa. meu vizinho da frente, o Seu Jorge, reclama que falta uma área verde estruturada pras famílias conviverem em paz.",favela
408,"Minha reclamação é sobre a dificuldade de conseguir atendimento de emergência na área. no meio da semana passada precisamos de socorro urgente pra uma vizinha nossa, a Dona Maria,, mas a ambulância demorou horas pra chegar aqui nos arredores da Praça Santos Dumont, no Baixo Gávea,. O posto de saúde vive superlotado e sem médicos suficientes pra a demanda absurda.",asfalto
409,"É uma pouca vergonha o estado das galerias de esgoto aqui. ontem de noite a tubulação começou a vazar bem na Rua Engenheiro Álvaro Niemeyer, e o mau cheiro tá insuportável na rua inteira. meu marido voltando do trabalho já ligou pro 1746 reclamando, mas ninguém aparece. Descaso total da prefeitura com o IPTU caro que a gente paga. E pra piorar tudo, as calçadas tão todas quebradas, um perigo de queda pros idosos.",alto da gávea
410,"Há um descaso imenso com a fiscalização de obras residenciais na nossa região. na calçada da Rua Artur Araripe,, tão fazendo construções que parecem irregulares e tão afetando a estrutura das casas vizinhas e gerando rachaduras. meu filho adolescente já denunciou na prefeitura mas ninguém vem embargar a obra.",asfalto
411,"Olha, a situação da segurança tá caótica na Gávea. perto do Planetário da Gávea, virou ponto fixo de bandido assaltando quem sai do trabalho ou da faculdade. na última terça-feira teve mais um roubo de celular violento. minha mãe idosa tentou acionar os policiais mas a viatura demorou uma eternidade pra chegar.",asfalto
412,"O entorno do CIEP tá largado ao abandonono total. na subida da passarela de acesso,, o mato tá alto atraindo bicho e falta iluminação na passarela de acesso dos alunos. uma senhora de idade que mora aqui perto morador antigo diz que de noite o lugar fica perigoso demais, propício pra assalto. Precisamos de melhorias e segurança pra comunidade escolar. E a iluminação dos postes sumiu nessa parte, virando um breu danado propício pra assaltos.",favela
413,"Não dá mais pra aguentar a falta de segurança. anteontem, um rapaz que estuda na PUC foi abordado por dois caras de moto bem na curva perigosa perto da descida pra o São Conrado,. Levaram o celular e a carteira, deixando todo mundo assustado. A polícia sumiu da região, ficamos desprotegidos. É uma revolta ver o bairro abandonado assim, parece que a prefeitura esqueceu da gente.",alto da gávea
414,"Aqui nas vielas a segurança pública é quase nenhuma, só lembram da gente pra fazer operação violenta. nas vielas apertadas perto do CIEP, tá perigoso de andar de noite por falta de luz nos postes. um morador antigo aqui do beco já ouviu relato de assalto nos becos escuros. Queremos paz e policiamento comunitário de verdade.",favela
415,"O acúmulo de lixo nas calçadas da Gávea tá atraindo muito bicho e barata. nos arredores da Praça Santos Dumont, no Baixo Gávea,, os sacos de lixo ficam amontoados porque a coleta tá passando fora do horário comercial. minha irmã com o carrinho de bebê já viu ratazana enorme correndo perto dos pedestres. Uma falta de higiene terrível num bairro desses. Desse jeito o posto de saúde vai continuar lotado de gente doente com infecção.",asfalto
416,"A situação da saúde aqui tá precária demais. O posto da Gávea não dá conta de atender todo mundo da favela e do asfalto. eu mesmo com pressa pro serviço foi lá com suspeita de dengue já faz uns três dias e mandaram voltar pra casa e tomar paracetamol sem nem fazer exame de sangue. Uma vergonha esse descaso.",favela
417,"A situação da segurança aqui dentro tá muito complicada e tensa. logo cedo na segunda-feira teve operação e correria bem perto do valão de esgoto principal,, deixando os moradores apavorados dentro de casa. um grupo de estudantes daqui ficou preso sem conseguir descer pro trabalho. Falta uma política de segurança que respeite quem mora aqui na favela.",favela
418,"A fiação elétrica aqui tá um perigo absurdo, um emaranhado de fios soltos e baixos passando na cabeça da gente. na localidade conhecida como Grota,, os cabos tão quase tocando o chão das viela. minha filha mais nova tem medo de um curto-circuito ou incêndio grave. A Light e a prefeitura precisam ordenar esse caos. Fora o transporte público que demora horas pra passar e nos deixa mofando no ponto com medo.",favela
419,"Muitos prédios antigos no asfalto tão sofrendo com a falta de manutenção externa e fiação velha, e a prefeitura não ajuda com nenhum tipo de incentivo. meu vizinho da frente, o Seu Jorge, comenta que morar na Gávea virou sinônimo de pagar IPTU absurdo pra não ter nenhum apoio habitacional ou urbanístico.",asfalto
420,"A gente vive no meio do fogo cruzado e ninguém faz nada por nós. no meio da semana passada teve tiroteio perto do CIEP e uma vizinha nossa, a Dona Maria, teve que correr pra se proteger dentro do beco. As crianças ficam traumatizadas e perdem aula direta. Segurança pra nós da comunidade é artigo de luxo pelo visto.",comunidade
421,"As calçadas aqui da Gávea tão completamente detonadas, cheias de buracos e pedras soltas. ontem de noite, meu marido voltando do trabalho tropeçou e quase caiu feio bem na subida da Estrada da Gávea,. As raízes das árvores estouraram o concreto e ninguém conserta. Idosos sofrem demais pra caminhar por aqui, cadê a conservação? A prefeitura diz na televisão que faz obra mas a verdade é que o descaso continua igual por aqui.",alto da gávea
422,"Há um descaso imenso com a fiscalização de obras residenciais na nossa região. nos arredores da Praça Santos Dumont, no Baixo Gávea,, tão fazendo construções que parecem irregulares e tão afetando a estrutura das casas vizinhas e gerando rachaduras. meu filho adolescente já denunciou na prefeitura mas ninguém vem embargar a obra.",asfalto
423,"Falta iluminação nos becos mais internos da comunidade. Caminhar por aqui de noite é um desafio de sobrevivência porque tá tudo no escuro completo. na Travessa do Sol, área residencial,, os moradores vivem com medo de assalto e queda. minha mãe idosa comprou lâmpada do próprio bolso pra colocar no beco.",comunidade
424,"Falta planejamento e manutenção da infraestrutura urbana na Gávea. No entorno de na calçada da Rua Artur Araripe,, as calçadas são estreitas, quebradas e cheias de obstáculos, fora a fiação aérea pesada que parece que vai cair. uma senhora de idade que mora aqui perto que anda por aqui todo dia vê o completo abandono do asfalto. É uma falta de respeito tremenda com quem paga imposto caro todo mês e não vê retorno.",asfalto
425,"A situação da segurança aqui dentro tá mto complicada e tensa. anteontem teve operação e correria bem nas proximidades do posto de saúde da Gávea,, deixando os moradores apavorados dentro de casa. um rapaz que estuda na PUC ficou preso sem conseguir descer pro trabalho. Falta uma política de segurança que respeite quem mora aqui na favela.",comunidade
426,"A insegurança aqui tá um absurdo total. Ninguém consegue mais andar tranquilo na Rua Vice-Governador Rubens Berardo, depois das sete da noite porque o policiamento preventivo sumiu. um morador antigo aqui do beco já cansou de ver assalto perto dos prédios. Precisamos de patrulhamento urgente e iluminação de verdade pra afastar esses criminosos.",asfalto
427,"Olha, a situação da segurança tá caótica na Gávea. no cruzamento principal perto do posto de combustível, virou ponto fixo de bandido assaltando quem sai do trabalho ou da faculdade. em plena luz do dia ontem teve mais um roubo de celular violento. minha irmã com o carrinho de bebê tentou acionar os policiais mas a viatura demorou uma eternidade pra chegar. Até a escola da garotada fica prejudicada com essa buraqueira toda que impede o acesso.",asfalto
428,"Os pontos de ônibus perto de na escadaria principal da comunidade, tão abandonados, sem cobertura nenhuma contra chuva ou sol e totalmente escuros de noite. eu mesmo com pressa pro serviço fica exposto ao perigo e ao tempo esperando condução que nunca passa no horário certo. Transporte de qualidade é um direito nosso.",comunidade
429,"A saúde aqui na região tá um caos absoluto. Fui levar um grupo de estudantes daqui no posto de saúde da Gávea logo cedo na segunda-feira e não tinha nenhum clínico de plantão. Uma fila imensa dobrava o quarteirão desde a madrugada e de manhã disseram que as senhas tinham acabado. É humilhante ver o trabalhador sofrendo assim.",asfalto
430,"A mobilidade urbana na Gávea tá caótica por causa do trânsito intenso e do estacionamento irregular de veículos. em frente ao Shopping da Gávea,, os carros param em cima das calçadas e bloqueiam tudo, obrigando o pedestre a andar no meio da rua. minha filha mais nova que anda com idoso sofre demais com isso. Nem o Parque da Cidade escapa desse abandono generalizado que tomou conta do nosso bairro.",asfalto
431,"Olha, a situação da segurança tá caótica na Gávea. na calçada da Rua Artur Araripe, virou ponto fixo de bandido assaltando quem sai do trabalho ou da faculdade. durante o temporal de ontem teve mais um roubo de celular violento. meu vizinho da frente, o Seu Jorge, tentou acionar os policiais mas a viatura demorou uma eternidade pra chegar.",asfalto
432,"A gente vive no meio do fogo cruzado e ninguém faz nada por nós. no meio da semana passada teve tiroteio perto do CIEP e uma vizinha nossa, a Dona Maria, teve que correr pra se proteger dentro do beco. As crianças ficam traumatizadas e perdem aula direta. Segurança pra nós da comunidade é artigo de luxo pelo visto.",favela
433,"O custo de moradia na Gávea virou uma loucura completa e inacessível. Os aluguéis tão num valor abusivo por causa da especulação imobiliária. meu marido voltando do trabalho mora aqui há mais de dez anos perto de nas imediações das mansões residenciais, e agora tá sendo obrigado a se mudar porque não aguenta mais pagar tão caro por um espaço pequeno. E pra piorar tudo, as calçadas tão todas quebradas, um perigo de queda pros idosos.",alto da gávea
434,"A iluminação pública tá uma vergonha nessa área residencial. no cruzamento principal perto do posto de combustível, tá com várias lâmpadas queimadas nos postes há semanas, deixando a rua num breu completo. meu filho adolescente tem medo de voltar do trabalho de noite. É um perigo danado, a Rioluz precisa fazer a manutenção urgente.",asfalto
435,"Morar perto do valão é um sofrimento sem fim que ninguém merece. na escadaria principal da comunidade,, o cheiro é de morte o dia todo e quando chove a água podre invade os becos e entra nas casas. minha mãe idosa perdeu os móveis na última enchente. Precisamos de saneamento básico, saneamento é dignidade humana!",comunidade
436,"O trânsito nos horários de pico perto de nos arredores da Praça Santos Dumont, no Baixo Gávea, é insuportável, principalmente por causa da saída das escolas particulares e da faculdade. Faltam guardas municipais pra ordenar o fluxo de veículos e orientar as travessias. uma senhora de idade que mora aqui perto perde um tempo absurdo engarrafado todo dia. E a iluminação dos postes sumiu nessa parte, virando um breu danado propício pra assaltos.",asfalto
437,"A situação do CIEP aqui da comunidade tá de dar pena. Prédio precisando de reforma urgente, salas quentes demais e falta de manutenção nos banheiros. um rapaz que estuda na PUC estuda lá e conta que faltam livros didáticos básicos. anteontem cancelaram a aula mais cedo por falta de água no colégio perto de na Viela da Paz, subindo as escadas,.",favela
438,"Aqui nas vielas a segurança pública é quase nenhuma, só lembram da gente pra fazer operação violenta. perto do valão de esgoto principal, tá perigoso de andar de noite por falta de luz nos postes. um morador antigo aqui do beco já ouviu relato de assalto nos becos escuros. Queremos paz e policiamento comunitário de verdade.",favela
439,"O acúmulo de lixo nas calçadas da Gávea tá atraindo muito bicho e barata. perto do mirante do Alto da Gávea,, os sacos de lixo ficam amontoados porque a coleta tá passando fora do horário comercial. minha irmã com o carrinho de bebê já viu ratazana enorme correndo perto dos pedestres. Uma falta de higiene terrível num bairro desses. Desse jeito o posto de saúde vai continuar lotado de gente doente com infecção.",alto da gávea
440,"A quadra de esportes da favela tá abandonada há anos, sem iluminação, com o piso todo rachado e a tela de proteção rasgada. já faz uns três dias um jovem se machucou jogando bola perto de na subida da passarela de acesso,. eu mesmo com pressa pro serviço pede socorro pra secretaria de esportes reformar o local pros nossos jovens saírem da rua.",favela
441,"Conseguir vaga na creche pública aqui na região é quase impossível, uma fila de espera eterna no sistema. Estou com um grupo de estudantes daqui sem estudar porque nunca tem vaga disponível nas creches perto de no cruzamento principal perto do posto de combustível,. As mães trabalhadoras precisam desse suporte urgente pra poder trabalhar em paz.",asfalto
442,"A fiação elétrica aqui tá um perigo abssurdo, um emaranhado de fios soltos e baixos passando na cabeça da gente. nas vielas apertadas perto do CIEP,, os cabos tão quase tocando o chão das vielas. minha filha mais nova tem medo de um curto-circuito ou incêndio grave. A Light e a prefeitura precisam ordenar esse caos. Fora o transporte público que demora horas pra passar e nos deixa mofando no ponto com medo.",favela
443,"Os buracos na pista tão acabando com os carros dos moradores. nos arredores da Praça Santos Dumont, no Baixo Gávea, tem uma cratera aberta que tá causando acidentes graves. durante o temporal de ontem um motoqueiro quase se acidentou feio. meu vizinho da frente, o Seu Jorge, já abriu vários chamados no 1746 mas eles só jogam uma terra que sai na primeira chuvinha.",asfalto
444,"A infraestrutura básica passou longe das vielas daqui da favela. na Travessa do Sol, área residencial,, o acesso é péssimo, sem pavimentação adequada, cheio de valas e lodo acumulado que faz as pessoas escorregarem. uma vizinha nossa, a Dona Maria, idoso tem muita dificuldade de sair de casa. Falta pavimentação e acessibilidade.",comunidade
445,"É uma pouca vergonha o estado das galerias de esgoto aqui. ontem de noite a tubulação começou a vazar bem na calçada da Rua Artur Araripe, e o mau cheiro tá insuportável na rua inteira. meu marido voltando do trabalho já ligou pro 1746 reclamando, mas ninguém aparece. Descaso total da prefeitura com o IPTU caro que a gente paga. A prefeitura diz na televisão que faz obra mas a verdade é que o descaso continua igual por aqui.",asfalto
446,"A estrutura das poucas escolas públicas do bairro deixa a desejar. na semana passada faltou luz e as crianças sofreram num calor insuportável porque o ar condicionado tá quebrado há meses na escola perto de perto do Planetário da Gávea,. meu filho adolescente estuda lá e diz que até a merenda tá vindo fraca, puro descaso.",asfalto
447,"Muitos prédios antigos no asfalto tão sofrendo com a falta de manutenção externa e fiação velha, e a prefeitura não ajuda com nenhum tipo de incentivo. minha mãe idosa comenta que morar na Gávea virou sinônimo de pagar IPTU absurdo pra não ter nenhum apoio habitacional ou urbanístico.",alto da gávea
448,"Morar aqui tá difícil por causa dos problemas crônicos de drenagem pluvial. na curva perigosa perto da descida pra o São Conrado,, a água fica empossada por dias após qualquer temporal comum. uma senhora de idade que mora aqui perto reclama que o mau cheiro de esgoto invade os apartamentos do térreo. Cadê as obras de saneamento e escoamento prometidas pela prefeitura? É uma falta de respeito tremenda com quem paga imposto caro todo mês e não vê retorno.",alto da gávea
449,"A situação do CIEP aqui da comunidade tá de dar pena. Prédio precisando de reforma urgente, salas quentes demais e falta de manutenção nos banheiros. um rapaz que estuda na PUC estuda lá e conta que faltam livros didáticos básicos. anteontem cancelaram a aula mais cedo por falta de água no colégio perto de nas vielas apertadas perto do CIEP,.",favela
450,"Na comunidade a gente sofre quando alguém passa mal. no último sábado de madrugada, um morador antigo aqui do beco teve uma crise forte e a ambulância do Samu se recusou a subir perto da associação de moradores, alegando falta de segurança. Tivemos que carregar ele no braço até o asfalto. O posto de saúde também nunca tem remédio básico.",comunidade
451,"Um absurdo a truculência nas abordagens policiais aqui na comunidade. em plena luz do dia ontem, minha irmã com o carrinho de bebê foi parado voltando do serviço bem na Viela da Paz, subindo as escadas, e os policial já chegaram esculachando, tratando como suspeito. A gente quer segurança, mas quer respeito também, porque trabalhador não é bandido. Até a escola da garotada fica prejudicada com essa buraqueira toda que impede o acesso.",favela
452,"Morar aqui tá difícil por causa dos problemas crônicos de drenagem pluvial. na calçada da Rua Artur Araripe,, a água fica empossada por dias após qualquer temporal comum. eu mesmo com pressa pro serviço reclama que o mau cheiro de esgoto invade os apartamentos do térreo. Cadê as obras de saneamento e escoamento prometidas pela prefeitura?",asfalto
453,"A prefeitura e a subprefeitura só lembram que os moradores da Gávea existem em ano de eleição. Aparecem políticos prometendo mundos e fundos aqui em perto do mirante do Alto da Gávea,. Depois que são eleitos, somem e os problemas continuam os mesmos. um grupo de estudantes daqui tá cansado dessas falsas promessas de campanha.",alto da gávea
454,"A estrutura das poucas escolas públicas do bairro deixa a desejar. no final da tarde de quinta faltou luz e as crianças sofreram num calor insuportável porque o ar condicionado tá quebrado há meses na escola perto de na Rua Vice-Governador Rubens Berardo,. minha filha mais nova estuda lá e diz que até a merenda tá vindo fraca, puro descaso. Nem o Parque da Cidade escapa desse abandono generalizado que tomou conta do nosso bairro.",asfalto
455,"O acúmulo de lixo nas calçadas da Gávea tá atraindo muito bixo e barata. no cruzamento principal perto do posto de combustível,, os sacos de lixo ficam amontoados porque a coleta tá passando fora do horário comercial. meu vizinho da frente, o Seu Jorge, já viu ratazana enorme correndo perto dos pedestres. Uma falta de higiene terrível num bairro desses.",asfalto
456,"A infraestrutura básica passou longe das vielas daqui da favela. nas vielas apertadas perto do CIEP,, o acesso é péssimo, sem pavimentação adequada, cheio de valas e lodo acumulado que faz as pessoas escorregarem. uma vizinha nossa, a Dona Maria, idoso tem muita dificuldade de sair de casa. Falta pavimentação e acessibilidade.",favela
457,"A situação do CIEP aqui da comunidade tá de dar pena. Prédio precisando de reforma urgente, salas quentes demais e falta de manutenção nos banheiros. meu marido voltando do trabalho estuda lá e conta que faltam livros didáticos básicos. ontem de noite cancelaram a aula mais cedo por falta de água no colégio perto de perto da associação de moradores,. E pra piorar tudo, as calçadas tão todas quebradas, um perigo de queda pros idosos.",comunidade
458,"Muitas famílias aqui na comunidade vivem em condições habitacionais muito precárias, em barracos com muita umidade e infiltração perigosa. meu filho adolescente mora num cômodo pequeno onde chove mais dentro do que fora perto de na Viela da Paz, subindo as escadas,. Precisamos de programas sociais de melhoria habitacional.",favela
459,"Um absurdo a truculência nas abordagens policiais aqui na comunidade. na última terça-feira, minha mãe idosa foi parado voltando do serviço bem próximo ao pequeno comércio da subida, e os policiais já chegaram esculachando, tratando como suspeito. A gente quer segurança, mas quer respeito também, porque trabalhador não é bandido.",comunidade
460,"Minha reclamação é sobre a dificuldade de conseguir atendimento de emergência na área. esses dias atrás precisamos de socorro urgente pra uma senhora de idade que mora aqui perto, mas a ambulância demorou horas pra chegar aqui perto do mirante do Alto da Gávea,. O posto de saúde vive superlotado e sem médicos suficientes pra a demanda absurda. E a iluminação dos postes sumiu nessa parte, virando um breu danado propício pra assaltos.",alto da gávea
461,"O transporte público aqui na Gávea tá uma vergonha completa. As linhas de ônibus demoram horas pra passar e vêm superlotadas. anteontem, um rapaz que estuda na PUC mofou no ponto esperando o ônibus na Rua Vice-Governador Rubens Berardo, pra ir trabalhar e acabou chegando atrasado. Cadê a fiscalização com as empresas de ônibus?",asfalto
462,"As vans que sobem o morro cobram caro e andam correndo igual loucas pelas subidas estreitas, um perigo. um morador antigo aqui do beco quase sofreu um acidente no último sábado de madrugada perto de perto do ponto final das vans lá em cima, porque o motorista tava disputando passageiro com outra van. Falta fiscalização pesada do transporte alternativo aqui dentro.",favela
463,"Olha, a situação da segurança tá caótica na Gávea. na Rua Marquês de São Vicente, bem perto da PUC, virou ponto fixo de bandido assaltando quem sai do trabalho ou da faculdade. em plena luz do dia ontem teve mais um roubo de celular violento. minha irmã com o carrinho de bebê tentou acionar os policiais mas a viatura demorou uma eternidade pra chegar. Desse jeito o posto de saúde vai continuar lotado de gente doente com infecção.",asfalto
464,"A quadra de esportes da favela tá abandonada há anos, sem iluminação, com o piso todo rachado e a tela de proteção rasgada. já faz uns três dias um jovem se machucou jogando bola perto de no Beco do Rato, na parte mais alta,. eu mesmo com pressa pro serviço pede socorro pra secretaria de esportes reformar o local pros nossos jovens saírem da rua.",favela
465,"O esgoto correndo a céu aberto aqui na comunidade é uma humilhação diária. logo cedo na segunda-feira o cano estourou bem na Viela da Paz, subindo as escadas, e tá aquela lama podre passando na porta de casa. um grupo de estudantes daqui tá limpando tudo sozinho porque a prefeitura não manda ninguém da Cedae ou da Comlurb. Rato e barata tomando conta de tudo.",favela
466,"Toda vez que cai uma chuva mais forte, as ruas da Gávea alagam por causa dos bueiros entupidos. no final da tarde de quinta, a água da chuva acumulou tanto na calçada da Rua Artur Araripe, que cobriu as calçadas e quase invadiu os comércios. minha filha mais nova teve o carro danificado. A Comlurb precisa limpar essas bocas de lobo urgente. Fora o transporte público que demora horas pra passar e nos deixa mofando no ponto com medo.",asfalto
467,"A mobilidade pra quem mora no alto da comunidade é péssima. Não tem linha de ônibus integrada que funcione de verdade. meu vizinho da frente, o Seu Jorge, que trabalha até tarde gasta uma fortuna com mototáxi pra conseguir chegar em casa na localidade conhecida como Grota, com segurança. Um absurdo essa falta de opção.",favela
468,"Falta saneamento básico e vergonha na cara das autoridades. na área baixa perto do canal, tá cheio de esgoto vazando direto e as crianças brincam do lado da sujeira. uma vizinha nossa, a Dona Maria, tá com o filho internado no posto com infecção por causa disso. É desumano viver desse jeito sem rede de esgoto adequada nas vielas.",comunidade
469,"As escadarias e vielas da comunidade tão caindo aos pedaços de tão velhas. Os degraus tão todos quebrados e não tem um corrimão sequer, o que é um perigo imenso em dia de chuva. meu marido voltando do trabalho escorregou e machucou o braço ontem de noite subindo perto do ponto final das vans lá em cima,. Precisamos de reformas urgentes. A prefeitura diz na televisão que faz obra mas a verdade é que o descaso continua igual por aqui.",favela
470,"A fiação elétrica aqui tá um perigo absurdo, um emaranhado de fios soltos e baixos passando na cabeça da gente. nas vielas apertadas perto do CIEP,, os cabos tão quase tocando o chão das vielas. meu filho adolescente tem medo de um curto-circuito ou incêndio grave. A Light e a prefeitura precisam ordenar esse caos.",favela
471,"Os buracos na pista tão acabando com os carros dos moradores. perto da entrada do Parque da Cidade, tem uma cratera aberta que tá causando acidentes graves. na última terça-feira um motoqueiro quase se acidentou feio. minha mãe idosa já abriu vários chamados no 1746 mas eles só jogam uma terra que sai na primeira chuvinha.",alto da gávea
472,"A infraestrutura básica passou longe das vielas daqui da favela. na Viela da Paz, subindo as escadas,, o acesso é péssimo, sem pavimentação adequada, cheio de valas e lodo acumulado que faz as pessoas escorregarem. uma senhora de idade que mora aqui perto idoso tem muita dificuldade de sair de casa. Falta pavimentação e acessibilidade. É uma falta de respeito tremenda com quem paga imposto caro todo mês e não vê retorno.",favela
473,"As calçadas aqui da Gávea tão completamente detonadas, cheias de buracos e pedras soltas. anteontem, um rapaz que estuda na PUC tropeçou e quase caiu feio bem na calçada da Rua Artur Araripe,. As raízes das árvores estouraram o concreto e ninguém conserta. Idosos sofrem demais pra caminhar por aqui, cadê a conservação?",asfalto
474,"A estrutura das poucas escolas públicas do bairro deixa a desejar. no último sábado de madrugada faltou luz e as crianças sofreram num calor insuportável porque o ar condicionado tá quebrado há meses na escola perto de perto do Planetário da Gávea,. um morador antigo aqui do beco estuda lá e diz que até a merenda tá vindo fraca, puro descaso.",asfalto
475,"Nossos jovens tão sem perspectiva porque as escolas públicas da comunidade tão abandonadas. Falta professor de matemática e inglês direto. em plena luz do dia ontem o filho de minha irmã com o carrinho de bebê ficou sem aula e voltou pra casa cedo. Sem educação de qualidade, como que as crianças da favela vão vencer na vida? Até a escola da garotada fica prejudicada com essa buraqueira toda que impede o acesso.",favela
476,"A situação da saúde aqui tá precária demais. O posto da Gávea não dá conta de atender todo mundo da favela e do asfalto. eu mesmo com pressa pro serviço foi lá com suspeita de dengue já faz uns três dias e mandaram voltar pra casa e tomar paracetamol sem nem fazer exame de sangue. Uma vergonha esse descaso.",comunidade
477,"O risco de deslizamento de barreira tira o sono de qualquer morador. Toda vez que começa a chover forte, um grupo de estudantes daqui fica acordado a noite toda vigiando a encosta perto de na escadaria principal da comunidade,. A Geo-Rio precisa fazer uma obra de contenção de encostas urgente ali antes que aconteça uma tragédia.",comunidade
478,"A coleta de lixo aqui dentro não funciona direito e o povo acaba jogando os sacos nas encostas ou perto de perto da associação de moradores,. no final da tarde de quinta acumulou tanta sujeira que tampou a passagem do beco. minha filha mais nova se preocupa com as doenças, o valão tá transbordando e ninguém limpa essa imundície. Nem o Parque da Cidade escapa desse abandono generalizado que tomou conta do nosso bairro.",comunidade
479,"A mobilidade pra quem mora no alto da comunidade é péssima. Não tem linha de ônibus integrada que funcione de verdade. meu vizinho da frente, o Seu Jorge, que trabalha até tarde gasta uma fortuna com mototáxi pra conseguir chegar em casa na Travessa do Sol, área residencial, com segurança. Um absurdo essa falta de opção.",comunidade
480,"Falta saneamento básico e vergonha na cara das autoridades. próximo ao pequeno comércio da subida, tá cheio de esgoto vazando direto e as crianças brincam do lado da sujeira. uma vizinha nossa, a Dona Maria, tá com o filho internado no posto com infecção por causa disso. É desumano viver desse jeito sem rede de esgoto adequada nas vielas.",comunidade
481,"O esgoto correndo a céu aberto aqui na comunidade é uma humilhação diária. ontem de noite o cano estourou bem na localidade conhecida como Grota, e tá aquela lama podre passando na porta de casa. meu marido voltando do trabalho tá limpando tudo sozinho porque a prefeitura não manda ninguém da Cedae ou da Comlurb. Rato e barata tomando conta de tudo. E pra piorar tudo, as calçadas tão todas quebradas, um perigo de queda pros idosos.",favela
482,"A fiação elétrica aqui tá um perigo absurdo, um emaranhado de fios soltos e baixos passando na cabeça da gente. na subida da passarela de acesso,, os cabos tão quase tocando o chão das vielas. meu filho adolescente tem medo de um curto-circuito ou incêndio grave. A Light e a prefeitura precisam ordenar esse caos.",favela
483,"O acúmulo de lixo nas calçadas da Gávea tá atraindo muito bicho e barata. na curva perigosa perto da descida pra o São Conrado,, os sacos de lixo ficam amontoados porque a coleta tá passando fora do horário comercial. minha mãe idosa já viu ratazana enorme correndo perto dos pedestres. Uma falta de higiene terrível num bairro desses.",alto da gávea
484,"Morar aqui tá difícil por causa dos problemas crônicos de drenagem pluvial. na Rua Marquês de São Vicente, bem perto da PUC,, a água fica empossada por dias após qualquer temporal comum. uma senhora de idade que mora aqui perto reclama que o mau cheiro de esgoto invade os apartamentos do térreo. Cadê as obras de saneamento e escoamento prometidas pela prefeitura? E a iluminação dos postes sumiu nessa parte, virando um breu danado propício pra assaltos.",asfalto
485,"As calçadas aqui da Gávea tão completamente detonadas, cheias de buracos e pedras soltas. anteontem, um rapaz que estuda na PUC tropeçou e quase caiu feio bem nos arredores da Praça Santos Dumont, no Baixo Gávea,. As raízes das árvores estouraram o concreto e ninguém conserta. Idosos sofrem demais pra caminhar por aqui, cadê a conservação?",asfalto
486,"Na comunidade a gente sofre quando alguém passa mal. no último sábado de madrugada, um morador antigo aqui do beco teve uma crise forte e a ambulância do Samu se recusou a subir na Viela da Paz, subindo as escadas, alegando falta de segurança. Tivemos que carregar ele no braço até o asfalto. O posto de saúde também nunca tem remédio básico.",favela
487,"Falta de professores nas escolas da rede pública daqui é um problema crônico. O filho de minha irmã com o carrinho de bebê tá há semanas sem ter aula de matérias básicas porque não tem professor contratado pra substituir perto de na calçada da Rua Artur Araripe,. Um absurdo ver o ano letivo passando e os alunos prejudicados. Desse jeito o posto de saúde vai continuar lotado de gente doente com infecção.",asfalto
488,"A gente vive com medo de sair de casa à noite. Aqui perto de perto do mirante do Alto da Gávea,, os assaltos são constantes e violentos. já faz uns três dias teve correria perto do ponto de ônibus. É um trauma pro eu mesmo com pressa pro serviço e pra todo mundo que mora aqui no asfalto. Cadê o Segurança Presente que tanto prometeram?",alto da gávea
489,"A saúde aqui na região tá um caos absoluto. Fui levar um grupo de estudantes daqui no posto de saúde da Gávea logo cedo na segunda-feira e não tinha nenhum clínico de plantão. Uma fila imensa dobrava o quarteirão desde a madrugada e de manhã disseram que as senhas tinham acabado. É humilhante ver o trabalhador sofrendo assim.",alto da gávea
490,"A mobilidade urbana na Gávea tá caótica por causa do trânsito intenso e do estacionamento irregular de veículos. no cruzamento principal perto do posto de combustível,, os carros param em cima das calçadas e bloqueiam tudo, obrigando o pedestre a andar no meio da rua. minha filha mais nova que anda com idoso sofre demais com isso. Fora o transporte público que demora horas pra passar e nos deixa mofando no ponto com medo.",asfalto
491,"Nossos jovens tão sem perspectiva porque as escolas públicas da comunidade tão abandonadas. Falta professor de matemática e inglês direto. durante o temporal de ontem o filho de meu vizinho da frente, o Seu Jorge, ficou sem aula e voltou pra casa cedo. Sem educação de qualidade, como que as crianças da favela vão vencer na vida?",comunidade
492,"A gente vive com medo de sair de casa à noite. Aqui perto de nos arredores da Praça Santos Dumont, no Baixo Gávea,, os assaltos são constantes e violentos. no meio da semana passada teve correria perto do ponto de ônibus. É um trauma pro uma vizinha nossa, a Dona Maria, e pra todo mundo que mora aqui no asfalto. Cadê o Segurança Presente que tanto prometeram?",asfalto
493,"O esgoto correndo a céu aberto aqui na comunidade é uma humilhação diária. ontem de noite o cano estourou bem na Viela da Paz, subindo as escadas, e tá aquela lama podre passando na porta de casa. meu marido voltando do trabalho tá limpando tudo sozinho porque a prefeitura não manda ninguém da Cedae ou da Comlurb. Rato e barata tomando conta de tudo. A prefeitura diz na televisão que faz obra mas a verdade é que o descaso continua igual por aqui.",favela
494,"Falta de vaga em creche municipal aqui dentro da comunidade é um abssurdo que prejudica as mães. meu filho adolescente tá desempregada porque não tem com quem deixar o bebê, já que a creche perto de perto do valão de esgoto principal, tá superlotada e sem previsão de novas vagas. A prefeitura precisa expandir a rede.",favela
495,"O posto de saúde tá sempre lotado e faltam especialistas como pediatra e ginecologista. minha mãe idosa tá tentando marcar uma consulta há mais de quatro meses e nada. na última terça-feira disseram que o sistema do Sisreg caiu. É uma falta de respeito enorme com quem mora na comunidade.",favela
496,"A especulação imobiliária tá destruindo a identidade do bairro residencial. Estão derrubando casas históricas perto de na Rua Vice-Governador Rubens Berardo, pra construir prédios enormes de luxo. uma senhora de idade que mora aqui perto acha um absurdo essa verticalização sem planejamento, que sobrecarrega o esgoto, a água e o trânsito local. É uma falta de respeito tremenda com quem paga imposto caro todo mês e não vê retorno.",asfalto
497,"A saúde aqui na região tá um caos absoluto. Fui levar um rapaz que estuda na PUC no posto de saúde da Gávea anteontem e não tinha nenhum clínico de plantão. Uma fila imensa dobrava o quarteirão desde a madrugada e de manhã disseram que as senhas tinham acabado. É humilhante ver o trabalhador sofrendo assim.",asfalto
498,"Toda vez que cai uma chuva mais forte, as ruas da Gávea alagam por causa dos bueiros entupidos. no último sábado de madrugada, a água da chuva acumulou tanto na Rua Marquês de São Vicente, bem perto da PUC, que cobriu as calçadas e quase invadiu os comércios. um morador antigo aqui do beco teve o carro danificado. A Comlurb precisa limpar essas bocas de lobo urgente.",asfalto
499,"Falta iluminação nos becos mais internos da comunidade. Caminhar por aqui de noite é um desafio de sobrevivência porque tá tudo no escuro completo. no Beco do Rato, na parte mais alta,, os moradores vivem com medo de assalto e queda. minha irmã com o carrinho de bebê comprou lâmpada do próprio bolso pra colocar no beco. Até a escola da garotada fica prejudicada com essa buraqueira toda que impede o acesso.",favela
500,"Falta fiscalização e zelo com as calçadas e canteiros públicos da Gávea. Perto de em frente ao Shopping da Gávea,, jogam entulho e lixo direto no espaço público e ninguém multa. eu mesmo com pressa pro serviço acha um absurdo ver o bairro ficar com cara de abandonado enquanto o imposto cobrado é um dos mais caros do Rio.",asfalto
501,"O custo de moradia na Gávea virou uma loucura completa e inacessível. Os aluguéis tão num valor abusivo por causa da especulação imobiliária. um grupo de estudantes daqui mora aqui há mais de dez anos perto de no trecho mais alto e escuro da via, e agora tá sendo obrigado a se mudar porque não aguenta mais pagar tão caro por um espaço pequeno.",alto da gávea
502,"Aqui nas vielas a segurança pública é quase nenhuma, só lembram da gente pra fazer operação violenta. nas proximidades do posto de saúde da Gávea, tá perigoso de andar de noite por falta de luz nos postes. minha filha mais nova já ouviu relato de assalto nos becos escuros. Queremos paz e policiamento comunitário de verdade. Nem o Parque da Cidade escapa desse abandono generalizado que tomou conta do nosso bairro.",comunidade
503,"O acúmulo de lixo nas calçadas da Gávea tá atraindo muito bicho e barata. na Rua Vice-Governador Rubens Berardo,, os sacos de lixo ficam amontoados porque a coleta tá passando fora do horário comercial. meu vizinho da frente, o Seu Jorge, já viu ratazana enorme correndo perto dos pedestres. Uma falta de higiene terrível num bairro desses.",asfalto
504,"A quadra de esportes da favela tá abandonada há anos, sem iluminação, com o piso todo rachado e a tela de proteção rasgada. no meio da semana passada um jovem se machucou jogando bola perto de perto do ponto final das vans lá em cima,. uma vizinha nossa, a Dona Maria, pede socorro pra secretaria de esportes reformar o local pros nossos jovens saírem da rua.",favela
505,"A situação do CIEP aqui da comunidade tá de dar pena. Prédio precisando de reforma urgente, salas quentes demais e falta de manutenção nos banheiros. meu marido voltando do trabalho estuda lá e conta que faltam livros didáticos básicos. ontem de noite cancelaram a aula mais cedo por falta de água no colégio perto de nas vielas apertadas perto do CIEP,. E pra piorar tudo, as calçadas tão todas quebradas, um perigo de queda pros idosos.",favela
506,"A coleta de lixo aqui dentro não funciona direito e o povo acaba jogando os sacos nas encostas ou perto de no Beco do Rato, na parte mais alta,. na semana passada acumulou tanta sujeira que tampou a passagem do beco. meu filho adolescente se preocupa com as doenças, o valão tá transbordando e ninguém limpa essa imundície.",favela
507,"Morar perto do valão é um sofrimento sem fim que ninguém merece. na Travessa do Sol, área residencial,, o cheiro é de morte o dia todo e quando chove a água podre invade os becos e entra nas casas. minha mãe idosa perdeu os móveis na última enchente. Precisamos de saneamento básico, saneamento é dignidade humana!",comunidade
508,"O entorno do CIEP tá largado ao abandonono total. perto do valão de esgoto principal,, o mato tá alto atraindo bicho e falta iluminação na passarela de acesso dos alunos. uma senhora de idade que mora aqui perto morador antigo diz que de noite o lugar fica perigoso demais, propício pra assalto. Precisamos de melhorias e segurança pra comunidade escolar. E a iluminação dos postes sumiu nessa parte, virando um breu danado propício pra assaltos.",favela
509,"A saúde aqui na região tá um caos absoluto. Fui levar um rapaz que estuda na PUC no posto de saúde da Gávea anteontem e não tinha nenhum clínico de plantão. Uma fila imensa dobrava o quarteirão desde a madrugada e de manhã disseram que as senhas tinham acabado. É humilhante ver o trabalhador sofrendo assim.",asfalto
510,"Toda vez que cai uma chuva mais forte, as ruas da Gávea alagam por causa dos bueiros entupidos. no último sábado de madrugada, a água da chuva acumulou tanto na Rua Vice-Governador Rubens Berardo, que cobriu as calçadas e quase invadiu os comércios. um morador antigo aqui do beco teve o carro danificado. A Comlurb precisa limpar essas bocas de lobo urgente.",asfalto
511,"A subprefeitura da Zona Sul não bota os pés aqui dentro da comunidade pra ver nossa realidade. Ignoram o esgoto, a falta de luz nas vielas e o perigo nas encostas perto de no beco que dá acesso à quadra de esporte,. minha irmã com o carrinho de bebê diz que o morador tá abandonado e tem que resolver tudo por conta própria através de mutirão. Desse jeito o posto de saúde vai continuar lotado de gente doente com infecção.",comunidade
512,"A gente vive no meio do fogo cruzado e ninguém faz nada por nós. já faz uns três dias teve tiroteio perto do CIEP e eu mesmo com pressa pro serviço teve que correr pra se proteger dentro do beco. As crianças ficam traumatizadas e perdem aula direta. Segurança pra nós da comunidade é artigo de luxo pelo visto.",favela
513,"O transporte público aqui na Gávea tá uma vergonha completa. As linhas de ônibus demoram horas pra passar e vêm superlotadas. logo cedo na segunda-feira, um grupo de estudantes daqui mofou no ponto esperando o ônibus nos arredores da Praça Santos Dumont, no Baixo Gávea, pra ir trabalhar e acabou chegando atrasado. Cadê a fiscalização com as empresas de ônibus?",asfalto
514,"O posto de saúde da Gávea tá sem o mínimo de estrutura pra atender o bairro. minha filha mais nova precisava de remédio de uso contínuo pra pressão e disseram que tá em falta na farmácia do posto faz dois meses. Pra marcar um exame simples pelo Sisreg é uma novela que demora quase um ano, descaso total. Fora o transporte público que demora horas pra passar e nos deixa mofando no ponto com medo.",asfalto
515,"Prometeram regularização fundiária pra nossa comunidade há anos, disseram que a gente ia ter o documento da casa própria, mas ficou só na promessa vazia. meu vizinho da frente, o Seu Jorge, investiu o dinheiro da vida toda construindo sua moradia perto de perto do valão de esgoto principal, e vive com a insegurança de ser despejado.",favela
516,"A gente vive no meio do fogo cruzado e ninguém faz nada por nós. no meio da semana passada teve tiroteio perto do CIEP e uma vizinha nossa, a Dona Maria, teve que correr pra se proteger dentro do beco. As crianças ficam traumatizadas e perdem aula direta. Segurança pra nós da comunidade é artigo de luxo pelo visto.",favela
517,"O custo de moradia na Gávea virou uma loucura completa e inacessível. Os aluguéis tão num valor abusivo por causa da especulação imobiliária. meu marido voltando do trabalho mora aqui há mais de dez anos perto de na Rua Vice-Governador Rubens Berardo, e agora tá sendo obrigado a se mudar porque não aguenta mais pagar tão caro por um espaço pequeno. A prefeitura diz na televisão que faz obra mas a verdade é que o descaso continua igual por aqui.",asfalto
518,"Falta de vaga em creche municipal aqui dentro da comunidade é um absurdo que prejudica as mães. meu filho adolescente tá desempregada porque não tem com quem deixar o bebê, já que a creche perto de perto do ponto final das vans lá em cima, tá superlotada e sem previsão de novas vagas. A prefeitura precisa expandir a rede.",favela
519,"Olha, a situação da segurança tá caótica na Gávea. na Rua Marquês de São Vicente, bem perto da PUC, virou ponto fixo de bandido assaltando quem sai do trabalho ou da faculdade. na última terça-feira teve mais um roubo de celular violento. minha mãe idosa tentou acionar os policiais mas a viatura demorou uma eternidade pra chegar.",asfalto
520,"O entorno do CIEP tá largado ao abandonono total. no Beco do Rato, na parte mais alta,, o mato tá alto atraindo bixo e falta iluminação na passarela de acesso dos alunos. uma senhora de idade que mora aqui perto morador antigo diz que de noite o lugar fica perigoso demais, propício pra assalto. Precisamos de melhorias e segurança pra comunidade escolar. É uma falta de respeito tremenda com quem paga imposto caro todo mês e não vê retorno.",favela
521,"O esgoto correndo a céu aberto aqui na comunidade é uma humilhação diária. anteontem o cano estourou bem na Travessa do Sol, área residencial, e tá aquela lama podre passando na porta de casa. um rapaz que estuda na PUC tá limpando tudo sozinho porque a prefeitura não manda ninguém da Cedae ou da Comlurb. Rato e barata tomando conta de tudo.",comunidade
522,"A coleta de lixo aqui dentro não funciona direito e o povo acaba jogando os sacos nas encostas ou perto de próximo ao pequeno comércio da subida,. no último sábado de madrugada acumulou tanta sujeira que tampou a passagem do beco. um morador antigo aqui do beco se preocupa com as doenças, o valão tá transbordando e ninguém limpa essa imundície.",comunidade
523,"O descaso com as áreas verdes no entorno de perto do mirante do Alto da Gávea, é visível e perigoso. As árvores de grande porte não são podadas há meses, os galhos cobrem os postes de luz e ameaçam cair na fiação. minha irmã com o carrinho de bebê já ligou pro 1746 várias vezes e a Fundação Parques e Jardins não aparece. Até a escola da garotada fica prejudicada com essa buraqueira toda que impede o acesso.",alto da gávea
524,"Falta planejamento e manutenção da infraestrutura urbana na Gávea. No entorno de na Rua Vice-Governador Rubens Berardo,, as calçadas são estreitas, quebradas e cheias de obstáculos, fora a fiação aérea pesada que parece que vai cair. eu mesmo com pressa pro serviço que anda por aqui todo dia vê o completo abandono do asfalto.",asfalto
525,"Falta área de lazer e esporte pras crianças e jovens aqui da comunidade. Não temos uma quadra poliesportiva reformada ou uma praça com brinquedos seguros. um grupo de estudantes daqui vê a garotada jogando bola no meio das vielas apertadas perto de perto do ponto final das vans lá em cima, correndo risco de atropelamento por falta de opção.",favela
526,"Aqui nas vielas a segurança pública é quase nenhuma, só lembram da gente pra fazer operação violenta. nas vielas apertadas perto do CIEP, tá perigoso de andar de noite por falta de luz nos postes. minha filha mais nova já ouviu relato de assalto nos becos escuros. Queremos paz e policiamento comunitário de verdade. Nem o Parque da Cidade escapa desse abandono generalizado que tomou conta do nosso bairro.",favela
527,"Olha, a situação da segurança tá caótica na Gávea. perto da entrada do Parque da Cidade, virou ponto fixo de bandido assaltando quem sai do trabalho ou da faculdade. durante o temporal de ontem teve mais um roubo de celular violento. meu vizinho da frente, o Seu Jorge, tentou acionar os policiais mas a viatura demorou uma eternidade pra chegar.",alto da gávea
528,"O trânsito nos horários de pico perto de em frente ao Shopping da Gávea, é insuportável, principalmente por causa da saída das escolas particulares e da faculdade. Faltam guardas municipais pra ordenar o fluxo de veículos e orientar as travessias. uma vizinha nossa, a Dona Maria, perde um tempo absurdo engarrafado todo dia.",asfalto
529,"A situação da segurança aqui dentro tá muito complicada e tensa. ontem de noite teve operação e correria bem perto do valão de esgoto principal,, deixando os moradores apavorados dentro de casa. meu marido voltando do trabalho ficou preso sem conseguir descer pro trabalho. Falta uma política de segurança que respeite quem mora aqui na favela. E pra piorar tudo, as calçadas tão todas quebradas, um perigo de queda pros idosos.",favela
530,"A mobilidade urbana na Gávea tá caótica por causa do trânsito intenso e do estacionamento irregular de veículos. perto do mirante do Alto da Gávea,, os carros param em cima das calçadas e bloqueiam tudo, obrigando o pedestre a andar no meio da rua. meu filho adolescente que anda com idoso sofre demais com isso.",alto da gávea
531,"O acúmulo de lixo nas calçadas da Gávea tá atraindo muito bicho e barata. nas imediações das mansões residenciais,, os sacos de lixo ficam amontoados porque a coleta tá passando fora do horário comercial. minha mãe idosa já viu ratazana enorme correndo perto dos pedestres. Uma falta de higiene terrível num bairro desses.",alto da gávea
532,"O trânsito nos horários de pico perto de no cruzamento principal perto do posto de combustível, é insuportável, principalmente por causa da saída das escolas particulares e da faculdade. Faltam guardas municipais pra ordenar o fluxo de veículos e orientar as travessias. uma senhora de idade que mora aqui perto perde um tempo absurdo engarrafado todo dia. E a iluminação dos postes sumiu nessa parte, virando um breu danado propício pra assaltos.",asfalto
533,"A situação da segurança aqui dentro tá muito complicada e tensa. anteontem teve operação e correria bem na escadaria principal da comunidade,, deixando os moradores apavorados dentro de casa. um rapaz que estuda na PUC ficou preso sem conseguir descer pro trabalho. Falta uma política de segurança que respeite quem mora aqui na favela.",comunidade
534,"Muitas famílias aqui na comunidade vivem em condições habitacionais muito precárias, em barracos com muita umidade e infiltração perigosa. um morador antigo aqui do beco mora num cômodo pequeno onde chove mais dentro do que fora perto de perto da associação de moradores,. Precisamos de programas sociais de melhoria habitacional.",comunidade
535,"Morar perto do valão é um sofrimento sem fim que ninguém merece. na Viela da Paz, subindo as escadas,, o cheiro é de morte o dia todo e quando chove a água podre invade os becos e entra nas casas. minha irmã com o carrinho de bebê perdeu os móveis na última enchente. Precisamos de saneamento básico, saneamento é dignidade humana! Desse jeito o posto de saúde vai continuar lotado de gente doente com infecção.",favela
536,"Morar aqui tá difícil por causa dos problemas crônicos de drenagem pluvial. no trecho mais alto e escuro da via,, a água fica empossada por dias após qualquer temporal comum. eu mesmo com pressa pro serviço reclama que o mau cheiro de esgoto invade os apartamentos do térreo. Cadê as obras de saneamento e escoamento prometidas pela prefeitura?",alto da gávea
537,"O esgoto correndo a céu aberto aqui na comunidade é uma humilhação diária. logo cedo na segunda-feira o cano estourou bem nas proximidades do posto de saúde da Gávea, e tá aquela lama podre passando na porta de casa. um grupo de estudantes daqui tá limpando tudo sozinho porque a prefeitura não manda ninguém da Cedae ou da Comlurb. Rato e barata tomando conta de tudo.",comunidade
538,"Há um descaso imenso com a fiscalização de obras residenciais na nossa região. na Rua Vice-Governador Rubens Berardo,, tão fazendo construções que parecem irregulares e tão afetando a estrutura das casas vizinhas e gerando rachaduras. minha filha mais nova já denunciou na prefeitura mas ninguém vem embargar a obra. Fora o transporte público que demora horas pra passar e nos deixa mofando no ponto com medo.",asfalto
539,"O acúmulo de lixo nas calçada da Gávea tá atraindo muito bicho e barata. no cruzamento principal perto do posto de combustível,, os sacos de lixo ficam amontoados porque a coleta tá passando fora do horário comercial. meu vizinho da frente, o Seu Jorge, já viu ratazana enorme correndo perto dos pedestres. Uma falta de higiene terrível num bairro desses.",asfalto
540,"A gente vive com medo de sair de casa à noite. Aqui perto de na subida da Estrada da Gávea,, os assaltos são constantes e violentos. no meio da semana passada teve correria perto do ponto de ônibus. É um trauma pro uma vizinha nossa, a Dona Maria, e pra todo mundo que mora aqui no asfalto. Cadê o Segurança Presente que tanto prometeram?",alto da gávea
541,"Depender de transporte aqui na comunidade é um teste de paciência. Os ônibus sumiram das linhas e demoram séculos. ontem de noite, meu marido voltando do trabalho esperou quase uma hora no ponto perto de no Beco do Rato, na parte mais alta, pra conseguir descer pro trabalho. A prefeitura precisa obrigar as empresas a cumprirem os horários. A prefeitura diz na televisão que faz obra mas a verdade é que o descaso continua igual por aqui.",favela
542,"Falta de vaga em creche municipal aqui dentro da comunidade é um absurdo que prejudica as mães. meu filho adolescente tá desempregada porque não tem com quem deixar o bebê, já que a creche perto de na Viela da Paz, subindo as escadas, tá superlotada e sem previsão de novas vagas. A prefeitura precisa expandir a rede.",favela
543,"Um absurdo a truculência nas abordagens policiais aqui na comunidade. na última terça-feira, minha mãe idosa foi parado voltando do serviço bem perto do valão de esgoto principal, e os policiais já chegaram esculachando, tratando como suspeito. A gente quer segurança, mas quer respeito também, porque trabalhador não é bandido.",favela
544,"A falta de segurança viária e policiamento no entorno das escolas preocupa muito. perto do Planetário da Gávea,, o trânsito é caótico na hora da saída dos alunos e os carros não respeitam a faixa. uma senhora de idade que mora aqui perto reclama que falta sinalização adequada e presença da guarda municipal pra proteger as crianças. É uma falta de respeito tremenda com quem paga imposto caro todo mês e não vê retorno.",asfalto
545,"O esgoto correndo a céu aberto aqui na comunidade é uma humilhação diária. anteontem o cano estourou bem na subida da passarela de acesso, e tá aquela lama podre passando na porta de casa. um rapaz que estuda na PUC tá limpando tudo sozinho porque a prefeitura não manda ninguém da Cedae ou da Comlurb. Rato e barata tomando conta de tudo.",favela
546,"A estrutura das poucas escolas públicas do bairro deixa a desejar. no último sábado de madrugada faltou luz e as crianças sofreram num calor insuportável porque o ar condicionado tá quebrado há meses na escola perto de no cruzamento principal perto do posto de combustível,. um morador antigo aqui do beco estuda lá e diz que até a merenda tá vindo fraca, puro descaso.",asfalto
547,"Nossos jovens tão sem perspectiva porque as escolas públicas da comunidade tão abandonadas. Falta professor de matemática e inglês direto. em plena luz do dia ontem o filho de minha irmã com o carrinho de bebê ficou sem aula e voltou pra casa cedo. Sem educação de qualidade, como que as crianças da favela vão vencer na vida? Até a escola da garotada fica prejudicada com essa buraqueira toda que impede o acesso.",favela
548,"A gente vive no meio do fogo cruzado e ninguém faz nada por nós. já faz uns três dias teve tiroteio perto do CIEP e eu mesmo com pressa pro serviço teve que correr pra se proteger dentro do beco. As crianças ficam traumatizadas e perdem aula direta. Segurança pra nós da comunidade é artigo de luxo pelo visto.",favela
549,"As escadarias e vielas da comunidade tão caindo aos pedaços de tão velhas. Os degraus tão todos quebrados e não tem um corrimão sequer, o que é um perigo imenso em dia de chuva. um grupo de estudantes daqui escorregou e machucou o braço logo cedo na segunda-feira subindo na Travessa do Sol, área residencial,. Precisamos de reformas urgentes.",comunidade
550,"O canal de atendimento 1746 virou uma piada de mau gosto e ineficiente. A gente abre protocolo sobre os problemas crônicos de conservação perto de no trecho mais alto e escuro da via,, eles deixam vencer o prazo e fecham o chamado como se estivesse resolvido sem fazer nada. minha filha mais nova se sente feito de palhaço pela gestão. Nem o Parque da Cidade escapa desse abandono generalizado que tomou conta do nosso bairro.",alto da gávea
551,"Muitos prédios antigos no asfalto tão sofrendo com a falta de manutenção externa e fiação velha, e a prefeitura não ajuda com nenhum tipo de incentivo. meu vizinho da frente, o Seu Jorge, comenta que morar na Gávea virou sinônimo de pagar IPTU absurdo pra não ter nenhum apoio habitacional ou urbanístico.",asfalto
552,"A gente vive com medo de sair de casa à noite. Aqui perto de na Rua Vice-Governador Rubens Berardo,, os assaltos são constantes e violentos. no meio da semana passada teve correria perto do ponto de ônibus. É um trauma pro uma vizinha nossa, a Dona Maria, e pra todo mundo que mora aqui no asfalto. Cadê o Segurança Presente que tanto prometeram?",asfalto
553,"As calçadas aqui da Gávea tão completamente detonadas, cheias de buracos e pedras soltas. ontem de noite, meu marido voltando do trabalho tropeçou e quase caiu feio bem no cruzamento principal perto do posto de combustível,. As raízes das árvores estouraram o concreto e ninguém conserta. Idosos sofrem demais pra caminhar por aqui, cadê a conservação? E pra piorar tudo, as calçadas tão todas quebradas, um perigo de queda pros idosos.",asfalto
554,"A coleta de lixo aqui dentro não funciona direito e o povo acaba jogando os sacos nas encostas ou perto de na escadaria principal da comunidade,. na semana passada acumulou tanta sujeira que tampou a passagem do beco. meu filho adolescente se preocupa com as doenças, o valão tá transbordando e ninguém limpa essa imundície.",comunidade
555,"A mobilidade pra quem mora no alto da comunidade é péssima. Não tem linha de ônibus integrada que funcione de verdade. minha mãe idosa que trabalha até tarde gasta uma fortuna com mototáxi pra conseguir chegar em casa no Beco do Rato, na parte mais alta, com segurança. Um absurdo essa falta de opção.",favela
556,"Falta saneamento básico e vergonha na cara das autoridades. na Viela da Paz, subindo as escadas, tá cheio de esgoto vazando direto e as crianças brincam do lado da sujeira. uma senhora de idade que mora aqui perto tá com o filho internado no posto com infecção por causa disso. É desumano viver desse jeito sem rede de esgoto adequada nas vielas. E a iluminação dos postes sumiu nessa parte, virando um breu danado propício pra assaltos.",favela
557,"O esgoto correndo a céu aberto aqui na comunidade é uma humilhação diária. anteontem o cano estourou bem perto do valão de esgoto principal, e tá aquela lama podre passando na porta de casa. um rapaz que estuda na PUC tá limpando tudo sozinho porque a prefeitura não manda ninguém da Cedae ou da Comlurb. Rato e barata tomando conta de tudo.",favela
558,"Na comunidade a gente sofre quando alguém passa mal. no último sábado de madrugada, um morador antigo aqui do beco teve uma crise forte e a ambulância do Samu se recusou a subir nas proximidades do posto de saúde da Gávea, alegando falta de segurança. Tivemos que carregar ele no braço até o asfalto. O posto de saúde também nunca tem remédio básico.",comunidade
559,"A subprefeitura da Zona Sul não bota os pés aqui dentro da comunidade pra ver nossa realidade. Ignoram o esgoto, a falta de luz nas vielas e o perigo nas encostas perto de na subida da passarela de acesso,. minha irmã com o carrinho de bebê diz que o morador tá abandonado e tem que resolver tudo por conta própria através de mutirão. Desse jeito o posto de saúde vai continuar lotado de gente doente com infecção.",favela
560,"Falta saneamento básico e vergonha na cara das autoridades. perto do ponto final das vans lá em cima, tá cheio de esgoto vazando direto e as crianças brincam do lado da sujeira. eu mesmo com pressa pro serviço tá com o filho internado no posto com infecção por causa disso. É desumano viver desse jeito sem rede de esgoto adequada nas vielas.",favela
561,"As escadarias e vielas da comunidade tão caindo aos pedaços de tão velhas. Os degraus tão todos quebrados e não tem um corrimão sequer, o que é um perigo imenso em dia de chuva. um grupo de estudantes daqui escorregou e machucou o braço logo cedo na segunda-feira subindo na escadaria principal da comunidade,. Precisamos de reformas urgentes.",comunidade
562,"O canal de atendimento 1746 virou uma piada de mau gosto e ineficiente. A gente abre protocolo sobre os problemas crônicos de conservação perto de perto da entrada do Parque da Cidade,, eles deixam vencer o prazo e fecham o chamado como se estivesse resolvido sem fazer nada. minha filha mais nova se sente feito de palhaço pela gestão. Fora o transporte público que demora horas pra passar e nos deixa mofando no ponto com medo.",alto da gávea
563,"Morar perto do valão é um sofrimento sem fim que ninguém merece. na Viela da Paz, subindo as escadas,, o cheiro é de morte o dia todo e quando chove a água podre invade os becos e entra nas casas. meu vizinho da frente, o Seu Jorge, perdeu os móveis na última enchente. Precisamos de saneamento básico, saneamento é dignidade humana!",favela
564,"Os pontos de ônibus perto de próximo ao pequeno comércio da subida, tão abandonados, sem cobertura nenhuma contra chuva ou sol e totalmente escuros de noite. uma vizinha nossa, a Dona Maria, fica exposto ao perigo e ao tempo esperando condução que nunca passa no horário certo. Transporte de qualidade é um direito nosso.",comunidade
565,"Depender de transporte aqui na comunidade é um teste de paciência. Os ônibus sumiram das linhas e demoram séculos. ontem de noite, meu marido voltando do trabalho esperou quase uma hora no ponto perto de nas proximidades do posto de saúde da Gávea, pra conseguir descer pro trabalho. A prefeitura precisa obrigar as empresas a cumprirem os horários. A prefeitura diz na televisão que faz obra mas a verdade é que o descaso continua igual por aqui.",comunidade
566,"A insegurança aqui tá um absurdo total. Ninguém consegue mais andar tranquilo nas imediações das mansões residenciais, depois das sete da noite porque o policiamento preventivo sumiu. meu filho adolescente já cansou de ver assalto perto dos prédios. Precisamos de patrulhamento urgente e iluminação de verdade pra afastar esses criminosos.",alto da gávea
567,"As vans e ônibus que circulam pelo bairro andam em velocidade absurda e perigosa. minha mãe idosa pegou uma condução dessas na última terça-feira perto de no cruzamento principal perto do posto de combustível, e ficou apavorado com a imprudência. Precisamos de fiscalização rigorosa da guarda municipal e mais linhas de ônibus regulares.",asfalto
568,"A Defesa Civil veio aqui esses dias atrás, interditou algumas casas rachadas perto de nas vielas apertadas perto do CIEP, por risco iminente de desabamento, mas não dão nenhuma solução real ou auxílio. O aluguel social é uma miséria. uma senhora de idade que mora aqui perto tá desesperado sem saber pra onde levar a família e os filhos. É uma falta de respeito tremenda com quem paga imposto caro todo mês e não vê retorno.",favela
569,"A saúde aqui na região tá um caos absoluto. Fui levar um rapaz que estuda na PUC no posto de saúde da Gávea anteontem e não tinha nenhum clínico de plantão. Uma fila imensa dobrava o quarteirão desde a madrugada e de manhã disseram que as senhas tinham acabado. É humilhante ver o trabalhador sofrendo assim.",asfalto
570,"A fiação elétrica aqui tá um perigo absurdo, um emaranhado de fios soltos e baixos passando na cabeça da gente. na Viela da Paz, subindo as escadas,, os cabos tão quase tocando o chão das vielas. um morador antigo aqui do beco tem medo de um curto-circuito ou incêndio grave. A Light e a prefeitura precisam ordenar esse caos.",favela
571,"Morar perto do valão é um sofrimento sem fim que ninguém merece. perto do valão de esgoto principal,, o cheiro é de morte o dia todo e quando chove a água podre invade os becos e entra nas casas. minha irmã com o carrinho de bebê perdeu os móveis na última enchente. Precisamos de saneamento básico, saneamento é dignidade humana! Até a escola da garotada fica prejudicada com essa buraqueira toda que impede o acesso.",favela
572,"Falta fiscalização dos serviços públicos que deveriam atender a comunidade. Fazem promessas em reuniões na associação de moradores perto de na localidade conhecida como Grota,, mas as obras nunca começam ou param na metade por falta de verba. eu mesmo com pressa pro serviço exige auditoria e transparência nas contas da prefeitura pro nosso morro.",favela
573,"A saúde aqui na região tá um caos absoluto. Fui levar um grupo de estudantes daqui no posto de saúde da Gávea logo cedo na segunda-feira e não tinha nenhum clínico de plantão. Uma fila imensa dobrava o quarteirão desde a madrugada e de manhã disseram que as senhas tinham acabado. É humilhante ver o trabalhador sofrendo assim.",alto da gávea
574,"Aqui nas vielas a segurança pública é quase nenhuma, só lembram da gente pra fazer operação violenta. no beco que dá acesso à quadra de esporte, tá perigoso de andar de noite por falta de luz nos postes. minha filha mais nova já ouviu relato de assalto nos becos escuros. Queremos paz e policiamento comunitário de verdade. Nem o Parque da Cidade escapa desse abandono generalizado que tomou conta do nosso bairro.",comunidade
575,"Falta iluminação nos becos mais internos da comunidade. Caminhar por aqui de noite é um desafio de sobrevivência porque tá tudo no escuro completo. nas vielas apertadas perto do CIEP,, os moradores vivem com medo de assalto e queda. meu vizinho da frente, o Seu Jorge, comprou lâmpada do próprio bolso pra colocar no beco.",favela
576,"Os pontos de ônibus perto de no Beco do Rato, na parte mais alta, tão abandonados, sem cobertura nenhuma contra chuva ou sol e totalmente escuros de noite. uma vizinha nossa, a Dona Maria, fica exposto ao perigo e ao tempo esperando condução que nunca passa no horário certo. Transporte de qualidade é um direito nosso.",favela
577,"O custo de moradia na Gávea virou uma loucura completa e inacessível. Os aluguéis tão num valor abusivo por causa da especulação imobiliária. meu marido voltando do trabalho mora aqui há mais de dez anos perto de na Rua Engenheiro Álvaro Niemeyer, e agora tá sendo obrigado a se mudar porque não aguenta mais pagar tão caro por um espaço pequeno. E pra piorar tudo, as calçadas tão todas quebradas, um perigo de queda pros idosos.",alto da gávea
578,"Falta de vaga em creche municipal aqui dentro da comunidade é um absurdo que prejudica as mães. meu filho adolescente tá desempregada porque não tem com quem deixar o bebê, já que a creche perto de perto do valão de esgoto principal, tá superlotada e sem previsão de novas vagas. A prefeitura precisa expandir a rede.",favela
579,"O posto de saúde tá sempre lotado e faltam especialistas como pediatra e ginecologista. minha mãe idosa tá tentando marcar uma consulta há mais de quatro meses e nada. na última terça-feira disseram que o sistema do Sisreg caiu. É uma falta de respeito enorme com quem mora na comunidade.",favela
580,"A quadra de esportes da favela tá abandonada há anos, sem iluminação, com o piso todo rachado e a tela de proteção rasgada. esses dias atrás um jovem se machucou jogando bola perto de na subida da passarela de acesso,. uma senhora de idade que mora aqui perto pede socorro pra secretaria de esportes reformar o local pros nossos jovens saírem da rua. E a iluminação dos postes sumiu nessa parte, virando um breu danado propício pra assaltos.",favela
581,"Não dá mais pra aguentar a falta de segurança. anteontem, um rapaz que estuda na PUC foi abordado por dois caras de moto bem na curva perigosa perto da descida pra o São Conrado,. Levaram o celular e a carteira, deixando todo mundo assustado. A polícia sumiu da região, ficamos desprotegidos. É uma revolta ver o bairro abandonado assim, parece que a prefeitura esqueceu da gente.",alto da gávea
582,"Aqui nas vielas a segurança pública é quase nenhuma, só lembram da gente pra fazer operação violenta. nas vielas apertadas perto do CIEP, tá perigoso de andar de noite por falta de luz nos postes. um morador antigo aqui do beco já ouviu relato de assalto nos becos escuros. Queremos paz e policiamento comunitário de verdade.",favela
583,"Um absurdo a truculência nas abordagens policiais aqui na comunidade. em plena luz do dia ontem, minha irmã com o carrinho de bebê foi parado voltando do serviço bem perto da associação de moradores, e os policial já chegaram esculachando, tratando como suspeito. A gente quer segurança, mas quer respeito também, porque trabalhador não é bandido. Desse jeito o posto de saúde vai continuar lotado de gente doente com infecção.",comunidade
584,"A gente vive no meio do fogo cruzado e ninguém faz nada por nós. já faz uns três dias teve tiroteio perto do CIEP e eu mesmo com pressa pro serviço teve que correr pra se proteger dentro do beco. As crianças ficam traumatizadas e perdem aula direta. Segurança pra nós da comunidade é artigo de luxo pelo visto.",favela
585,"Conseguir vaga na creche pública aqui na região é quase impossível, uma fila de espera eterna no sistema. Estou com um grupo de estudantes daqui sem estudar porque nunca tem vaga disponível nas creches perto de na calçada da Rua Artur Araripe,. As mães trabalhadoras precisam desse suporte urgente pra poder trabalhar em paz.",asfalto
586,"Muitas famílias aqui na comunidade vivem em condições habitacionais muito precárias, em barracos com muita umidade e infiltração perigosa. minha filha mais nova mora num cômodo pequeno onde chove mais dentro do que fora perto de nas proximidades do posto de saúde da Gávea,. Precisamos de programas sociais de melhoria habitacional. Fora o transporte público que demora horas pra passar e nos deixa mofando no ponto com medo.",comunidade
587,"Um absurdo completo o atendimento de saúde pública na nossa zona. durante o temporal de ontem, meu vizinho da frente, o Seu Jorge, passou muito mal com febre alta e ficamos horas esperando atendimento médico no posto da Gávea. Os profissionais trabalham sobrecarregados e faltam insumos básicos. A prefeitura precisa investir sério.",asfalto
588,"A gente vive no meio do fogo cruzado e ninguém faz nada por nós. no meio da semana passada teve tiroteio perto do CIEP e uma vizinha nossa, a Dona Maria, teve que correr pra se proteger dentro do beco. As crianças ficam traumatizadas e perdem aula direta. Segurança pra nós da comunidade é artigo de luxo pelo visto.",favela
589,"É uma pouca vergonha o estado das galerias de esgoto aqui. ontem de noite a tubulação começou a vazar bem na Rua Marquês de São Vicente, bem perto da PUC, e o mau cheiro tá insuportável na rua inteira. meu marido voltando do trabalho já ligou pro 1746 reclamando, mas ninguém aparece. Descaso total da prefeitura com o IPTU caro que a gente paga. A prefeitura diz na televisão que faz obra mas a verdade é que o descaso continua igual por aqui.",asfalto
590,"Toda vez que cai uma chuva mais forte, as ruas da Gávea alagam por causa dos bueiros entupidos. na semana passada, a água da chuva acumulou tanto perto da entrada do Parque da Cidade, que cobriu as calçadas e quase invadiu os comércios. meu filho adolescente teve o carro danificado. A Comlurb precisa limpar essas bocas de lobo urgente.",alto da gávea
591,"Os buracos na pista tão acabando com os carros dos moradores. em frente ao Shopping da Gávea, tem uma cratera aberta que tá causando acidentes graves. na última terça-feira um motoqueiro quase se acidentou feio. minha mãe idosa já abriu vários chamados no 1746 mas eles só jogam uma terra que sai na primeira chuvinha.",asfalto
592,"A gente vive com medo de sair de casa à noite. Aqui perto de na calçada da Rua Artur Araripe,, os assaltos são constantes e violentos. esses dias atrás teve correria perto do ponto de ônibus. É um trauma pro uma senhora de idade que mora aqui perto e pra todo mundo que mora aqui no asfalto. Cadê o Segurança Presente que tanto prometeram? É uma falta de respeito tremenda com quem paga imposto caro todo mês e não vê retorno.",asfalto
593,"Ir no posto de saúde da Gávea é passar nervoso. Fui levar um rapaz que estuda na PUC anteontem e o atendimento tava parado por falta de médico. A gente que mora no morro tem que descer de madrugada, pegar chuva na fila pra ouvir que não tem vaga. Saúde pública aqui tá largada às traças.",comunidade
594,"Há um descaso imenso com a fiscalização de obras residenciais na nossa região. na Rua Vice-Governador Rubens Berardo,, tão fazendo construções que parecem irregulares e tão afetando a estrutura das casas vizinhas e gerando rachaduras. um morador antigo aqui do beco já denunciou na prefeitura mas ninguém vem embargar a obra.",asfalto
595,"Olha, a situação da segurança tá caótica na Gávea. no cruzamento principal perto do posto de combustível, virou ponto fixo de bandido assaltando quem sai do trabalho ou da faculdade. em plena luz do dia ontem teve mais um roubo de celular violento. minha irmã com o carrinho de bebê tentou acionar os policiais mas a viatura demorou uma eternidade pra chegar. Até a escola da garotada fica prejudicada com essa buraqueira toda que impede o acesso.",asfalto
596,"A situação da saúde aqui tá precária demais. O posto da Gávea não dá conta de atender todo mundo da favela e do asfalto. eu mesmo com pressa pro serviço foi lá com suspeita de dengue já faz uns três dias e mandaram voltar pra casa e tomar paracetamol sem nem fazer exame de sangue. Uma vergonha esse descaso.",comunidade
597,"As calçadas aqui da Gávea tão completamente detonadas, cheias de buracos e pedras soltas. logo cedo na segunda-feira, um grupo de estudantes daqui tropeçou e quase caiu feio bem nos arredores da Praça Santos Dumont, no Baixo Gávea,. As raízes das árvores estouraram o concreto e ninguém conserta. Idosos sofrem demais pra caminhar por aqui, cadê a conservação?",asfalto
598,"A coleta de lixo aqui dentro não funciona direito e o povo acaba jogando os sacos nas encostas ou perto de na Viela da Paz, subindo as escadas,. no final da tarde de quinta acumulou tanta sujeira que tampou a passagem do beco. minha filha mais nova se preocupa com as doenças, o valão tá transbordando e ninguém limpa essa imundície. Nem o Parque da Cidade escapa desse abandono generalizado que tomou conta do nosso bairro.",favela
599,"Morar perto do valão é um sofrimento sem fim que ninguém merece. perto do valão de esgoto principal,, o cheiro é de morte o dia todo e quando chove a água podre invade os becos e entra nas casas. meu vizinho da frente, o Seu Jorge, perdeu os móveis na última enchente. Precisamos de saneamento básico, saneamento é dignidade humana!",favela
600,"A Gávea paga impostos e taxas altíssimas, como um IPTU absurdo, mas o retorno em serviços públicos de qualidade é quase zero. uma vizinha nossa, a Dona Maria, desabafa que as autoridades não fiscalizam as irregularidades urbanas e deixam o bairro abandonado à própria sorte. Precisamos de gestão de verdade.",asfalto
601,"Não dá mais pra aguentar a falta de segurança. ontem de noite, meu marido voltando do trabalho foi abordado por dois caras de moto bem nas imediações das mansões residenciais,. Levaram o celular e a carteira, deixando todo mundo assustado. A polícia sumiu da região, ficamos desprotegidos. É uma revolta ver o bairro abandonado assim, parece que a prefeitura esqueceu da gente. E pra piorar tudo, as calçadas tão todas quebradas, um perigo de queda pros idosos.",alto da gávea
602,"A fiação elétrica aqui tá um perigo absurdo, um emaranhado de fios soltos e baixos passando na cabeça da gente. perto do ponto final das vans lá em cima,, os cabos tão quase tocando o chão das vielas. meu filho adolescente tem medo de um curto-circuito ou incêndio grave. A Light e a prefeitura precisam ordenar esse caos.",favela
603,"A subprefeitura da Zona Sul não bota os pés aqui dentro da comunidade pra ver nossa realidade. Ignoram o esgoto, a falta de luz nas vielas e o perigo nas encostas perto de nas vielas apertadas perto do CIEP,. minha mãe idosa diz que o morador tá abandonado e tem que resolver tudo por conta própria através de mutirão.",favela
604,"O trânsito nos horários de pico perto de perto da entrada do Parque da Cidade, é insuportável, principalmente por causa da saída das escolas particulares e da faculdade. Faltam guardas municipais pra ordenar o fluxo de veículos e orientar as travessias. uma senhora de idade que mora aqui perto perde um tempo absurdo engarrafado todo dia. E a iluminação dos postes sumiu nessa parte, virando um breu danado propício pra assaltos.",alto da gávea
605,"A saúde aqui na região tá um caos absoluto. Fui levar um rapaz que estuda na PUC no posto de saúde da Gávea anteontem e não tinha nenhum clínico de plantão. Uma fila imensa dobrava o quarteirão desde a madrugada e de manhã disseram que as senhas tinham acabado. É humilhante ver o trabalhador sofrendo assim.",asfalto
606,"A fiação elétrica aqui tá um perigo absurdo, um emaranhado de fios soltos e baixos passando na cabeça da gente. perto do valão de esgoto principal,, os cabos tão quase tocando o chão das vielas. um morador antigo aqui do beco tem medo de um curto-circuito ou incêndio grave. A Light e a prefeitura precisam ordenar esse caos.",favela
607,"Falta iluminação nos becos mais internos da comunidade. Caminhar por aqui de noite é um desafio de sobrevivência porque tá tudo no escuro completo. na localidade conhecida como Grota,, os moradores vivem com medo de assalto e queda. minha irmã com o carrinho de bebê comprou lâmpada do próprio bolso pra colocar no beco. Desse jeito o posto de saúde vai continuar lotado de gente doente com infecção.",favela
608,"Falta planejamento e manutenção da infraestrutura urbana na Gávea. No entorno de nas imediações das mansões residenciais,, as calçadas são estreitas, quebradas e cheias de obstáculos, fora a fiação aérea pesada que parece que vai cair. eu mesmo com pressa pro serviço que anda por aqui todo dia vê o completo abandono do asfalto.",alto da gávea
609,"A saúde aqui na região tá um caos absoluto. Fui levar um grupo de estudantes daqui no posto de saúde da Gávea logo cedo na segunda-feira e não tinha nenhum clínico de plantão. Uma fila imensa dobrava o quarteirão desde a madrugada e de manhã disseram que as senhas tinham acabado. É humilhante ver o trabalhador sofrendo assim.",alto da gávea
610,"A coleta de lixo aqui dentro não funciona direito e o povo acaba jogando os sacos nas encostas ou perto de nas vielas apertadas perto do CIEP,. no final da tarde de quinta acumulou tanta sujeira que tampou a passagem do beco. minha filha mais nova se preocupa com as doenças, o valão tá transbordando e ninguém limpa essa imundície. Fora o transporte público que demora horas pra passar e nos deixa mofando no ponto com medo.",favela
611,"Olha, a situação da segurança tá caótica na Gávea. nos arredores da Praça Santos Dumont, no Baixo Gávea, virou ponto fixo de bandido assaltando quem sai do trabalho ou da faculdade. durante o temporal de ontem teve mais um roubo de celular violento. meu vizinho da frente, o Seu Jorge, tentou acionar os policiais mas a viatura demorou uma eternidade pra chegar.",asfalto
612,"A gente vive no meio do fogo cruzado e ninguém faz nada por nós. no meio da semana passada teve tiroteio perto do CIEP e uma vizinha nossa, a Dona Maria, teve que correr pra se proteger dentro do beco. As crianças ficam traumatizadas e perdem aula direta. Segurança pra nós da comunidade é artigo de luxo pelo visto.",favela
613,"Falta área de lazer e esporte pras crianças e jovens aqui da comunidade. Não temos uma quadra poliesportiva reformada ou uma praça com brinquedos seguros. meu marido voltando do trabalho vê a garotada jogando bola no meio das vielas apertadas perto de perto do valão de esgoto principal, correndo risco de atropelamento por falta de opção. A prefeitura diz na televisão que faz obra mas a verdade é que o descaso continua igual por aqui.",favela
614,"O canal de atendimento 1746 virou uma piada de mau gosto e ineficiente. A gente abre protocolo sobre os problemas crônicos de conservação perto de perto do mirante do Alto da Gávea,, eles deixam vencer o prazo e fecham o chamado como se estivesse resolvido sem fazer nada. meu filho adolescente se sente feito de palhaço pela gestão.",alto da gávea
615,"As vans e ônibus que circulam pelo bairro andam em velocidade absurda e perigosa. minha mãe idosa pegou uma condução dessas na última terça-feira perto de na Rua Vice-Governador Rubens Berardo, e ficou apavorado com a imprudência. Precisamos de fiscalização rigorosa da guarda municipal e mais linhas de ônibus regulares.",asfalto
616,"Falta planejamento e manutenção da infraestrutura urbana na Gávea. No entorno de no cruzamento principal perto do posto de combustível,, as calçada são estreitas, quebradas e cheias de obstáculos, fora a fiação aérea pesada que parece que vai cair. uma senhora de idade que mora aqui perto que anda por aqui todo dia vê o completo abandono do asfalto. É uma falta de respeito tremenda com quem paga imposto caro todo mês e não vê retorno.",asfalto
617,"Ir no posto de saúde da Gávea é passar nervoso. Fui levar um rapaz que estuda na PUC anteontem e o atendimento tava parado por falta de médico. A gente que mora no morro tem que descer de madrugada, pegar chuva na fila pra ouvir que não tem vaga. Saúde pública aqui tá largada às traças.",comunidade
618,"Toda vez que cai uma chuva mais forte, as ruas da Gávea alagam por causa dos bueiros entupidos. no último sábado de madrugada, a água da chuva acumulou tanto perto da entrada do Parque da Cidade, que cobriu as calçadas e quase invadiu os comércios. um morador antigo aqui do beco teve o carro danificado. A Comlurb precisa limpar essas bocas de lobo urgente.",alto da gávea
619,"Um absurdo a truculência nas abordagens policiais aqui na comunidade. em plena luz do dia ontem, minha irmã com o carrinho de bebê foi parado voltando do serviço bem na Viela da Paz, subindo as escadas, e os policiais já chegaram esculachando, tratando como suspeito. A gente quer segurança, mas quer respeito também, porque trabalhador não é bandido. Até a escola da garotada fica prejudicada com essa buraqueira toda que impede o acesso.",favela
620,"Os pontos de ônibus perto de perto do valão de esgoto principal, tão abandonados, sem cobertura nenhuma contra chuva ou sol e totalmente escuros de noite. eu mesmo com pressa pro serviço fica exposto ao perigo e ao tempo esperando condução que nunca passa no horário certo. Transporte de qualidade é um direito nosso.",favela
621,"A saúde aqui na região tá um caos absoluto. Fui levar um grupo de estudantes daqui no posto de saúde da Gávea logo cedo na segunda-feira e não tinha nenhum clínico de plantão. Uma fila imensa dobrava o quarteirão desde a madrugada e de manhã disseram que as senhas tinham acabado. É humilhante ver o trabalhador sofrendo assim.",asfalto
622,"Há um descaso imenso com a fiscalização de obras residenciais na nossa região. na Rua Vice-Governador Rubens Berardo,, tão fazendo construções que parecem irregulares e tão afetando a estrutura das casas vizinhas e gerando rachaduras. minha filha mais nova já denunciou na prefeitura mas ninguém vem embargar a obra. Nem o Parque da Cidade escapa desse abandono generalizado que tomou conta do nosso bairro.",asfalto
623,"O acúmulo de lixo nas calçadas da Gávea tá atraindo muito bicho e barata. na curva perigosa perto da descida pra o São Conrado,, os sacos de lixo ficam amontoados porque a coleta tá passando fora do horário comercial. meu vizinho da frente, o Seu Jorge, já viu ratazana enorme correndo perto dos pedestres. Uma falta de higiene terrível num bairro desses.",alto da gávea
624,"Falta fiscalização e zelo com as calçadas e canteiros públicos da Gávea. Perto de na Rua Marquês de São Vicente, bem perto da PUC,, jogam entulho e lixo direto no espaço público e ninguém multa. uma vizinha nossa, a Dona Maria, acha um abssurdo ver o bairro ficar com cara de abandonado enquanto o imposto cobrado é um dos mais caros do Rio.",asfalto
625,"A situação da segurança aqui dentro tá muito complicada e tensa. ontem de noite teve operação e correria bem no Beco do Rato, na parte mais alta,, deixando os moradores apavorados dentro de casa. meu marido voltando do trabalho ficou preso sem conseguir descer pro trabalho. Falta uma política de segurança que respeite quem mora aqui na favela. E pra piorar tudo, as calçadas tão todas quebradas, um perigo de queda pros idosos.",favela
626,"Toda vez que cai uma chuva mais forte, as ruas da Gávea alagam por causa dos bueiros entupidos. na semana passada, a água da chuva acumulou tanto em frente ao Shopping da Gávea, que cobriu as calçadas e quase invadiu os comércios. meu filho adolescente teve o carro danificado. A Comlurb precisa limpar essas bocas de lobo urgente.",asfalto
627,"Prometeram regularização fundiária pra nossa comunidade há anos, disseram que a gente ia ter o documento da casa própria, mas ficou só na promessa vazia. minha mãe idosa investiu o dinheiro da vida toda construindo sua moradia perto de perto do valão de esgoto principal, e vive com a insegurança de ser despejado.",favela
628,"Os pontos de ônibus perto de nas proximidades do posto de saúde da Gávea, tão abandonados, sem cobertura nenhuma contra chuva ou sol e totalmente escuros de noite. uma senhora de idade que mora aqui perto fica exposto ao perigo e ao tempo esperando condução que nunca passa no horário certo. Transporte de qualidade é um direito nosso. E a iluminação dos postes sumiu nessa parte, virando um breu danado propício pra assaltos.",comunidade
629,"É uma pouca vergonha o estado das galerias de esgoto aqui. anteontem a tubulação começou a vazar bem na Rua Vice-Governador Rubens Berardo, e o mau cheiro tá insuportável na rua inteira. um rapaz que estuda na PUC já ligou pro 1746 reclamando, mas ninguém aparece. Descaso total da prefeitura com o IPTU caro que a gente paga.",asfalto
630,"A fiação elétrica aqui tá um perigo absurdo, um emaranhado de fios soltos e baixos passando na cabeça da gente. no beco que dá acesso à quadra de esporte,, os cabos tão quase tocando o chão das vielas. um morador antigo aqui do beco tem medo de um curto-circuito ou incêndio grave. A Light e a prefeitura precisam ordenar esse caos.",comunidade
631,"Prometeram regularização fundiária pra nossa comunidade há anos, disseram que a gente ia ter o documento da casa própria, mas ficou só na promessa vazia. minha irmã com o carrinho de bebê investiu o dinheiro da vida toda construindo sua moradia perto de nas vielas apertadas perto do CIEP, e vive com a insegurança de ser despejado. Desse jeito o posto de saúde vai continuar lotado de gente doente com infecção.",favela
632,"Os pontos de ônibus perto de no Beco do Rato, na parte mais alta, tão abandonados, sem cobertura nenhuma contra chuva ou sol e totalmente escuros de noite. eu mesmo com pressa pro serviço fica exposto ao perigo e ao tempo esperando condução que nunca passa no horário certo. Transporte de qualidade é um direito nosso.",favela
633,"É uma pouca vergonha o estado das galerias de esgoto aqui. logo cedo na segunda-feira a tubulação começou a vazar bem em frente ao Shopping da Gávea, e o mau cheiro tá insuportável na rua inteira. um grupo de estudantes daqui já ligou pro 1746 reclamando, mas ninguém aparece. Descaso total da prefeitura com o IPTU caro que a gente paga.",asfalto
634,"A mobilidade urbana na Gávea tá caótica por causa do trânsito intenso e do estacionamento irregular de veículos. no trecho mais alto e escuro da via,, os carros param em cima das calçadas e bloqueiam tudo, obrigando o pedestre a andar no meio da rua. minha filha mais nova que anda com idoso sofre demais com isso. Fora o transporte público que demora horas pra passar e nos deixa mofando no ponto com medo.",alto da gávea
635,"Um absurdo a truculência nas abordagens policiais aqui na comunidade. durante o temporal de ontem, meu vizinho da frente, o Seu Jorge, foi parado voltando do serviço bem nas proximidades do posto de saúde da Gávea, e os policiais já chegaram esculachando, tratando como suspeito. A gente quer segurança, mas quer respeito também, porque trabalhador não é bandido.",comunidade
636,"A situação da saúde aqui tá precária demais. O posto da Gávea não dá conta de atender todo mundo da favela e do asfalto. uma vizinha nossa, a Dona Maria, foi lá com suspeita de dengue no meio da semana passada e mandaram voltar pra casa e tomar paracetamol sem nem fazer exame de sangue. Uma vergonha esse descaso.",comunidade
637,"É uma pouca vergonha o estado das galerias de esgoto aqui. ontem de noite a tubulação começou a vazar bem no cruzamento principal perto do posto de combustível, e o mau cheiro tá insuportável na rua inteira. meu marido voltando do trabalho já ligou pro 1746 reclamando, mas ninguém aparece. Descaso total da prefeitura com o IPTU caro que a gente paga. A prefeitura diz na televisão que faz obra mas a verdade é que o descaso continua igual por aqui.",asfalto
638,"Nossas praças aqui no bairro tão precisando de manutenção urgente da prefeitura. A Praça Santos Dumont vive largada, cheia de sujeira acumulada de noite e bancos quebrados onde os idosos costumavam sentar. meu filho adolescente lamenta ver um espaço público tão tradicional ficar tão degradado.",asfalto
639,"Um absurdo a truculência nas abordagens policiais aqui na comunidade. na última terça-feira, minha mãe idosa foi parado voltando do serviço bem perto da associação de moradores, e os policiais já chegaram esculachando, tratando como suspeito. A gente quer segurança, mas quer respeito também, porque trabalhador não é bandido.",comunidade
640,"A gente vive no meio do fogo cruzado e ninguém faz nada por nós. esses dias atrás teve tiroteio perto do CIEP e uma senhora de idade que mora aqui perto teve que correr pra se proteger dentro do beco. As crianças ficam traumatizadas e perdem aula direta. Segurança pra nós da comunidade é artigo de luxo pelo visto. É uma falta de respeito tremenda com quem paga imposto caro todo mês e não vê retorno.",comunidade
641,"As escadarias e vielas da comunidade tão caindo aos pedaços de tão velhas. Os degraus tão todos quebrados e não tem um corrimão sequer, o que é um perigo imenso em dia de chuva. um rapaz que estuda na PUC escorregou e machucou o braço anteontem subindo perto do valão de esgoto principal,. Precisamos de reformas urgentes.",favela
642,"A fiação elétrica aqui tá um perigo absurdo, um emaranhado de fios soltos e baixos passando na cabeça da gente. na localidade conhecida como Grota,, os cabos tão quase tocando o chão das vielas. um morador antigo aqui do beco tem medo de um curto-circuito ou incêndio grave. A Light e a prefeitura precisam ordenar esse caos.",favela
643,"Um absurdo a truculência nas abordagens policiais aqui na comunidade. em plena luz do dia ontem, minha irmã com o carrinho de bebê foi parado voltando do serviço bem na área baixa perto do canal, e os policiais já chegaram esculachando, tratando como suspeito. A gente quer segurança, mas quer respeito também, porque trabalhador não é bandido. Até a escola da garotada fica prejudicada com essa buraqueira toda que impede o acesso.",comunidade
644,"Morar aqui tá difícil por causa dos problemas crônicos de drenagem pluvial. no cruzamento principal perto do posto de combustível,, a água fica empossada por dias após qualquer temporal comum. eu mesmo com pressa pro serviço reclama que o mau cheiro de esgoto invade os apartamentos do térreo. Cadê as obras de saneamento e escoamento prometidas pela prefeitura?",asfalto
645,"É uma pouca vergonha o estado das galerias de esgoto aqui. logo cedo na segunda-feira a tubulação começou a vazar bem na Rua Marquês de São Vicente, bem perto da PUC, e o mau cheiro tá insuportável na rua inteira. um grupo de estudantes daqui já ligou pro 1746 reclamando, mas ninguém aparece. Descaso total da prefeitura com o IPTU caro que a gente paga.",asfalto
646,"A fiação elétrica aqui tá um perigo absurdo, um emaranhado de fios soltos e baixos passando na cabeça da gente. perto da associação de moradores,, os cabos tão quase tocando o chão das vielas. minha filha mais nova tem medo de um curto-circuito ou incêndio grave. A Light e a prefeitura precisam ordenar esse caos. Nem o Parque da Cidade escapa desse abandono generalizado que tomou conta do nosso bairro.",comunidade
647,"Morar perto do valão é um sofrimento sem fim que ninguém merece. na Viela da Paz, subindo as escadas,, o cheiro é de morte o dia todo e quando chove a água podre invade os becos e entra nas casas. meu vizinho da frente, o Seu Jorge, perdeu os móveis na última enchente. Precisamos de saneamento básico, saneamento é dignidade humana!",favela
648,"Falta saneamento básico e vergonha na cara das autoridades. perto do valão de esgoto principal, tá cheio de esgoto vazando direto e as crianças brincam do lado da sujeira. uma vizinha nossa, a Dona Maria, tá com o filho internado no posto com infecção por causa disso. É desumano viver desse jeito sem rede de esgoto adequada nas vielas.",favela
649,"Ir no posto de saúde da Gávea é passar nervoso. Fui levar meu marido voltando do trabalho ontem de noite e o atendimento tava parado por falta de médico. A gente que mora no morro tem que descer de madrugada, pegar chuva na fila pra ouvir que não tem vaga. Saúde pública aqui tá largada às traças. E pra piorar tudo, as calçada tão todas quebradas, um perigo de queda pros idosos.",comunidade
650,"A fiação elétrica aqui tá um perigo abssurdo, um emaranhado de fios soltos e baixos passando na cabeça da gente. na subida da passarela de acesso,, os cabos tão quase tocando o chão das vielas. meu filho adolescente tem medo de um curto-circuito ou incêndio grave. A Light e a prefeitura precisam ordenar esse caos.",favela
651,"Olha, a situação da segurança tá caótica na Gávea. no cruzamento principal perto do posto de combustível, virou ponto fixo de bandido assaltando quem sai do trabalho ou da faculdade. na última terça-feira teve mais um roubo de celular violento. minha mãe idosa tentou acionar os policiais mas a viatura demorou uma eternidade pra chegar.",asfalto
652,"A especulação imobiliária tá destruindo a identidade do bairro residencial. Estão derrubando casas históricas perto de na Rua Marquês de São Vicente, bem perto da PUC, pra construir prédios enormes de luxo. uma senhora de idade que mora aqui perto acha um absurdo essa verticalização sem planejamento, que sobrecarrega o esgoto, a água e o trânsito local. E a iluminação dos postes sumiu nessa parte, virando um breu danado propício pra assaltos.",asfalto
653,"Não dá mais pra aguentar a falta de segurança. anteontem, um rapaz que estuda na PUC foi abordado por dois caras de moto bem perto da entrada do Parque da Cidade,. Levaram o celular e a carteira, deixando todo mundo assustado. A polícia sumiu da região, ficamos desprotegidos. É uma revolta ver o bairro abandonado assim, parece que a prefeitura esqueceu da gente.",alto da gávea
654,"A coleta de lixo aqui dentro não funciona direito e o povo acaba jogando os sacos nas encostas ou perto de na Viela da Paz, subindo as escadas,. no último sábado de madrugada acumulou tanta sujeira que tampou a passagem do beco. um morador antigo aqui do beco se preocupa com as doenças, o valão tá transbordando e ninguém limpa essa imundície.",favela
655,"Um absurdo completo o atendimento de saúde pública na nossa zona. em plena luz do dia ontem, minha irmã com o carrinho de bebê passou muito mal com febre alta e ficamos horas esperando atendimento médico no posto da Gávea. Os profissionais trabalham sobrecarregados e faltam insumos básicos. A prefeitura precisa investir sério. Desse jeito o posto de saúde vai continuar lotado de gente doente com infecção.",asfalto
656,"A gente vive com medo de sair de casa à noite. Aqui perto de perto do mirante do Alto da Gávea,, os assaltos são constantes e violentos. já faz uns três dias teve correria perto do ponto de ônibus. É um trauma pro eu mesmo com pressa pro serviço e pra todo mundo que mora aqui no asfalto. Cadê o Segurança Presente que tanto prometeram?",alto da gávea
657,"As calçadas aqui da Gávea tão completamente detonadas, cheias de buracos e pedras soltas. logo cedo na segunda-feira, um grupo de estudantes daqui tropeçou e quase caiu feio bem na Rua Vice-Governador Rubens Berardo,. As raízes das árvores estouraram o concreto e ninguém conserta. Idosos sofrem demais pra caminhar por aqui, cadê a conservação?",asfalto
658,"A coleta de lixo aqui dentro não funciona direito e o povo acaba jogando os sacos nas encostas ou perto de perto do ponto final das vans lá em cima,. no final da tarde de quinta acumulou tanta sujeira que tampou a passagem do beco. minha filha mais nova se preocupa com as doenças, o valão tá transbordando e ninguém limpa essa imundície. Fora o transporte público que demora horas pra passar e nos deixa mofando no ponto com medo.",favela
659,"Os buracos na pista tão acabando com os carros dos moradores. na subida da Estrada da Gávea, tem uma cratera aberta que tá causando acidentes graves. durante o temporal de ontem um motoqueiro quase se acidentou feio. meu vizinho da frente, o Seu Jorge, já abriu vários chamados no 1746 mas eles só jogam uma terra que sai na primeira chuvinha.",alto da gávea
660,"A Defesa Civil veio aqui no meio da semana passada, interditou algumas casas rachadas perto de no Beco do Rato, na parte mais alta, por risco iminente de desabamento, mas não dão nenhuma solução real ou auxílio. O aluguel social é uma miséria. uma vizinha nossa, a Dona Maria, tá desesperado sem saber pra onde levar a família e os filhos.",favela
661,"O risco de deslizamento de barreira tira o sono de qualquer morador. Toda vez que começa a chover forte, meu marido voltando do trabalho fica acordado a noite toda vigiando a encosta perto de na Travessa do Sol, área residencial,. A Geo-Rio precisa fazer uma obra de contenção de encostas urgente ali antes que aconteça uma tragédia. A prefeitura diz na televisão que faz obra mas a verdade é que o descaso continua igual por aqui.",comunidade
662,"Há um descaso imenso com a fiscalização de obras residenciais na nossa região. no trecho mais alto e escuro da via,, tão fazendo construções que parecem irregulares e tão afetando a estrutura das casas vizinhas e gerando rachaduras. meu filho adolescente já denunciou na prefeitura mas ninguém vem embargar a obra.",alto da gávea
663,"Morar perto do valão é um sofrimento sem fim que ninguém merece. na localidade conhecida como Grota,, o cheiro é de morte o dia todo e quando chove a água podre invade os becos e entra nas casas. minha mãe idosa perdeu os móveis na última enchente. Precisamos de saneamento básico, saneamento é dignidade humana!",favela
664,"A gente vive com medo de sair de casa à noite. Aqui perto de na Rua Vice-Governador Rubens Berardo,, os assaltos são constantes e violentos. esses dias atrás teve correria perto do ponto de ônibus. É um trauma pro uma senhora de idade que mora aqui perto e pra todo mundo que mora aqui no asfalto. Cadê o Segurança Presente que tanto prometeram? É uma falta de respeito tremenda com quem paga imposto caro todo mês e não vê retorno.",asfalto
665,"Depender de transporte aqui na comunidade é um teste de paciência. Os ônibus sumiram das linhas e demoram séculos. anteontem, um rapaz que estuda na PUC esperou quase uma hora no ponto perto de no beco que dá acesso à quadra de esporte, pra conseguir descer pro trabalho. A prefeitura precisa obrigar as empresas a cumprirem os horários.",comunidade
666,"Na comunidade a gente sofre quando alguém passa mal. no último sábado de madrugada, um morador antigo aqui do beco teve uma crise forte e a ambulância do Samu se recusou a subir na escadaria principal da comunidade, alegando falta de segurança. Tivemos que carregar ele no braço até o asfalto. O posto de saúde também nunca tem remédio básico.",comunidade
667,"Morar perto do valão é um sofrimento sem fim que ninguém merece. no Beco do Rato, na parte mais alta,, o cheiro é de morte o dia todo e quando chove a água podre invade os becos e entra nas casas. minha irmã com o carrinho de bebê perdeu os móveis na última enchente. Precisamos de saneamento básico, saneamento é dignidade humana! Até a escola da garotada fica prejudicada com essa buraqueira toda que impede o acesso.",favela
668,"Falta saneamento básico e vergonha na cara das autoridades. na Viela da Paz, subindo as escadas, tá cheio de esgoto vazando direto e as crianças brincam do lado da sujeira. eu mesmo com pressa pro serviço tá com o filho internado no posto com infecção por causa disso. É desumano viver desse jeito sem rede de esgoto adequada nas vielas.",favela
669,"O custo de moradia na Gávea virou uma loucura completa e inacessível. Os aluguéis tão num valor abusivo por causa da especulação imobiliária. um grupo de estudantes daqui mora aqui há mais de dez anos perto de no trecho mais alto e escuro da via, e agora tá sendo obrigado a se mudar porque não aguenta mais pagar tão caro por um espaço pequeno.",alto da gávea
670,"A única pracinha que a gente tem perto de na localidade conhecida como Grota, tá totalmente destruída. Os brinquedos que a própria comunidade ajudou a cuidar tão quebrados e o mato tá alto, cheio de rato. minha filha mais nova tentou levar os netos no final da tarde de quinta mas não dava nem pra entrar de tanta sujeira. Queremos lazer digno. Nem o Parque da Cidade escapa desse abandono generalizado que tomou conta do nosso bairro.",favela
671,"Um absurdo completo o atendimento de saúde pública na nossa zona. durante o temporal de ontem, meu vizinho da frente, o Seu Jorge, passou muito mal com febre alta e ficamos horas esperando atendimento médico no posto da Gávea. Os profissionais trabalham sobrecarregados e faltam insumos básicos. A prefeitura precisa investir sério.",asfalto
672,"A infraestrutura básica passou longe das vielas daqui da favela. no beco que dá acesso à quadra de esporte,, o acesso é péssimo, sem pavimentação adequada, cheio de valas e lodo acumulado que faz as pessoas escorregarem. uma vizinha nossa, a Dona Maria, idoso tem muita dificuldade de sair de casa. Falta pavimentação e acessibilidade.",comunidade
673,"O risco de deslizamento de barreira tira o sono de qualquer morador. Toda vez que começa a chover forte, meu marido voltando do trabalho fica acordado a noite toda vigiando a encosta perto de nas vielas apertadas perto do CIEP,. A Geo-Rio precisa fazer uma obra de contenção de encostas urgente ali antes que aconteça uma tragédia. E pra piorar tudo, as calçadas tão todas quebradas, um perigo de queda pros idosos.",favela
674,"A mobilidade urbana na Gávea tá caótica por causa do trânsito intenso e do estacionamento irregular de veículos. perto da entrada do Parque da Cidade,, os carros param em cima das calçadas e bloqueiam tudo, obrigando o pedestre a andar no meio da rua. meu filho adolescente que anda com idoso sofre demais com isso.",alto da gávea
675,"As vans e ônibus que circulam pelo bairro andam em velocidade absurda e perigosa. minha mãe idosa pegou uma condução dessas na última terça-feira perto de em frente ao Shopping da Gávea, e ficou apavorado com a imprudência. Precisamos de fiscalização rigorosa da guarda municipal e mais linhas de ônibus regulares.",asfalto
676,"O trânsito nos horários de pico perto de na calçada da Rua Artur Araripe, é insuportável, principalmente por causa da saída das escolas particulares e da faculdade. Faltam guardas municipais pra ordenar o fluxo de veículos e orientar as travessias. uma senhora de idade que mora aqui perto perde um tempo abssurdo engarrafado todo dia. E a iluminação dos postes sumiu nessa parte, virando um breu danado propício pra assaltos.",asfalto
677,"A situação da segurança aqui dentro tá muito complicada e tensa. anteontem teve operação e correria bem na localidade conhecida como Grota,, deixando os moradores apavorados dentro de casa. um rapaz que estuda na PUC ficou preso sem conseguir descer pro trabalho. Falta uma política de segurança que respeite quem mora aqui na favela.",favela
678,"Aqui nas vielas a segurança pública é quase nenhuma, só lembram da gente pra fazer operação violenta. na subida da passarela de acesso, tá perigoso de andar de noite por falta de luz nos postes. um morador antigo aqui do beco já ouviu relato de assalto nos becos escuros. Queremos paz e policiamento comunitário de verdade.",favela
679,"Os buracos na pista tão acabando com os carros dos moradores. na curva perigosa perto da descida pra o São Conrado, tem uma cratera aberta que tá causando acidentes graves. em plena luz do dia ontem um motoqueiro quase se acidentou feio. minha irmã com o carrinho de bebê já abriu vários chamados no 1746 mas eles só jogam uma terra que sai na primeira chuvinha. Desse jeito o posto de saúde vai continuar lotado de gente doente com infecção.",alto da gávea
680,"Falta fiscalização dos serviços públicos que deveriam atender a comunidade. Fazem promessas em reuniões na associação de moradores perto de na escadaria principal da comunidade,, mas as obras nunca começam ou param na metade por falta de verba. eu mesmo com pressa pro serviço exige auditoria e transparência nas contas da prefeitura pro nosso morro.",comunidade
681,"Ir no posto de saúde da Gávea é passar nervoso. Fui levar um grupo de estudantes daqui logo cedo na segunda-feira e o atendimento tava parado por falta de médico. A gente que mora no morro tem que descer de madrugada, pegar chuva na fila pra ouvir que não tem vaga. Saúde pública aqui tá largada às traças.",favela
682,"Aqui nas viela a segurança pública é quase nenhuma, só lembram da gente pra fazer operação violenta. na Travessa do Sol, área residencial, tá perigoso de andar de noite por falta de luz nos postes. minha filha mais nova já ouviu relato de assalto nos beco escuros. Queremos paz e policiamento comunitário de verdade. Fora o transporte público que demora horas pra passar e nos deixa mofando no ponto com medo.",comunidade
683,"Morar perto do valão é um sofrimento sem fim que ninguém merece. perto do valão de esgoto principal,, o cheiro é de morte o dia todo e quando chove a água podre invade os becos e entra nas casas. meu vizinho da frente, o Seu Jorge, perdeu os móveis na última enchente. Precisamos de saneamento básico, saneamento é dignidade humana!",favela
684,"Minha reclamação é sobre a dificuldade de conseguir atendimento de emergência na área. no meio da semana passada precisamos de socorro urgente pra uma vizinha nossa, a Dona Maria,, mas a ambulância demorou horas pra chegar aqui perto do mirante do Alto da Gávea,. O posto de saúde vive superlotado e sem médicos suficientes pra a demanda absurda.",alto da gávea
685,"O esgoto correndo a céu aberto aqui na comunidade é uma humilhação diária. ontem de noite o cano estourou bem na área baixa perto do canal, e tá aquela lama podre passando na porta de casa. meu marido voltando do trabalho tá limpando tudo sozinho porque a prefeitura não manda ninguém da Cedae ou da Comlurb. Rato e barata tomando conta de tudo. A prefeitura diz na televisão que faz obra mas a verdade é que o descaso continua igual por aqui.",comunidade
686,"A fiação elétrica aqui tá um perigo absurdo, um emaranhado de fios soltos e baixos passando na cabeça da gente. no beco que dá acesso à quadra de esporte,, os cabos tão quase tocando o chão das vielas. meu filho adolescente tem medo de um curto-circuito ou incêndio grave. A Light e a prefeitura precisam ordenar esse caos.",comunidade
687,"As vans e ônibus que circulam pelo bairro andam em velocidade absurda e perigosa. minha mãe idosa pegou uma condução dessas na última terça-feira perto de na subida da Estrada da Gávea, e ficou apavorado com a imprudência. Precisamos de fiscalização rigorosa da guarda municipal e mais linhas de ônibus regulares.",alto da gávea
688,"Falta fiscalização dos serviços públicos que deveriam atender a comunidade. Fazem promessas em reuniões na associação de moradores perto de no Beco do Rato, na parte mais alta,, mas as obras nunca começam ou param na metade por falta de verba. uma senhora de idade que mora aqui perto exige auditoria e transparência nas contas da prefeitura pro nosso morro. É uma falta de respeito tremenda com quem paga imposto caro todo mês e não vê retorno.",favela
689,"A situação da segurança aqui dentro tá muito complicada e tensa. anteontem teve operação e correria bem na Viela da Paz, subindo as escadas,, deixando os moradores apavorados dentro de casa. um rapaz que estuda na PUC ficou preso sem conseguir descer pro trabalho. Falta uma política de segurança que respeite quem mora aqui na favela.",favela
690,"A fiação elétrica aqui tá um perigo absurdo, um emaranhado de fios soltos e baixos passando na cabeça da gente. perto do valão de esgoto principal,, os cabos tão quase tocando o chão das vielas. um morador antigo aqui do beco tem medo de um curto-circuito ou incêndio grave. A Light e a prefeitura precisam ordenar esse caos.",favela
691,"Um absurdo completo o atendimento de saúde pública na nossa zona. em plena luz do dia ontem, minha irmã com o carrinho de bebê passou muito mal com febre alta e ficamos horas esperando atendimento médico no posto da Gávea. Os profissionais trabalham sobrecarregados e faltam insumos básicos. A prefeitura precisa investir sério. Até a escola da garotada fica prejudicada com essa buraqueira toda que impede o acesso.",asfalto
692,"Falta saneamento básico e vergonha na cara das autoridades. na subida da passarela de acesso, tá cheio de esgoto vazando direto e as crianças brincam do lado da sujeira. eu mesmo com pressa pro serviço tá com o filho internado no posto com infecção por causa disso. É desumano viver desse jeito sem rede de esgoto adequada nas vielas.",favela
693,"As escadarias e vielas da comunidade tão caindo aos pedaços de tão velhas. Os degraus tão todos quebrados e não tem um corrimão sequer, o que é um perigo imenso em dia de chuva. um grupo de estudantes daqui escorregou e machucou o braço logo cedo na segunda-feira subindo perto do ponto final das vans lá em cima,. Precisamos de reformas urgentes.",favela
694,"Na comunidade a gente sofre quando alguém passa mal. no final da tarde de quinta, minha filha mais nova teve uma crise forte e a ambulância do Samu se recusou a subir na escadaria principal da comunidade, alegando falta de segurança. Tivemos que carregar ele no braço até o asfalto. O posto de saúde também nunca tem remédio básico. Nem o Parque da Cidade escapa desse abandono generalizado que tomou conta do nosso bairro.",comunidade
695,"Falta iluminação nos becos mais internos da comunidade. Caminhar por aqui de noite é um desafio de sobrevivência porque tá tudo no escuro completo. perto da associação de moradores,, os moradores vivem com medo de assalto e queda. meu vizinho da frente, o Seu Jorge, comprou lâmpada do próprio bolso pra colocar no beco.",comunidade
696,"A gente vive no meio do fogo cruzado e ninguém faz nada por nós. no meio da semana passada teve tiroteio perto do CIEP e uma vizinha nossa, a Dona Maria, teve que correr pra se proteger dentro do beco. As crianças ficam traumatizadas e perdem aula direta. Segurança pra nós da comunidade é artigo de luxo pelo visto.",comunidade
697,"A situação do CIEP aqui da comunidade tá de dar pena. Prédio precisando de reforma urgente, salas quentes demais e falta de manutenção nos banheiros. meu marido voltando do trabalho estuda lá e conta que faltam livros didáticos básicos. ontem de noite cancelaram a aula mais cedo por falta de água no colégio perto de perto do valão de esgoto principal,. E pra piorar tudo, as calçadas tão todas quebradas, um perigo de queda pros idosos.",favela
698,"A insegurança aqui tá um absurdo total. Ninguém consegue mais andar tranquilo perto do Planetário da Gávea, depois das sete da noite porque o policiamento preventivo sumiu. meu filho adolescente já cansou de ver assalto perto dos prédios. Precisamos de patrulhamento urgente e iluminação de verdade pra afastar esses criminosos.",asfalto
699,"Olha, a situação da segurança tá caótica na Gávea. na Rua Vice-Governador Rubens Berardo, virou ponto fixo de bandido assaltando quem sai do trabalho ou da faculdade. na última terça-feira teve mais um roubo de celular violento. minha mãe idosa tentou acionar os policiais mas a viatura demorou uma eternidade pra chegar.",asfalto
700,"A Defesa Civil veio aqui esses dias atrás, interditou algumas casas rachadas perto de no beco que dá acesso à quadra de esporte, por risco iminente de desabamento, mas não dão nenhuma solução real ou auxílio. O aluguel social é uma miséria. uma senhora de idade que mora aqui perto tá desesperado sem saber pra onde levar a família e os filhos. E a iluminação dos postes sumiu nessa parte, virando um breu danado propício pra assaltos.",comunidade
701,"As calçadas aqui da Gávea tão completamente detonadas, cheias de buracos e pedras soltas. anteontem, um rapaz que estuda na PUC tropeçou e quase caiu feio bem na Rua Marquês de São Vicente, bem perto da PUC,. As raízes das árvores estouraram o concreto e ninguém conserta. Idosos sofrem demais pra caminhar por aqui, cadê a conservação?",asfalto
702,"A estrutura das poucas escolas públicas do bairro deixa a desejar. no último sábado de madrugada faltou luz e as crianças sofreram num calor insuportável porque o ar condicionado tá quebrado há meses na escola perto de nos arredores da Praça Santos Dumont, no Baixo Gávea,. um morador antigo aqui do beco estuda lá e diz que até a merenda tá vindo fraca, puro descaso.",asfalto
703,"Falta iluminação nos becos mais internos da comunidade. Caminhar por aqui de noite é um desafio de sobrevivência porque tá tudo no escuro completo. na Travessa do Sol, área residencial,, os moradores vivem com medo de assalto e queda. minha irmã com o carrinho de bebê comprou lâmpada do próprio bolso pra colocar no beco. Desse jeito o posto de saúde vai continuar lotado de gente doente com infecção.",comunidade
704,"Morar aqui tá difícil por causa dos problemas crônicos de drenagem pluvial. no trecho mais alto e escuro da via,, a água fica empossada por dias após qualquer temporal comum. eu mesmo com pressa pro serviço reclama que o mau cheiro de esgoto invade os apartamentos do térreo. Cadê as obras de saneamento e escoamento prometidas pela prefeitura?",alto da gávea
705,"A situação da segurança aqui dentro tá muito complicada e tensa. logo cedo na segunda-feira teve operação e correria bem na localidade conhecida como Grota,, deixando os moradores apavorados dentro de casa. um grupo de estudantes daqui ficou preso sem conseguir descer pro trabalho. Falta uma política de segurança que respeite quem mora aqui na favela.",favela
706,"Na comunidade a gente sofre quando alguém passa mal. no final da tarde de quinta, minha filha mais nova teve uma crise forte e a ambulância do Samu se recusou a subir na subida da passarela de acesso, alegando falta de segurança. Tivemos que carregar ele no braço até o asfalto. O posto de saúde também nunca tem remédio básico. Fora o transporte público que demora horas pra passar e nos deixa mofando no ponto com medo.",favela
707,"Um absurdo completo o atendimento de saúde pública na nossa zona. durante o temporal de ontem, meu vizinho da frente, o Seu Jorge, passou muito mal com febre alta e ficamos horas esperando atendimento médico no posto da Gávea. Os profissionais trabalham sobrecarregados e faltam insumos básicos. A prefeitura precisa investir sério.",asfalto
708,"Falta saneamento básico e vergonha na cara das autoridades. na escadaria principal da comunidade, tá cheio de esgoto vazando direto e as crianças brincam do lado da sujeira. uma vizinha nossa, a Dona Maria, tá com o filho internado no posto com infecção por causa disso. É desumano viver desse jeito sem rede de esgoto adequada nas vielas.",comunidade
709,"O esgoto correndo a céu aberto aqui na comunidade é uma humilhação diária. ontem de noite o cano estourou bem no Beco do Rato, na parte mais alta, e tá aquela lama podre passando na porta de casa. meu marido voltando do trabalho tá limpando tudo sozinho porque a prefeitura não manda ninguém da Cedae ou da Comlurb. Rato e barata tomando conta de tudo. A prefeitura diz na televisão que faz obra mas a verdade é que o descaso continua igual por aqui.",favela
710,"A insegurança aqui tá um absurdo total. Ninguém consegue mais andar tranquilo em frente ao Shopping da Gávea, depois das sete da noite porque o policiamento preventivo sumiu. meu filho adolescente já cansou de ver assalto perto dos prédios. Precisamos de patrulhamento urgente e iluminação de verdade pra afastar esses criminosos.",asfalto
711,"O acúmulo de lixo nas calçadas da Gávea tá atraindo muito bicho e barata. na calçada da Rua Artur Araripe,, os sacos de lixo ficam amontoados porque a coleta tá passando fora do horário comercial. minha mãe idosa já viu ratazana enorme correndo perto dos pedestres. Uma falta de higiene terrível num bairro desses.",asfalto
712,"A gente vive com medo de sair de casa à noite. Aqui perto de perto do Planetário da Gávea,, os assaltos são constantes e violentos. esses dias atrás teve correria perto do ponto de ônibus. É um trauma pro uma senhora de idade que mora aqui perto e pra todo mundo que mora aqui no asfalto. Cadê o Segurança Presente que tanto prometeram? É uma falta de respeito tremenda com quem paga imposto caro todo mês e não vê retorno.",asfalto
713,"Depender de transporte aqui na comunidade é um teste de paciência. Os ônibus sumiram das linhas e demoram séculos. anteontem, um rapaz que estuda na PUC esperou quase uma hora no ponto perto de na subida da passarela de acesso, pra conseguir descer pro trabalho. A prefeitura precisa obrigar as empresas a cumprirem os horários.",favela
714,"A coleta de lixo aqui dentro não funciona direito e o povo acaba jogando os sacos nas encostas ou perto de no beco que dá acesso à quadra de esporte,. no último sábado de madrugada acumulou tanta sujeira que tampou a passagem do beco. um morador antigo aqui do beco se preocupa com as doenças, o valão tá transbordando e ninguém limpa essa imundície.",comunidade
715,"Nossos jovens tão sem perspectiva porque as escolas públicas da comunidade tão abandonadas. Falta professor de matemática e inglês direto. em plena luz do dia ontem o filho de minha irmã com o carrinho de bebê ficou sem aula e voltou pra casa cedo. Sem educação de qualidade, como que as criança da favela vão vencer na vida? Até a escola da garotada fica prejudicada com essa buraqueira toda que impede o acesso.",favela
716,"A gente vive no meio do fogo cruzado e ninguém faz nada por nós. já faz uns três dias teve tiroteio perto do CIEP e eu mesmo com pressa pro serviço teve que correr pra se proteger dentro do beco. As crianças ficam traumatizadas e perdem aula direta. Segurança pra nós da comunidade é artigo de luxo pelo visto.",comunidade
717,"Ir no posto de saúde da Gávea é passar nervoso. Fui levar um grupo de estudantes daqui logo cedo na segunda-feira e o atendimento tava parado por falta de médico. A gente que mora no morro tem que descer de madrugada, pegar chuva na fila pra ouvir que não tem vaga. Saúde pública aqui tá largada às traças.",comunidade
718,"Muitas famílias aqui na comunidade vivem em condições habitacionais muito precárias, em barracos com muita umidade e infiltração perigosa. minha filha mais nova mora num cômodo pequeno onde chove mais dentro do que fora perto de perto do valão de esgoto principal,. Precisamos de programas sociais de melhoria habitacional. Nem o Parque da Cidade escapa desse abandono generalizado que tomou conta do nosso bairro.",favela
719,"Falta iluminação nos becos mais internos da comunidade. Caminhar por aqui de noite é um desafio de sobrevivência porque tá tudo no escuro completo. na localidade conhecida como Grota,, os moradores vivem com medo de assalto e queda. meu vizinho da frente, o Seu Jorge, comprou lâmpada do próprio bolso pra colocar no beco.",favela
720,"A gente vive com medo de sair de casa à noite. Aqui perto de na Rua Vice-Governador Rubens Berardo,, os assaltos são constantes e violentos. no meio da semana passada teve correria perto do ponto de ônibus. É um trauma pro uma vizinha nossa, a Dona Maria, e pra todo mundo que mora aqui no asfalto. Cadê o Segurança Presente que tanto prometeram?",asfalto
721,"Ir no posto de saúde da Gávea é passar nervoso. Fui levar meu marido voltando do trabalho ontem de noite e o atendimento tava parado por falta de médico. A gente que mora no morro tem que descer de madrugada, pegar chuva na fila pra ouvir que não tem vaga. Saúde pública aqui tá largada às traças. E pra piorar tudo, as calçadas tão todas quebradas, um perigo de queda pros idosos.",comunidade
722,"Aqui nas vielas a segurança pública é quase nenhuma, só lembram da gente pra fazer operação violenta. nas vielas apertadas perto do CIEP, tá perigoso de andar de noite por falta de luz nos postes. meu filho adolescente já ouviu relato de assalto nos becos escuros. Queremos paz e policiamento comunitário de verdade.",favela
723,"O acúmulo de lixo nas calçadas da Gávea tá atraindo muito bicho e barata. perto da entrada do Parque da Cidade,, os sacos de lixo ficam amontoados porque a coleta tá passando fora do horário comercial. minha mãe idosa já viu ratazana enorme correndo perto dos pedestres. Uma falta de higiene terrível num bairro desses.",alto da gávea
724,"Os pontos de ônibus perto de na Viela da Paz, subindo as escadas, tão abandonados, sem cobertura nenhuma contra chuva ou sol e totalmente escuros de noite. uma senhora de idade que mora aqui perto fica exposto ao perigo e ao tempo esperando condução que nunca passa no horário certo. Transporte de qualidade é um direito nosso. E a iluminação dos postes sumiu nessa parte, virando um breu danado propício pra assaltos.",favela
725,"O custo de moradia na Gávea virou uma loucura completa e inacessível. Os aluguéis tão num valor abusivo por causa da especulação imobiliária. um rapaz que estuda na PUC mora aqui há mais de dez anos perto de no trecho mais alto e escuro da via, e agora tá sendo obrigado a se mudar porque não aguenta mais pagar tão caro por um espaço pequeno.",alto da gávea
726,"A fiação elétrica aqui tá um perigo absurdo, um emaranhado de fios soltos e baixos passando na cabeça da gente. na localidade conhecida como Grota,, os cabos tão quase tocando o chão das viela. um morador antigo aqui do beco tem medo de um curto-circuito ou incêndio grave. A Light e a prefeitura precisam ordenar esse caos.",favela
727,"O acúmulo de lixo nas calçadas da Gávea tá atraindo muito bicho e barata. na Rua Vice-Governador Rubens Berardo,, os sacos de lixo ficam amontoados porque a coleta tá passando fora do horário comercial. minha irmã com o carrinho de bebê já viu ratazana enorme correndo perto dos pedestres. Uma falta de higiene terrível num bairro desses. Desse jeito o posto de saúde vai continuar lotado de gente doente com infecção.",asfalto
728,"A gente vive no meio do fogo cruzado e ninguém faz nada por nós. já faz uns três dias teve tiroteio perto do CIEP e eu mesmo com pressa pro serviço teve que correr pra se proteger dentro do beco. As crianças ficam traumatizadas e perdem aula direta. Segurança pra nós da comunidade é artigo de luxo pelo visto.",comunidade
729,"As escadarias e vielas da comunidade tão caindo aos pedaços de tão velhas. Os degraus tão todos quebrados e não tem um corrimão sequer, o que é um perigo imenso em dia de chuva. um grupo de estudantes daqui escorregou e machucou o braço logo cedo na segunda-feira subindo nas vielas apertadas perto do CIEP,. Precisamos de reformas urgentes.",favela
730,"Aqui nas vielas a segurança pública é quase nenhuma, só lembram da gente pra fazer operação violenta. no Beco do Rato, na parte mais alta, tá perigoso de andar de noite por falta de luz nos postes. minha filha mais nova já ouviu relato de assalto nos becos escuros. Queremos paz e policiamento comunitário de verdade. Fora o transporte público que demora horas pra passar e nos deixa mofando no ponto com medo.",favela
731,"Os buracos na pista tão acabando com os carros dos moradores. na Rua Engenheiro Álvaro Niemeyer, tem uma cratera aberta que tá causando acidentes graves. durante o temporal de ontem um motoqueiro quase se acidentou feio. meu vizinho da frente, o Seu Jorge, já abriu vários chamados no 1746 mas eles só jogam uma terra que sai na primeira chuvinha.",alto da gávea
732,"A situação da saúde aqui tá precária demais. O posto da Gávea não dá conta de atender todo mundo da favela e do asfalto. uma vizinha nossa, a Dona Maria, foi lá com suspeita de dengue no meio da semana passada e mandaram voltar pra casa e tomar paracetamol sem nem fazer exame de sangue. Uma vergonha esse descaso.",comunidade
733,"As escadarias e vielas da comunidade tão caindo aos pedaços de tão velhas. Os degraus tão todos quebrados e não tem um corrimão sequer, o que é um perigo imenso em dia de chuva. meu marido voltando do trabalho escorregou e machucou o braço ontem de noite subindo na localidade conhecida como Grota,. Precisamos de reformas urgentes. A prefeitura diz na televisão que faz obra mas a verdade é que o descaso continua igual por aqui.",favela
734,"Toda vez que cai uma chuva mais forte, as ruas da Gávea alagam por causa dos bueiros entupidos. na semana passada, a água da chuva acumulou tanto na Rua Vice-Governador Rubens Berardo, que cobriu as calçadas e quase invadiu os comércios. meu filho adolescente teve o carro danificado. A Comlurb precisa limpar essas bocas de lobo urgente.",asfalto
735,"Um absurdo completo o atendimento de saúde pública na nossa zona. na última terça-feira, minha mãe idosa passou muito mal com febre alta e ficamos horas esperando atendimento médico no posto da Gávea. Os profissionais trabalham sobrecarregados e faltam insumos básicos. A prefeitura precisa investir sério.",asfalto
736,"A infraestrutura básica passou longe das vielas daqui da favela. nas vielas apertadas perto do CIEP,, o acesso é péssimo, sem pavimentação adequada, cheio de valas e lodo acumulado que faz as pessoas escorregarem. uma senhora de idade que mora aqui perto idoso tem muita dificuldade de sair de casa. Falta pavimentação e acessibilidade. É uma falta de respeito tremenda com quem paga imposto caro todo mês e não vê retorno.",favela
737,"A situação do CIEP aqui da comunidade tá de dar pena. Prédio precisando de reforma urgente, salas quentes demais e falta de manutenção nos banheiros. um rapaz que estuda na PUC estuda lá e conta que faltam livros didáticos básicos. anteontem cancelaram a aula mais cedo por falta de água no colégio perto de no Beco do Rato, na parte mais alta,.",favela
738,"A coleta de lixo aqui dentro não funciona direito e o povo acaba jogando os sacos nas encostas ou perto de na Travessa do Sol, área residencial,. no último sábado de madrugada acumulou tanta sujeira que tampou a passagem do beco. um morador antigo aqui do beco se preocupa com as doenças, o valão tá transbordando e ninguém limpa essa imundície.",comunidade
739,"Os poucos espaços públicos da comunidade foram tomados pelo lixo e pelo abandono. Perto de perto do valão de esgoto principal,, onde os moradores podiam se reunir, virou ponto de descarte de entulho porque a prefeitura não limpa. minha irmã com o carrinho de bebê reclama que falta uma área verde estruturada pras famílias conviverem em paz. Até a escola da garotada fica prejudicada com essa buraqueira toda que impede o acesso.",favela
740,"A infraestrutura básica passou longe das vielas daqui da favela. na localidade conhecida como Grota,, o acesso é péssimo, sem pavimentação adequada, cheio de valas e lodo acumulado que faz as pessoas escorregarem. eu mesmo com pressa pro serviço idoso tem muita dificuldade de sair de casa. Falta pavimentação e acessibilidade.",favela
741,"Ir no posto de saúde da Gávea é passar nervoso. Fui levar um grupo de estudantes daqui logo cedo na segunda-feira e o atendimento tava parado por falta de médico. A gente que mora no morro tem que descer de madrugada, pegar chuva na fila pra ouvir que não tem vaga. Saúde pública aqui tá largada às traças.",favela
742,"Há um descaso imenso com a fiscalização de obras residenciais na nossa região. no cruzamento principal perto do posto de combustível,, tão fazendo construções que parecem irregulares e tão afetando a estrutura das casas vizinhas e gerando rachaduras. minha filha mais nova já denunciou na prefeitura mas ninguém vem embargar a obra. Nem o Parque da Cidade escapa desse abandono generalizado que tomou conta do nosso bairro.",asfalto
743,"Os buracos na pista tão acabando com os carros dos moradores. na Rua Marquês de São Vicente, bem perto da PUC, tem uma cratera aberta que tá causando acidentes graves. durante o temporal de ontem um motoqueiro quase se acidentou feio. meu vizinho da frente, o Seu Jorge, já abriu vários chamados no 1746 mas eles só jogam uma terra que sai na primeira chuvinha.",asfalto
744,"Morar aqui tá difícil por causa dos problemas crônicos de drenagem pluvial. nos arredores da Praça Santos Dumont, no Baixo Gávea,, a água fica empossada por dias após qualquer temporal comum. uma vizinha nossa, a Dona Maria, reclama que o mau cheiro de esgoto invade os apartamentos do térreo. Cadê as obras de saneamento e escoamento prometidas pela prefeitura?",asfalto
745,"O esgoto correndo a céu aberto aqui na comunidade é uma humilhação diária. ontem de noite o cano estourou bem na Travessa do Sol, área residencial, e tá aquela lama podre passando na porta de casa. meu marido voltando do trabalho tá limpando tudo sozinho porque a prefeitura não manda ninguém da Cedae ou da Comlurb. Rato e barata tomando conta de tudo. E pra piorar tudo, as calçadas tão todas quebradas, um perigo de queda pros idosos.",comunidade
746,"O posto de saúde da Gávea tá sem o mínimo de estrutura pra atender o bairro. meu filho adolescente precisava de remédio de uso contínuo pra pressão e disseram que tá em falta na farmácia do posto faz dois meses. Pra marcar um exame simples pelo Sisreg é uma novela que demora quase um ano, descaso total.",alto da gávea
747,"Um absurdo a truculência nas abordagens policiais aqui na comunidade. na última terça-feira, minha mãe idosa foi parado voltando do serviço bem nas proximidades do posto de saúde da Gávea, e os policiais já chegaram esculachando, tratando como suspeito. A gente quer segurança, mas quer respeito também, porque trabalhador não é bandido.",comunidade
748,"A gente vive no meio do fogo cruzado e ninguém faz nada por nós. esses dias atrás teve tiroteio perto do CIEP e uma senhora de idade que mora aqui perto teve que correr pra se proteger dentro do beco. As crianças ficam traumatizadas e perdem aula direta. Segurança pra nós da comunidade é artigo de luxo pelo visto. E a iluminação dos postes sumiu nessa parte, virando um breu danado propício pra assaltos.",comunidade
749,"As escadarias e vielas da comunidade tão caindo aos pedaços de tão velhas. Os degraus tão todos quebrados e não tem um corrimão sequer, o que é um perigo imenso em dia de chuva. um rapaz que estuda na PUC escorregou e machucou o braço anteontem subindo perto do ponto final das vans lá em cima,. Precisamos de reformas urgentes.",favela
750,"Na comunidade a gente sofre quando alguém passa mal. no último sábado de madrugada, um morador antigo aqui do beco teve uma crise forte e a ambulância do Samu se recusou a subir na escadaria principal da comunidade, alegando falta de segurança. Tivemos que carregar ele no braço até o asfalto. O posto de saúde também nunca tem remédio básico.",comunidade
751,"Um absurdo a truculência nas abordagens policiais aqui na comunidade. em plena luz do dia ontem, minha irmã com o carrinho de bebê foi parado voltando do serviço bem no Beco do Rato, na parte mais alta, e os policiais já chegaram esculachando, tratando como suspeito. A gente quer segurança, mas quer respeito também, porque trabalhador não é bandido. Desse jeito o posto de saúde vai continuar lotado de gente doente com infecção.",favela
752,"A Defesa Civil veio aqui já faz uns três dias, interditou algumas casas rachadas perto de na Travessa do Sol, área residencial, por risco iminente de desabamento, mas não dão nenhuma solução real ou auxílio. O aluguel social é uma miséria. eu mesmo com pressa pro serviço tá desesperado sem saber pra onde levar a família e os filhos.",comunidade
753,"Não dá mais pra aguentar a falta de segurança. logo cedo na segunda-feira, um grupo de estudantes daqui foi abordado por dois caras de moto bem no trecho mais alto e escuro da via,. Levaram o celular e a carteira, deixando todo mundo assustado. A polícia sumiu da região, ficamos desprotegidos. É uma revolta ver o bairro abandonado assim, parece que a prefeitura esqueceu da gente.",alto da gávea
754,"As vans que sobem o morro cobram caro e andam correndo igual loucas pelas subidas estreitas, um perigo. minha filha mais nova quase sofreu um acidente no final da tarde de quinta perto de nas proximidades do posto de saúde da Gávea, porque o motorista tava disputando passageiro com outra van. Falta fiscalização pesada do transporte alternativo aqui dentro. Fora o transporte público que demora horas pra passar e nos deixa mofando no ponto com medo.",comunidade
755,"Os buracos na pista tão acabando com os carros dos moradores. nas imediações das mansões residenciais, tem uma cratera aberta que tá causando acidentes graves. durante o temporal de ontem um motoqueiro quase se acidentou feio. meu vizinho da frente, o Seu Jorge, já abriu vários chamados no 1746 mas eles só jogam uma terra que sai na primeira chuvinha.",alto da gávea
756,"A especulação imobiliária tá destruindo a identidade do bairro residencial. Estão derrubando casas históricas perto de no cruzamento principal perto do posto de combustível, pra construir prédios enormes de luxo. uma vizinha nossa, a Dona Maria, acha um absurdo essa verticalização sem planejamento, que sobrecarrega o esgoto, a água e o trânsito local.",asfalto
757,"A saúde aqui na região tá um caos absoluto. Fui levar meu marido voltando do trabalho no posto de saúde da Gávea ontem de noite e não tinha nenhum clínico de plantão. Uma fila imensa dobrava o quarteirão desde a madrugada e de manhã disseram que as senhas tinham acabado. É humilhante ver o trabalhador sofrendo assim. A prefeitura diz na televisão que faz obra mas a verdade é que o descaso continua igual por aqui.",asfalto
758,"A insegurança aqui tá um absurdo total. Ninguém consegue mais andar tranquilo nos arredores da Praça Santos Dumont, no Baixo Gávea, depois das sete da noite porque o policiamento preventivo sumiu. meu filho adolescente já cansou de ver assalto perto dos prédios. Precisamos de patrulhamento urgente e iluminação de verdade pra afastar esses criminosos.",asfalto
759,"O acúmulo de lixo nas calçada da Gávea tá atraindo muito bicho e barata. na Rua Engenheiro Álvaro Niemeyer,, os sacos de lixo ficam amontoados porque a coleta tá passando fora do horário comercial. minha mãe idosa já viu ratazana enorme correndo perto dos pedestres. Uma falta de higiene terrível num bairro desses.",alto da gávea
760,"A infraestrutura básica passou longe das vielas daqui da favela. perto do valão de esgoto principal,, o acesso é péssimo, sem pavimentação adequada, cheio de valas e lodo acumulado que faz as pessoas escorregarem. uma senhora de idade que mora aqui perto idoso tem muita dificuldade de sair de casa. Falta pavimentação e acessibilidade. É uma falta de respeito tremenda com quem paga imposto caro todo mês e não vê retorno.",favela
761,"A saúde aqui na região tá um caos absoluto. Fui levar um rapaz que estuda na PUC no posto de saúde da Gávea anteontem e não tinha nenhum clínico de plantão. Uma fila imensa dobrava o quarteirão desde a madrugada e de manhã disseram que as senhas tinham acabado. É humilhante ver o trabalhador sofrendo assim.",asfalto
762,"A insegurança aqui tá um absurdo total. Ninguém consegue mais andar tranquilo na Rua Vice-Governador Rubens Berardo, depois das sete da noite porque o policiamento preventivo sumiu. um morador antigo aqui do beco já cansou de ver assalto perto dos prédios. Precisamos de patrulhamento urgente e iluminação de verdade pra afastar esses criminosos.",asfalto
763,"Nossos jovens tão sem perspectiva porque as escolas públicas da comunidade tão abandonadas. Falta professor de matemática e inglês direto. em plena luz do dia ontem o filho de minha irmã com o carrinho de bebê ficou sem aula e voltou pra casa cedo. Sem educação de qualidade, como que as crianças da favela vão vencer na vida? Até a escola da garotada fica prejudicada com essa buraqueira toda que impede o acesso.",comunidade
764,"O entorno do CIEP tá largado ao abandonono total. nas vielas apertadas perto do CIEP,, o mato tá alto atraindo bicho e falta iluminação na passarela de acesso dos alunos. eu mesmo com pressa pro serviço morador antigo diz que de noite o lugar fica perigoso demais, propício pra assalto. Precisamos de melhorias e segurança pra comunidade escolar.",favela
765,"A situação da segurança aqui dentro tá mto complicada e tensa. logo cedo na segunda-feira teve operação e correria bem no Beco do Rato, na parte mais alta,, deixando os moradores apavorados dentro de casa. um grupo de estudantes daqui ficou preso sem conseguir descer pro trabalho. Falta uma política de segurança que respeite quem mora aqui na favela.",favela
766,"Nossas praças aqui no bairro tão precisando de manutenção urgente da prefeitura. A Praça Santos Dumont vive largada, cheia de sujeira acumulada de noite e bancos quebrados onde os idosos costumavam sentar. minha filha mais nova lamenta ver um espaço público tão tradicional ficar tão degradado. Nem o Parque da Cidade escapa desse abandono generalizado que tomou conta do nosso bairro.",asfalto
767,"Falta iluminação nos becos mais internos da comunidade. Caminhar por aqui de noite é um desafio de sobrevivência porque tá tudo no escuro completo. perto do valão de esgoto principal,, os moradores vivem com medo de assalto e queda. meu vizinho da frente, o Seu Jorge, comprou lâmpada do próprio bolso pra colocar no beco.",favela
768,"Minha reclamação é sobre a dificuldade de conseguir atendimento de emergência na área. no meio da semana passada precisamos de socorro urgente pra uma vizinha nossa, a Dona Maria,, mas a ambulância demorou horas pra chegar aqui perto do Planetário da Gávea,. O posto de saúde vive superlotado e sem médicos suficientes pra a demanda absurda.",asfalto
769,"Ir no posto de saúde da Gávea é passar nervoso. Fui levar meu marido voltando do trabalho ontem de noite e o atendimento tava parado por falta de médico. A gente que mora no morro tem que descer de madrugada, pegar chuva na fila pra ouvir que não tem vaga. Saúde pública aqui tá largada às traças. E pra piorar tudo, as calçadas tão todas quebradas, um perigo de queda pros idosos.",comunidade
770,"As vans que sobem o morro cobram caro e andam correndo igual loucas pelas subidas estreitas, um perigo. meu filho adolescente quase sofreu um acidente na semana passada perto de perto do ponto final das vans lá em cima, porque o motorista tava disputando passageiro com outra van. Falta fiscalização pesada do transporte alternativo aqui dentro.",favela
771,"Um absurdo completo o atendimento de saúde pública na nossa zona. na última terça-feira, minha mãe idosa passou muito mal com febre alta e ficamos horas esperando atendimento médico no posto da Gávea. Os profissionais trabalham sobrecarregados e faltam insumos básicos. A prefeitura precisa investir sério.",alto da gávea
772,"A especulação imobiliária tá destruindo a identidade do bairro residencial. Estão derrubando casas históricas perto de perto da entrada do Parque da Cidade, pra construir prédios enormes de luxo. uma senhora de idade que mora aqui perto acha um absurdo essa verticalização sem planejamento, que sobrecarrega o esgoto, a água e o trânsito local. E a iluminação dos postes sumiu nessa parte, virando um breu danado propício pra assaltos.",alto da gávea
773,"O esgoto correndo a céu aberto aqui na comunidade é uma humilhação diária. anteontem o cano estourou bem na Viela da Paz, subindo as escadas, e tá aquela lama podre passando na porta de casa. um rapaz que estuda na PUC tá limpando tudo sozinho porque a prefeitura não manda ninguém da Cedae ou da Comlurb. Rato e barata tomando conta de tudo.",favela
774,"Aqui nas vielas a segurança pública é quase nenhuma, só lembram da gente pra fazer operação violenta. perto do valão de esgoto principal, tá perigoso de andar de noite por falta de luz nos postes. um morador antigo aqui do beco já ouviu relato de assalto nos becos escuros. Queremos paz e policiamento comunitário de verdade.",favela
775,"O posto de saúde tá sempre lotado e faltam especialistas como pediatra e ginecologista. minha irmã com o carrinho de bebê tá tentando marcar uma consulta há mais de quatro meses e nada. em plena luz do dia ontem disseram que o sistema do Sisreg caiu. É uma falta de respeito enorme com quem mora na comunidade. Desse jeito o posto de saúde vai continuar lotado de gente doente com infecção.",favela
776,"Falta fiscalização dos serviços públicos que deveriam atender a comunidade. Fazem promessas em reuniões na associação de moradores perto de na subida da passarela de acesso,, mas as obras nunca começam ou param na metade por falta de verba. eu mesmo com pressa pro serviço exige auditoria e transparência nas contas da prefeitura pro nosso morro.",favela
777,"O transporte público aqui na Gávea tá uma vergonha completa. As linhas de ônibus demoram horas pra passar e vêm superlotadas. logo cedo na segunda-feira, um grupo de estudantes daqui mofou no ponto esperando o ônibus no cruzamento principal perto do posto de combustível, pra ir trabalhar e acabou chegando atrasado. Cadê a fiscalização com as empresas de ônibus?",asfalto
778,"A fiação elétrica aqui tá um perigo absurdo, um emaranhado de fios soltos e baixos passando na cabeça da gente. na escadaria principal da comunidade,, os cabos tão quase tocando o chão das vielas. minha filha mais nova tem medo de um curto-circuito ou incêndio grave. A Light e a prefeitura precisam ordenar esse caos. Fora o transporte público que demora horas pra passar e nos deixa mofando no ponto com medo.",comunidade
779,"Morar perto do valão é um sofrimento sem fim que ninguém merece. no Beco do Rato, na parte mais alta,, o cheiro é de morte o dia todo e quando chove a água podre invade os becos e entra nas casas. meu vizinho da frente, o Seu Jorge, perdeu os móveis na última enchente. Precisamos de saneamento básico, saneamento é dignidade humana!",favela
780,"A especulação imobiliária tá destruindo a identidade do bairro residencial. Estão derrubando casas históricas perto de em frente ao Shopping da Gávea, pra construir prédios enormes de luxo. uma vizinha nossa, a Dona Maria, acha um abssurdo essa verticalização sem planejamento, que sobrecarrega o esgoto, a água e o trânsito local.",asfalto
781,"A situação da segurança aqui dentro tá muito complicada e tensa. ontem de noite teve operação e correria bem perto do valão de esgoto principal,, deixando os morador apavorados dentro de casa. meu marido voltando do trabalho ficou preso sem conseguir descer pro trabalho. Falta uma política de segurança que respeite quem mora aqui na favela. A prefeitura diz na televisão que faz obra mas a verdade é que o descaso continua igual por aqui.",favela
782,"Toda vez que cai uma chuva mais forte, as ruas da Gávea alagam por causa dos bueiros entupidos. na semana passada, a água da chuva acumulou tanto perto do Planetário da Gávea, que cobriu as calçadas e quase invadiu os comércios. meu filho adolescente teve o carro danificado. A Comlurb precisa limpar essas bocas de lobo urgente.",asfalto
783,"O posto de saúde tá sempre lotado e faltam especialistas como pediatra e ginecologista. minha mãe idosa tá tentando marcar uma consulta há mais de quatro meses e nada. na última terça-feira disseram que o sistema do Sisreg caiu. É uma falta de respeito enorme com quem mora na comunidade.",favela
784,"Minha reclamação é sobre a dificuldade de conseguir atendimento de emergência na área. esses dias atrás precisamos de socorro urgente pra uma senhora de idade que mora aqui perto, mas a ambulância demorou horas pra chegar aqui no cruzamento principal perto do posto de combustível,. O posto de saúde vive superlotado e sem médicos suficientes pra a demanda absurda. É uma falta de respeito tremenda com quem paga imposto caro todo mês e não vê retorno.",asfalto
785,"As calçadas aqui da Gávea tão completamente detonadas, cheias de buracos e pedras soltas. anteontem, um rapaz que estuda na PUC tropeçou e quase caiu feio bem na Rua Marquês de São Vicente, bem perto da PUC,. As raízes das árvores estouraram o concreto e ninguém conserta. Idosos sofrem demais pra caminhar por aqui, cadê a conservação?",asfalto
786,"Falta de vaga em creche municipal aqui dentro da comunidade é um absurdo que prejudica as mães. um morador antigo aqui do beco tá desempregada porque não tem com quem deixar o bebê, já que a creche perto de no Beco do Rato, na parte mais alta, tá superlotada e sem previsão de novas vagas. A prefeitura precisa expandir a rede.",favela
787,"A mobilidade pra quem mora no alto da comunidade é péssima. Não tem linha de ônibus integrada que funcione de verdade. minha irmã com o carrinho de bebê que trabalha até tarde gasta uma fortuna com mototáxi pra conseguir chegar em casa na Travessa do Sol, área residencial, com segurança. Um absurdo essa falta de opção. Até a escola da garotada fica prejudicada com essa buraqueira toda que impede o acesso.",comunidade
788,"Morar aqui tá difícil por causa dos problemas crônicos de drenagem pluvial. na calçada da Rua Artur Araripe,, a água fica empossada por dias após qualquer temporal comum. eu mesmo com pressa pro serviço reclama que o mau cheiro de esgoto invade os apartamentos do térreo. Cadê as obras de saneamento e escoamento prometidas pela prefeitura?",asfalto
789,"O esgoto correndo a céu aberto aqui na comunidade é uma humilhação diária. logo cedo na segunda-feira o cano estourou bem nas proximidades do posto de saúde da Gávea, e tá aquela lama podre passando na porta de casa. um grupo de estudantes daqui tá limpando tudo sozinho porque a prefeitura não manda ninguém da Cedae ou da Comlurb. Rato e barata tomando conta de tudo.",comunidade
790,"O posto de saúde da Gávea tá sem o mínimo de estrutura pra atender o bairro. minha filha mais nova precisava de remédio de uso contínuo pra pressão e disseram que tá em falta na farmácia do posto faz dois meses. Pra marcar um exame simples pelo Sisreg é uma novela que demora quase um ano, descaso total. Nem o Parque da Cidade escapa desse abandono generalizado que tomou conta do nosso bairro.",alto da gávea
791,"Os buracos na pista tão acabando com os carros dos moradores. na curva perigosa perto da descida pra o São Conrado, tem uma cratera aberta que tá causando acidentes graves. durante o temporal de ontem um motoqueiro quase se acidentou feio. meu vizinho da frente, o Seu Jorge, já abriu vários chamados no 1746 mas eles só jogam uma terra que sai na primeira chuvinha.",alto da gávea
792,"A situação da saúde aqui tá precária demais. O posto da Gávea não dá conta de atender todo mundo da favela e do asfalto. uma vizinha nossa, a Dona Maria, foi lá com suspeita de dengue no meio da semana passada e mandaram voltar pra casa e tomar paracetamol sem nem fazer exame de sangue. Uma vergonha esse descaso.",comunidade
793,"O Parque da Cidade, que deveria ser um espaço de lazer maravilhoso na Gávea, tá abandonado pelo poder público. Mato altíssimo, brinquedos do parquinho enferrujados e quebrados, e lixo espalhado. meu marido voltando do trabalho foi lá com a família ontem de noite e ficou indignado com o descaso total com a nossa área verde. E pra piorar tudo, as calçadas tão todas quebradas, um perigo de queda pros idosos.",alto da gávea
794,"Na comunidade a gente sofre quando alguém passa mal. na semana passada, meu filho adolescente teve uma crise forte e a ambulância do Samu se recusou a subir na Viela da Paz, subindo as escadas, alegando falta de segurança. Tivemos que carregar ele no braço até o asfalto. O posto de saúde também nunca tem remédio básico.",favela
795,"Os buracos na pista tão acabando com os carros dos moradores. na calçada da Rua Artur Araripe, tem uma cratera aberta que tá causando acidentes graves. na última terça-feira um motoqueiro quase se acidentou feio. minha mãe idosa já abriu vários chamados no 1746 mas eles só jogam uma terra que sai na primeira chuvinha.",asfalto
796,"A infraestrutura básica passou longe das vielas daqui da favela. na localidade conhecida como Grota,, o acesso é péssimo, sem pavimentação adequada, cheio de valas e lodo acumulado que faz as pessoas escorregarem. uma senhora de idade que mora aqui perto idoso tem muita dificuldade de sair de casa. Falta pavimentação e acessibilidade. E a iluminação dos postes sumiu nessa parte, virando um breu danado propício pra assaltos.",favela
797,"Conseguir vaga na creche pública aqui na região é quase impossível, uma fila de espera eterna no sistema. Estou com um rapaz que estuda na PUC sem estudar porque nunca tem vaga disponível nas creches perto de na Rua Vice-Governador Rubens Berardo,. As mães trabalhadoras precisam desse suporte urgente pra poder trabalhar em paz.",asfalto
798,"A coleta de lixo aqui dentro não funciona direito e o povo acaba jogando os sacos nas encostas ou perto de perto do ponto final das vans lá em cima,. no último sábado de madrugada acumulou tanta sujeira que tampou a passagem do beco. um morador antigo aqui do beco se preocupa com as doenças, o valão tá transbordando e ninguém limpa essa imundície.",favela
799,"Prometeram regularização fundiária pra nossa comunidade há anos, disseram que a gente ia ter o documento da casa própria, mas ficou só na promessa vazia. minha irmã com o carrinho de bebê investiu o dinheiro da vida toda construindo sua moradia perto de na escadaria principal da comunidade, e vive com a insegurança de ser despejado. Desse jeito o posto de saúde vai continuar lotado de gente doente com infecção.",comunidade
800,"A Gávea paga impostos e taxas altíssimas, como um IPTU absurdo, mas o retorno em serviços públicos de qualidade é quase zero. eu mesmo com pressa pro serviço desabafa que as autoridades não fiscalizam as irregularidades urbanas e deixam o bairro abandonado à própria sorte. Precisamos de gestão de verdade.",asfalto
801,"Não dá mais pra aguentar a falta de segurança. logo cedo na segunda-feira, um grupo de estudantes daqui foi abordado por dois caras de moto bem na Rua Engenheiro Álvaro Niemeyer,. Levaram o celular e a carteira, deixando todo mundo assustado. A polícia sumiu da região, ficamos desprotegidos. É uma revolta ver o bairro abandonado assim, parece que a prefeitura esqueceu da gente.",alto da gávea
802,"As vans que sobem o morro cobram caro e andam correndo igual loucas pelas subidas estreitas, um perigo. minha filha mais nova quase sofreu um acidente no final da tarde de quinta perto de próximo ao pequeno comércio da subida, porque o motorista tava disputando passageiro com outra van. Falta fiscalização pesada do transporte alternativo aqui dentro. Fora o transporte público que demora horas pra passar e nos deixa mofando no ponto com medo.",comunidade
803,"O posto de saúde tá sempre lotado e faltam especialistas como pediatra e ginecologista. meu vizinho da frente, o Seu Jorge, tá tentando marcar uma consulta há mais de quatro meses e nada. durante o temporal de ontem disseram que o sistema do Sisreg caiu. É uma falta de respeito enorme com quem mora na comunidade.",comunidade
804,"Falta saneamento básico e vergonha na cara das autoridades. na subida da passarela de acesso, tá cheio de esgoto vazando direto e as crianças brincam do lado da sujeira. uma vizinha nossa, a Dona Maria, tá com o filho internado no posto com infecção por causa disso. É desumano viver desse jeito sem rede de esgoto adequada nas vielas.",favela
805,"A saúde aqui na região tá um caos absoluto. Fui levar meu marido voltando do trabalho no posto de saúde da Gávea ontem de noite e não tinha nenhum clínico de plantão. Uma fila imensa dobrava o quarteirão desde a madrugada e de manhã disseram que as senhas tinham acabado. É humilhante ver o trabalhador sofrendo assim. A prefeitura diz na televisão que faz obra mas a verdade é que o descaso continua igual por aqui.",alto da gávea
806,"Falta de vaga em creche municipal aqui dentro da comunidade é um abssurdo que prejudica as mães. meu filho adolescente tá desempregada porque não tem com quem deixar o bebê, já que a creche perto de nas vielas apertadas perto do CIEP, tá superlotada e sem previsão de novas vagas. A prefeitura precisa expandir a rede.",favela
807,"O acúmulo de lixo nas calçadas da Gávea tá atraindo muito bicho e barata. nos arredores da Praça Santos Dumont, no Baixo Gávea,, os sacos de lixo ficam amontoados porque a coleta tá passando fora do horário comercial. minha mãe idosa já viu ratazana enorme correndo perto dos pedestres. Uma falta de higiene terrível num bairro desses.",asfalto
808,"A gente vive com medo de sair de casa à noite. Aqui perto de na Rua Engenheiro Álvaro Niemeyer,, os assaltos são constantes e violentos. esses dias atrás teve correria perto do ponto de ônibus. É um trauma pro uma senhora de idade que mora aqui perto e pra todo mundo que mora aqui no asfalto. Cadê o Segurança Presente que tanto prometeram? É uma falta de respeito tremenda com quem paga imposto caro todo mês e não vê retorno.",alto da gávea
809,"Não dá mais pra aguentar a falta de segurança. anteontem, um rapaz que estuda na PUC foi abordado por dois caras de moto bem no trecho mais alto e escuro da via,. Levaram o celular e a carteira, deixando todo mundo assustado. A polícia sumiu da região, ficamos desprotegidos. É uma revolta ver o bairro abandonado assim, parece que a prefeitura esqueceu da gente.",alto da gávea
810,"Há um descaso imenso com a fiscalização de obras residenciais na nossa região. perto do mirante do Alto da Gávea,, tão fazendo construções que parecem irregulares e tão afetando a estrutura das casas vizinhas e gerando rachaduras. um morador antigo aqui do beco já denunciou na prefeitura mas ninguém vem embargar a obra.",alto da gávea
811,"O posto de saúde tá sempre lotado e faltam especialistas como pediatra e ginecologista. minha irmã com o carrinho de bebê tá tentando marcar uma consulta há mais de quatro meses e nada. em plena luz do dia ontem disseram que o sistema do Sisreg caiu. É uma falta de respeito enorme com quem mora na comunidade. Até a escola da garotada fica prejudicada com essa buraqueira toda que impede o acesso.",comunidade
812,"A infraestrutura básica passou longe das vielas daqui da favela. no beco que dá acesso à quadra de esporte,, o acesso é péssimo, sem pavimentação adequada, cheio de valas e lodo acumulado que faz as pessoas escorregarem. eu mesmo com pressa pro serviço idoso tem muita dificuldade de sair de casa. Falta pavimentação e acessibilidade.",comunidade
813,"Não dá mais pra aguentar a falta de segurança. logo cedo na segunda-feira, um grupo de estudantes daqui foi abordado por dois caras de moto bem na subida da Estrada da Gávea,. Levaram o celular e a carteira, deixando todo mundo assustado. A polícia sumiu da região, ficamos desprotegidos. É uma revolta ver o bairro abandonado assim, parece que a prefeitura esqueceu da gente.",alto da gávea
814,"Na comunidade a gente sofre quando alguém passa mal. no final da tarde de quinta, minha filha mais nova teve uma crise forte e a ambulância do Samu se recusou a subir perto da associação de moradores, alegando falta de segurança. Tivemos que carregar ele no braço até o asfalto. O posto de saúde também nunca tem remédio básico. Nem o Parque da Cidade escapa desse abandono generalizado que tomou conta do nosso bairro.",comunidade
815,"Olha, a situação da segurança tá caótica na Gávea. na Rua Engenheiro Álvaro Niemeyer, virou ponto fixo de bandido assaltando quem sai do trabalho ou da faculdade. durante o temporal de ontem teve mais um roubo de celular violento. meu vizinho da frente, o Seu Jorge, tentou acionar os policiais mas a viatura demorou uma eternidade pra chegar.",alto da gávea
816,"Os pontos de ônibus perto de próximo ao pequeno comércio da subida, tão abandonados, sem cobertura nenhuma contra chuva ou sol e totalmente escuros de noite. uma vizinha nossa, a Dona Maria, fica exposto ao perigo e ao tempo esperando condução que nunca passa no horário certo. Transporte de qualidade é um direito nosso.",comunidade
817,"Ir no posto de saúde da Gávea é passar nervoso. Fui levar meu marido voltando do trabalho ontem de noite e o atendimento tava parado por falta de médico. A gente que mora no morro tem que descer de madrugada, pegar chuva na fila pra ouvir que não tem vaga. Saúde pública aqui tá largada às traças. E pra piorar tudo, as calçadas tão todas quebradas, um perigo de queda pros idosos.",favela
818,"A coleta de lixo aqui dentro não funciona direito e o povo acaba jogando os sacos nas encostas ou perto de na área baixa perto do canal,. na semana passada acumulou tanta sujeira que tampou a passagem do beco. meu filho adolescente se preocupa com as doenças, o valão tá transbordando e ninguém limpa essa imundície.",comunidade
819,"O posto de saúde tá sempre lotado e faltam especialistas como pediatra e ginecologista. minha mãe idosa tá tentando marcar uma consulta há mais de quatro meses e nada. na última terça-feira disseram que o sistema do Sisreg caiu. É uma falta de respeito enorme com quem mora na comunidade.",comunidade
820,"A situação da saúde aqui tá precária demais. O posto da Gávea não dá conta de atender todo mundo da favela e do asfalto. uma senhora de idade que mora aqui perto foi lá com suspeita de dengue esses dias atrás e mandaram voltar pra casa e tomar paracetamol sem nem fazer exame de sangue. Uma vergonha esse descaso. E a iluminação dos postes sumiu nessa parte, virando um breu danado propício pra assaltos.",favela
821,"A saúde aqui na região tá um caos absoluto. Fui levar um rapaz que estuda na PUC no posto de saúde da Gávea anteontem e não tinha nenhum clínico de plantão. Uma fila imensa dobrava o quarteirão desde a madrugada e de manhã disseram que as senhas tinham acabado. É humilhante ver o trabalhador sofrendo assim.",asfalto
822,"A coleta de lixo aqui dentro não funciona direito e o povo acaba jogando os sacos nas encostas ou perto de na Viela da Paz, subindo as escadas,. no último sábado de madrugada acumulou tanta sujeira que tampou a passagem do beco. um morador antigo aqui do beco se preocupa com as doenças, o valão tá transbordando e ninguém limpa essa imundície.",favela
823,"Muitos prédios antigos no asfalto tão sofrendo com a falta de manutenção externa e fiação velha, e a prefeitura não ajuda com nenhum tipo de incentivo. minha irmã com o carrinho de bebê comenta que morar na Gávea virou sinônimo de pagar IPTU absurdo pra não ter nenhum apoio habitacional ou urbanístico. Desse jeito o posto de saúde vai continuar lotado de gente doente com infecção.",asfalto
824,"Minha reclamação é sobre a dificuldade de conseguir atendimento de emergência na área. já faz uns três dias precisamos de socorro urgente pra eu mesmo com pressa pro serviço, mas a ambulância demorou horas pra chegar aqui perto do Planetário da Gávea,. O posto de saúde vive superlotado e sem médicos suficientes pra a demanda absurda.",asfalto
825,"A prefeitura e a subprefeitura só lembram que os morador da Gávea existem em ano de eleição. Aparecem políticos prometendo mundos e fundos aqui em nas imediações das mansões residenciais,. Depois que são eleitos, somem e os problemas continuam os mesmos. um grupo de estudantes daqui tá cansado dessas falsas promessas de campanha.",alto da gávea
826,"Há um descaso imenso com a fiscalização de obras residenciais na nossa região. no cruzamento principal perto do posto de combustível,, tão fazendo construções que parecem irregulares e tão afetando a estrutura das casas vizinhas e gerando rachaduras. minha filha mais nova já denunciou na prefeitura mas ninguém vem embargar a obra. Fora o transporte público que demora horas pra passar e nos deixa mofando no ponto com medo.",asfalto
827,"As vans e ônibus que circulam pelo bairro andam em velocidade absurda e perigosa. meu vizinho da frente, o Seu Jorge, pegou uma condução dessas durante o temporal de ontem perto de na Rua Marquês de São Vicente, bem perto da PUC, e ficou apavorado com a imprudência. Precisamos de fiscalização rigorosa da guarda municipal e mais linhas de ônibus regulares.",asfalto
828,"A gente vive no meio do fogo cruzado e ninguém faz nada por nós. no meio da semana passada teve tiroteio perto do CIEP e uma vizinha nossa, a Dona Maria, teve que correr pra se proteger dentro do beco. As crianças ficam traumatizadas e perdem aula direta. Segurança pra nós da comunidade é artigo de luxo pelo visto.",favela
829,"O Parque da Cidade, que deveria ser um espaço de lazer maravilhoso na Gávea, tá abandonado pelo poder público. Mato altíssimo, brinquedos do parquinho enferrujados e quebrados, e lixo espalhado. meu marido voltando do trabalho foi lá com a família ontem de noite e ficou indignado com o descaso total com a nossa área verde. A prefeitura diz na televisão que faz obra mas a verdade é que o descaso continua igual por aqui.",asfalto
830,"A insegurança aqui tá um absurdo total. Ninguém consegue mais andar tranquilo no trecho mais alto e escuro da via, depois das sete da noite porque o policiamento preventivo sumiu. meu filho adolescente já cansou de ver assalto perto dos prédios. Precisamos de patrulhamento urgente e iluminação de verdade pra afastar esses criminosos.",alto da gávea
831,"O posto de saúde tá sempre lotado e faltam especialistas como pediatra e ginecologista. minha mãe idosa tá tentando marcar uma consulta há mais de quatro meses e nada. na última terça-feira disseram que o sistema do Sisreg caiu. É uma falta de respeito enorme com quem mora na comunidade.",comunidade
832,"A gente vive no meio do fogo cruzado e ninguém faz nada por nós. esses dias atrás teve tiroteio perto do CIEP e uma senhora de idade que mora aqui perto teve que correr pra se proteger dentro do beco. As crianças ficam traumatizadas e perdem aula direta. Segurança pra nós da comunidade é artigo de luxo pelo visto. É uma falta de respeito tremenda com quem paga imposto caro todo mês e não vê retorno.",comunidade
833,"O Parque da Cidade, que deveria ser um espaço de lazer maravilhoso na Gávea, tá abandonado pelo poder público. Mato altíssimo, brinquedos do parquinho enferrujados e quebrados, e lixo espalhado. um rapaz que estuda na PUC foi lá com a família anteontem e ficou indignado com o descaso total com a nossa área verde.",alto da gávea
834,"A insegurança aqui tá um absurdo total. Ninguém consegue mais andar tranquilo na Rua Marquês de São Vicente, bem perto da PUC, depois das sete da noite porque o policiamento preventivo sumiu. um morador antigo aqui do beco já cansou de ver assalto perto dos prédios. Precisamos de patrulhamento urgente e iluminação de verdade pra afastar esses criminosos.",asfalto
835,"O posto de saúde tá sempre lotado e faltam especialistas como pediatra e ginecologista. minha irmã com o carrinho de bebê tá tentando marcar uma consulta há mais de quatro meses e nada. em plena luz do dia ontem disseram que o sistema do Sisreg caiu. É uma falta de respeito enorme com quem mora na comunidade. Até a escola da garotada fica prejudicada com essa buraqueira toda que impede o acesso.",favela
836,"A infraestrutura básica passou longe das viela daqui da favela. na Viela da Paz, subindo as escadas,, o acesso é péssimo, sem pavimentação adequada, cheio de valas e lodo acumulado que faz as pessoas escorregarem. eu mesmo com pressa pro serviço idoso tem muita dificuldade de sair de casa. Falta pavimentação e acessibilidade.",favela
837,"A situação da segurança aqui dentro tá muito complicada e tensa. logo cedo na segunda-feira teve operação e correria bem perto do valão de esgoto principal,, deixando os moradores apavorados dentro de casa. um grupo de estudantes daqui ficou preso sem conseguir descer pro trabalho. Falta uma política de segurança que respeite quem mora aqui na favela.",favela
838,"A fiação elétrica aqui tá um perigo absurdo, um emaranhado de fios soltos e baixos passando na cabeça da gente. nas proximidades do posto de saúde da Gávea,, os cabos tão quase tocando o chão das vielas. minha filha mais nova tem medo de um curto-circuito ou incêndio grave. A Light e a prefeitura precisam ordenar esse caos. Nem o Parque da Cidade escapa desse abandono generalizado que tomou conta do nosso bairro.",comunidade
839,"Morar perto do valão é um sofrimento sem fim que ninguém merece. na subida da passarela de acesso,, o cheiro é de morte o dia todo e quando chove a água podre invade os becos e entra nas casas. meu vizinho da frente, o Seu Jorge, perdeu os móveis na última enchente. Precisamos de saneamento básico, saneamento é dignidade humana!",favela
840,"A gente vive com medo de sair de casa à noite. Aqui perto de no cruzamento principal perto do posto de combustível,, os assaltos são constantes e violentos. no meio da semana passada teve correria perto do ponto de ônibus. É um trauma pro uma vizinha nossa, a Dona Maria, e pra todo mundo que mora aqui no asfalto. Cadê o Segurança Presente que tanto prometeram?",asfalto
841,"O custo de moradia na Gávea virou uma loucura completa e inacessível. Os aluguéis tão num valor abusivo por causa da especulação imobiliária. meu marido voltando do trabalho mora aqui há mais de dez anos perto de na Rua Marquês de São Vicente, bem perto da PUC, e agora tá sendo obrigado a se mudar porque não aguenta mais pagar tão caro por um espaço pequeno. E pra piorar tudo, as calçadas tão todas quebradas, um perigo de queda pros idosos.",asfalto
842,"A coleta de lixo aqui dentro não funciona direito e o povo acaba jogando os sacos nas encostas ou perto de no Beco do Rato, na parte mais alta,. na semana passada acumulou tanta sujeira que tampou a passagem do beco. meu filho adolescente se preocupa com as doenças, o valão tá transbordando e ninguém limpa essa imundície.",favela
843,"As vans e ônibus que circulam pelo bairro andam em velocidade absurda e perigosa. minha mãe idosa pegou uma condução dessas na última terça-feira perto de na Rua Engenheiro Álvaro Niemeyer, e ficou apavorado com a imprudência. Precisamos de fiscalização rigorosa da guarda municipal e mais linhas de ônibus regulares.",alto da gávea
844,"Falta planejamento e manutenção da infraestrutura urbana na Gávea. No entorno de no trecho mais alto e escuro da via,, as calçadas são estreitas, quebradas e cheias de obstáculos, fora a fiação aérea pesada que parece que vai cair. uma senhora de idade que mora aqui perto que anda por aqui todo dia vê o completo abandono do asfalto. E a iluminação dos postes sumiu nessa parte, virando um breu danado propício pra assaltos.",alto da gávea
845,"As calçadas aqui da Gávea tão completamente detonadas, cheias de buracos e pedras soltas. anteontem, um rapaz que estuda na PUC tropeçou e quase caiu feio bem perto do Planetário da Gávea,. As raízes das árvores estouraram o concreto e ninguém conserta. Idosos sofrem demais pra caminhar por aqui, cadê a conservação?",asfalto
846,"A insegurança aqui tá um absurdo total. Ninguém consegue mais andar tranquilo na Rua Vice-Governador Rubens Berardo, depois das sete da noite porque o policiamento preventivo sumiu. um morador antigo aqui do beco já cansou de ver assalto perto dos prédios. Precisamos de patrulhamento urgente e iluminação de verdade pra afastar esses criminosos.",asfalto
847,"Olha, a situação da segurança tá caótica na Gávea. no cruzamento principal perto do posto de combustível, virou ponto fixo de bandido assaltando quem sai do trabalho ou da faculdade. em plena luz do dia ontem teve mais um roubo de celular violento. minha irmã com o carrinho de bebê tentou acionar os policial mas a viatura demorou uma eternidade pra chegar. Desse jeito o posto de saúde vai continuar lotado de gente doente com infecção.",asfalto
848,"Minha reclamação é sobre a dificuldade de conseguir atendimento de emergência na área. já faz uns três dias precisamos de socorro urgente pra eu mesmo com pressa pro serviço, mas a ambulância demorou horas pra chegar aqui na Rua Marquês de São Vicente, bem perto da PUC,. O posto de saúde vive superlotado e sem médicos suficientes pra a demanda absurda.",asfalto
849,"O risco de deslizamento de barreira tira o sono de qualquer morador. Toda vez que começa a chover forte, um grupo de estudantes daqui fica acordado a noite toda vigiando a encosta perto de perto da associação de moradores,. A Geo-Rio precisa fazer uma obra de contenção de encostas urgente ali antes que aconteça uma tragédia.",comunidade
850,"A única pracinha que a gente tem perto de na Viela da Paz, subindo as escadas, tá totalmente destruída. Os brinquedos que a própria comunidade ajudou a cuidar tão quebrados e o mato tá alto, cheio de rato. minha filha mais nova tentou levar os netos no final da tarde de quinta mas não dava nem pra entrar de tanta sujeira. Queremos lazer digno. Fora o transporte público que demora horas pra passar e nos deixa mofando no ponto com medo.",favela
851,"O acúmulo de lixo nas calçadas da Gávea tá atraindo muito bicho e barata. na calçada da Rua Artur Araripe,, os sacos de lixo ficam amontoados porque a coleta tá passando fora do horário comercial. meu vizinho da frente, o Seu Jorge, já viu ratazana enorme correndo perto dos pedestres. Uma falta de higiene terrível num bairro desses.",asfalto
852,"A gente vive com medo de sair de casa à noite. Aqui perto de perto do mirante do Alto da Gávea,, os assaltos são constantes e violentos. no meio da semana passada teve correria perto do ponto de ônibus. É um trauma pro uma vizinha nossa, a Dona Maria, e pra todo mundo que mora aqui no asfalto. Cadê o Segurança Presente que tanto prometeram?",alto da gávea
853,"As escadarias e vielas da comunidade tão caindo aos pedaços de tão velhas. Os degraus tão todos quebrados e não tem um corrimão sequer, o que é um perigo imenso em dia de chuva. meu marido voltando do trabalho escorregou e machucou o braço ontem de noite subindo na área baixa perto do canal,. Precisamos de reformas urgentes. A prefeitura diz na televisão que faz obra mas a verdade é que o descaso continua igual por aqui.",comunidade
854,"A coleta de lixo aqui dentro não funciona direito e o povo acaba jogando os sacos nas encostas ou perto de perto do ponto final das vans lá em cima,. na semana passada acumulou tanta sujeira que tampou a passagem do beco. meu filho adolescente se preocupa com as doenças, o valão tá transbordando e ninguém limpa essa imundície.",favela
855,"O acúmulo de lixo nas calçadas da Gávea tá atraindo muito bicho e barata. na subida da Estrada da Gávea,, os sacos de lixo ficam amontoados porque a coleta tá passando fora do horário comercial. minha mãe idosa já viu ratazana enorme correndo perto dos pedestres. Uma falta de higiene terrível num bairro desses.",alto da gávea
856,"A gente vive no meio do fogo cruzado e ninguém faz nada por nós. esses dias atrás teve tiroteio perto do CIEP e uma senhora de idade que mora aqui perto teve que correr pra se proteger dentro do beco. As crianças ficam traumatizadas e perdem aula direta. Segurança pra nós da comunidade é artigo de luxo pelo visto. É uma falta de respeito tremenda com quem paga imposto caro todo mês e não vê retorno.",favela
857,"A situação do CIEP aqui da comunidade tá de dar pena. Prédio precisando de reforma urgente, salas quentes demais e falta de manutenção nos banheiros. um rapaz que estuda na PUC estuda lá e conta que faltam livros didáticos básicos. anteontem cancelaram a aula mais cedo por falta de água no colégio perto de na Viela da Paz, subindo as escadas,.",favela
858,"A estrutura das poucas escolas públicas do bairro deixa a desejar. no último sábado de madrugada faltou luz e as criança sofreram num calor insuportável porque o ar condicionado tá quebrado há meses na escola perto de na calçada da Rua Artur Araripe,. um morador antigo aqui do beco estuda lá e diz que até a merenda tá vindo fraca, puro descaso.",asfalto
859,"A subprefeitura da Zona Sul não bota os pés aqui dentro da comunidade pra ver nossa realidade. Ignoram o esgoto, a falta de luz nas vielas e o perigo nas encostas perto de nas proximidades do posto de saúde da Gávea,. minha irmã com o carrinho de bebê diz que o morador tá abandonado e tem que resolver tudo por conta própria através de mutirão. Até a escola da garotada fica prejudicada com essa buraqueira toda que impede o acesso.",comunidade
860,"Minha reclamação é sobre a dificuldade de conseguir atendimento de emergência na área. já faz uns três dias precisamos de socorro urgente pra eu mesmo com pressa pro serviço, mas a ambulância demorou horas pra chegar aqui na Rua Vice-Governador Rubens Berardo,. O posto de saúde vive superlotado e sem médicos suficientes pra a demanda absurda.",asfalto
861,"Conseguir vaga na creche pública aqui na região é quase impossível, uma fila de espera eterna no sistema. Estou com um grupo de estudantes daqui sem estudar porque nunca tem vaga disponível nas creches perto de no cruzamento principal perto do posto de combustível,. As mães trabalhadoras precisam desse suporte urgente pra poder trabalhar em paz.",asfalto
862,"A fiação elétrica aqui tá um perigo absurdo, um emaranhado de fios soltos e baixos passando na cabeça da gente. na escadaria principal da comunidade,, os cabos tão quase tocando o chão das vielas. minha filha mais nova tem medo de um curto-circuito ou incêndio grave. A Light e a prefeitura precisam ordenar esse caos. Nem o Parque da Cidade escapa desse abandono generalizado que tomou conta do nosso bairro.",comunidade
863,"Morar perto do valão é um sofrimento sem fim que ninguém merece. no Beco do Rato, na parte mais alta,, o cheiro é de morte o dia todo e quando chove a água podre invade os becos e entra nas casas. meu vizinho da frente, o Seu Jorge, perdeu os móveis na última enchente. Precisamos de saneamento básico, saneamento é dignidade humana!",favela
864,"A infraestrutura básica passou longe das vielas daqui da favela. na Viela da Paz, subindo as escadas,, o acesso é péssimo, sem pavimentação adequada, cheio de valas e lodo acumulado que faz as pessoas escorregarem. uma vizinha nossa, a Dona Maria, idoso tem muita dificuldade de sair de casa. Falta pavimentação e acessibilidade.",favela
865,"A situação da segurança aqui dentro tá muito complicada e tensa. ontem de noite teve operação e correria bem próximo ao pequeno comércio da subida,, deixando os moradores apavorados dentro de casa. meu marido voltando do trabalho ficou preso sem conseguir descer pro trabalho. Falta uma política de segurança que respeite quem mora aqui na favela. E pra piorar tudo, as calçadas tão todas quebradas, um perigo de queda pros idosos.",comunidade
866,"A insegurança aqui tá um absurdo total. Ninguém consegue mais andar tranquilo perto do Planetário da Gávea, depois das sete da noite porque o policiamento preventivo sumiu. meu filho adolescente já cansou de ver assalto perto dos prédios. Precisamos de patrulhamento urgente e iluminação de verdade pra afastar esses criminosos.",asfalto
867,"O posto de saúde tá sempre lotado e faltam especialistas como pediatra e ginecologista. minha mãe idosa tá tentando marcar uma consulta há mais de quatro meses e nada. na última terça-feira disseram que o sistema do Sisreg caiu. É uma falta de respeito enorme com quem mora na comunidade.",favela
868,"A situação da saúde aqui tá precária demais. O posto da Gávea não dá conta de atender todo mundo da favela e do asfalto. uma senhora de idade que mora aqui perto foi lá com suspeita de dengue esses dias atrás e mandaram voltar pra casa e tomar paracetamol sem nem fazer exame de sangue. Uma vergonha esse descaso. E a iluminação dos postes sumiu nessa parte, virando um breu danado propício pra assaltos.",favela
869,"As escadarias e vielas da comunidade tão caindo aos pedaços de tão velhas. Os degraus tão todos quebrados e não tem um corrimão sequer, o que é um perigo imenso em dia de chuva. um rapaz que estuda na PUC escorregou e machucou o braço anteontem subindo nas viela apertadas perto do CIEP,. Precisamos de reformas urgentes.",favela
870,"A iluminação pública tá uma vergonha nessa área residencial. nos arredores da Praça Santos Dumont, no Baixo Gávea, tá com várias lâmpadas queimadas nos postes há semanas, deixando a rua num breu completo. um morador antigo aqui do beco tem medo de voltar do trabalho de noite. É um perigo danado, a Rioluz precisa fazer a manutenção urgente.",asfalto
871,"Um abssurdo a truculência nas abordagens policiais aqui na comunidade. em plena luz do dia ontem, minha irmã com o carrinho de bebê foi parado voltando do serviço bem na Viela da Paz, subindo as escadas, e os policiais já chegaram esculachando, tratando como suspeito. A gente quer segurança, mas quer respeito também, porque trabalhador não é bandido. Desse jeito o posto de saúde vai continuar lotado de gente doente com infecção.",favela
872,"A quadra de esportes da favela tá abandonada há anos, sem iluminação, com o piso todo rachado e a tela de proteção rasgada. já faz uns três dias um jovem se machucou jogando bola perto de próximo ao pequeno comércio da subida,. eu mesmo com pressa pro serviço pede socorro pra secretaria de esportes reformar o local pros nossos jovens saírem da rua.",comunidade
873,"A saúde aqui na região tá um caos absoluto. Fui levar um grupo de estudantes daqui no posto de saúde da Gávea logo cedo na segunda-feira e não tinha nenhum clínico de plantão. Uma fila imensa dobrava o quarteirão desde a madrugada e de manhã disseram que as senhas tinham acabado. É humilhante ver o trabalhador sofrendo assim.",alto da gávea
874,"Na comunidade a gente sofre quando alguém passa mal. no final da tarde de quinta, minha filha mais nova teve uma crise forte e a ambulância do Samu se recusou a subir na área baixa perto do canal, alegando falta de segurança. Tivemos que carregar ele no braço até o asfalto. O posto de saúde também nunca tem remédio básico. Fora o transporte público que demora horas pra passar e nos deixa mofando no ponto com medo.",comunidade
875,"A mobilidade pra quem mora no alto da comunidade é péssima. Não tem linha de ônibus integrada que funcione de verdade. meu vizinho da frente, o Seu Jorge, que trabalha até tarde gasta uma fortuna com mototáxi pra conseguir chegar em casa perto do ponto final das vans lá em cima, com segurança. Um absurdo essa falta de opção.",favela
876,"A gente vive no meio do fogo cruzado e ninguém faz nada por nós. no meio da semana passada teve tiroteio perto do CIEP e uma vizinha nossa, a Dona Maria, teve que correr pra se proteger dentro do beco. As crianças ficam traumatizadas e perdem aula direta. Segurança pra nós da comunidade é artigo de luxo pelo visto.",favela
877,"O esgoto correndo a céu aberto aqui na comunidade é uma humilhação diária. ontem de noite o cano estourou bem perto da associação de moradores, e tá aquela lama podre passando na porta de casa. meu marido voltando do trabalho tá limpando tudo sozinho porque a prefeitura não manda ninguém da Cedae ou da Comlurb. Rato e barata tomando conta de tudo. A prefeitura diz na televisão que faz obra mas a verdade é que o descaso continua igual por aqui.",comunidade
878,"A coleta de lixo aqui dentro não funciona direito e o povo acaba jogando os sacos nas encostas ou perto de na Travessa do Sol, área residencial,. na semana passada acumulou tanta sujeira que tampou a passagem do beco. meu filho adolescente se preocupa com as doenças, o valão tá transbordando e ninguém limpa essa imundície.",comunidade
879,"O acúmulo de lixo nas calçadas da Gávea tá atraindo muito bicho e barata. no trecho mais alto e escuro da via,, os sacos de lixo ficam amontoados porque a coleta tá passando fora do horário comercial. minha mãe idosa já viu ratazana enorme correndo perto dos pedestres. Uma falta de higiene terrível num bairro desses.",alto da gávea
880,"A gente vive no meio do fogo cruzado e ninguém faz nada por nós. esses dias atrás teve tiroteio perto do CIEP e uma senhora de idade que mora aqui perto teve que correr pra se proteger dentro do beco. As crianças ficam traumatizadas e perdem aula direta. Segurança pra nós da comunidade é artigo de luxo pelo visto. É uma falta de respeito tremenda com quem paga imposto caro todo mês e não vê retorno.",favela
881,"Ir no posto de saúde da Gávea é passar nervoso. Fui levar um rapaz que estuda na PUC anteontem e o atendimento tava parado por falta de médico. A gente que mora no morro tem que descer de madrugada, pegar chuva na fila pra ouvir que não tem vaga. Saúde pública aqui tá largada às traças.",comunidade
882,"Aqui nas vielas a segurança pública é quase nenhuma, só lembram da gente pra fazer operação violenta. perto do ponto final das vans lá em cima, tá perigoso de andar de noite por falta de luz nos postes. um morador antigo aqui do beco já ouviu relato de assalto nos becos escuros. Queremos paz e policiamento comunitário de verdade.",favela
883,"Os buracos na pista tão acabando com os carros dos moradores. na Rua Marquês de São Vicente, bem perto da PUC, tem uma cratera aberta que tá causando acidentes graves. em plena luz do dia ontem um motoqueiro quase se acidentou feio. minha irmã com o carrinho de bebê já abriu vários chamados no 1746 mas eles só jogam uma terra que sai na primeira chuvinha. Até a escola da garotada fica prejudicada com essa buraqueira toda que impede o acesso.",asfalto
884,"A Defesa Civil veio aqui já faz uns três dias, interditou algumas casas rachadas perto de perto da associação de moradores, por risco iminente de desabamento, mas não dão nenhuma solução real ou auxílio. O aluguel social é uma miséria. eu mesmo com pressa pro serviço tá desesperado sem saber pra onde levar a família e os filhos.",comunidade
885,"A situação do CIEP aqui da comunidade tá de dar pena. Prédio precisando de reforma urgente, salas quentes demais e falta de manutenção nos banheiros. um grupo de estudantes daqui estuda lá e conta que faltam livros didáticos básicos. logo cedo na segunda-feira cancelaram a aula mais cedo por falta de água no colégio perto de na Travessa do Sol, área residencial,.",comunidade
886,"Na comunidade a gente sofre quando alguém passa mal. no final da tarde de quinta, minha filha mais nova teve uma crise forte e a ambulância do Samu se recusou a subir perto do valão de esgoto principal, alegando falta de segurança. Tivemos que carregar ele no braço até o asfalto. O posto de saúde também nunca tem remédio básico. Nem o Parque da Cidade escapa desse abandono generalizado que tomou conta do nosso bairro.",favela
887,"Os buracos na pista tão acabando com os carros dos moradores. perto do Planetário da Gávea, tem uma cratera aberta que tá causando acidentes graves. durante o temporal de ontem um motoqueiro quase se acidentou feio. meu vizinho da frente, o Seu Jorge, já abriu vários chamados no 1746 mas eles só jogam uma terra que sai na primeira chuvinha.",asfalto
888,"Falta fiscalização e zelo com as calçadas e canteiros públicos da Gávea. Perto de na Rua Vice-Governador Rubens Berardo,, jogam entulho e lixo direto no espaço público e ninguém multa. uma vizinha nossa, a Dona Maria, acha um absurdo ver o bairro ficar com cara de abandonado enquanto o imposto cobrado é um dos mais caros do Rio.",asfalto
889,"Ir no posto de saúde da Gávea é passar nervoso. Fui levar meu marido voltando do trabalho ontem de noite e o atendimento tava parado por falta de médico. A gente que mora no morro tem que descer de madrugada, pegar chuva na fila pra ouvir que não tem vaga. Saúde pública aqui tá largada às traças. E pra piorar tudo, as calçadas tão todas quebradas, um perigo de queda pros idosos.",favela
890,"Há um descaso imenso com a fiscalização de obras residenciais na nossa região. na subida da Estrada da Gávea,, tão fazendo construções que parecem irregulares e tão afetando a estrutura das casas vizinhas e gerando rachaduras. meu filho adolescente já denunciou na prefeitura mas ninguém vem embargar a obra.",alto da gávea
891,"O posto de saúde tá sempre lotado e faltam especialistas como pediatra e ginecologista. minha mãe idosa tá tentando marcar uma consulta há mais de quatro meses e nada. na última terça-feira disseram que o sistema do Sisreg caiu. É uma falta de respeito enorme com quem mora na comunidade.",comunidade
892,"Morar aqui tá difícil por causa dos problemas crônicos de drenagem pluvial. em frente ao Shopping da Gávea,, a água fica empossada por dias após qualquer temporal comum. uma senhora de idade que mora aqui perto reclama que o mau cheiro de esgoto invade os apartamentos do térreo. Cadê as obras de saneamento e escoamento prometidas pela prefeitura? E a iluminação dos postes sumiu nessa parte, virando um breu danado propício pra assaltos.",asfalto
893,"A situação da segurança aqui dentro tá muito complicada e tensa. anteontem teve operação e correria bem perto do valão de esgoto principal,, deixando os moradores apavorados dentro de casa. um rapaz que estuda na PUC ficou preso sem conseguir descer pro trabalho. Falta uma política de segurança que respeite quem mora aqui na favela.",favela
894,"A estrutura das poucas escolas públicas do bairro deixa a desejar. no último sábado de madrugada faltou luz e as crianças sofreram num calor insuportável porque o ar condicionado tá quebrado há meses na escola perto de perto do mirante do Alto da Gávea,. um morador antigo aqui do beco estuda lá e diz que até a merenda tá vindo fraca, puro descaso.",alto da gávea
895,"Olha, a situação da segurança tá caótica na Gávea. na Rua Vice-Governador Rubens Berardo, virou ponto fixo de bandido assaltando quem sai do trabalho ou da faculdade. em plena luz do dia ontem teve mais um roubo de celular violento. minha irmã com o carrinho de bebê tentou acionar os policiais mas a viatura demorou uma eternidade pra chegar. Desse jeito o posto de saúde vai continuar lotado de gente doente com infecção.",asfalto
896,"A Defesa Civil veio aqui já faz uns três dias, interditou algumas casas rachadas perto de perto do ponto final das vans lá em cima, por risco iminente de desabamento, mas não dão nenhuma solução real ou auxílio. O aluguel social é uma miséria. eu mesmo com pressa pro serviço tá desesperado sem saber pra onde levar a família e os filhos.",favela
897,"O esgoto correndo a céu aberto aqui na comunidade é uma humilhação diária. logo cedo na segunda-feira o cano estourou bem na escadaria principal da comunidade, e tá aquela lama podre passando na porta de casa. um grupo de estudantes daqui tá limpando tudo sozinho porque a prefeitura não manda ninguém da Cedae ou da Comlurb. Rato e barata tomando conta de tudo.",comunidade
898,"A coleta de lixo aqui dentro não funciona direito e o povo acaba jogando os sacos nas encostas ou perto de perto da associação de moradores,. no final da tarde de quinta acumulou tanta sujeira que tampou a passagem do beco. minha filha mais nova se preocupa com as doenças, o valão tá transbordando e ninguém limpa essa imundície. Fora o transporte público que demora horas pra passar e nos deixa mofando no ponto com medo.",comunidade
899,"Não há transparência nem participação popular nas decisões sobre as obras feitas no bairro. Gastam rios de dinheiro público em intervenções estéticas desnecessárias no asfalto perto de na Rua Engenheiro Álvaro Niemeyer, enquanto falta o básico. meu vizinho da frente, o Seu Jorge, cobra mais diálogo e fiscalização rigorosa dos gastos municipais.",alto da gávea
900,"Falta saneamento básico e vergonha na cara das autoridades. perto do valão de esgoto principal, tá cheio de esgoto vazando direto e as crianças brincam do lado da sujeira. uma vizinha nossa, a Dona Maria, tá com o filho internado no posto com infecção por causa disso. É desumano viver desse jeito sem rede de esgoto adequada nas vielas.",favela
901,"A situação do CIEP aqui da comunidade tá de dar pena. Prédio precisando de reforma urgente, salas quentes demais e falta de manutenção nos banheiros. meu marido voltando do trabalho estuda lá e conta que faltam livros didáticos básicos. ontem de noite cancelaram a aula mais cedo por falta de água no colégio perto de nas proximidades do posto de saúde da Gávea,. A prefeitura diz na televisão que faz obra mas a verdade é que o descaso continua igual por aqui.",comunidade
902,"Falta de vaga em creche municipal aqui dentro da comunidade é um absurdo que prejudica as mães. meu filho adolescente tá desempregada porque não tem com quem deixar o bebê, já que a creche perto de na subida da passarela de acesso, tá superlotada e sem previsão de novas vagas. A prefeitura precisa expandir a rede.",favela
903,"Um absurdo completo o atendimento de saúde pública na nossa zona. na última terça-feira, minha mãe idosa passou muito mal com febre alta e ficamos horas esperando atendimento médico no posto da Gávea. Os profissionais trabalham sobrecarregados e faltam insumos básicos. A prefeitura precisa investir sério.",asfalto
904,"O trânsito nos horários de pico perto de na Rua Marquês de São Vicente, bem perto da PUC, é insuportável, principalmente por causa da saída das escolas particulares e da faculdade. Faltam guardas municipais pra ordenar o fluxo de veículos e orientar as travessias. uma senhora de idade que mora aqui perto perde um tempo absurdo engarrafado todo dia. É uma falta de respeito tremenda com quem paga imposto caro todo mês e não vê retorno.",asfalto
905,"As escadarias e vielas da comunidade tão caindo aos pedaços de tão velhas. Os degraus tão todos quebrados e não tem um corrimão sequer, o que é um perigo imenso em dia de chuva. um rapaz que estuda na PUC escorregou e machucou o braço anteontem subindo no Beco do Rato, na parte mais alta,. Precisamos de reformas urgentes.",favela
906,"O posto de saúde da Gávea tá sem o mínimo de estrutura pra atender o bairro. um morador antigo aqui do beco precisava de remédio de uso contínuo pra pressão e disseram que tá em falta na farmácia do posto faz dois meses. Pra marcar um exame simples pelo Sisreg é uma novela que demora quase um ano, descaso total.",asfalto
907,"Os buracos na pista tão acabando com os carros dos moradores. no trecho mais alto e escuro da via, tem uma cratera aberta que tá causando acidentes graves. em plena luz do dia ontem um motoqueiro quase se acidentou feio. minha irmã com o carrinho de bebê já abriu vários chamados no 1746 mas eles só jogam uma terra que sai na primeira chuvinha. Até a escola da garotada fica prejudicada com essa buraqueira toda que impede o acesso.",alto da gávea
908,"A gente vive no meio do fogo cruzado e ninguém faz nada por nós. já faz uns três dias teve tiroteio perto do CIEP e eu mesmo com pressa pro serviço teve que correr pra se proteger dentro do beco. As crianças ficam traumatizadas e perdem aula direta. Segurança pra nós da comunidade é artigo de luxo pelo visto.",comunidade
909,"É uma pouca vergonha o estado das galerias de esgoto aqui. logo cedo na segunda-feira a tubulação começou a vazar bem na Rua Vice-Governador Rubens Berardo, e o mau cheiro tá insuportável na rua inteira. um grupo de estudantes daqui já ligou pro 1746 reclamando, mas ninguém aparece. Descaso total da prefeitura com o IPTU caro que a gente paga.",asfalto
910,"O posto de saúde da Gávea tá sem o mínimo de estrutura pra atender o bairro. minha filha mais nova precisava de remédio de uso contínuo pra pressão e disseram que tá em falta na farmácia do posto faz dois meses. Pra marcar um exame simples pelo Sisreg é uma novela que demora quase um ano, descaso total. Nem o Parque da Cidade escapa desse abandono generalizado que tomou conta do nosso bairro.",alto da gávea
911,"Os buracos na pista tão acabando com os carros dos moradores. na subida da Estrada da Gávea, tem uma cratera aberta que tá causando acidentes graves. durante o temporal de ontem um motoqueiro quase se acidentou feio. meu vizinho da frente, o Seu Jorge, já abriu vários chamados no 1746 mas eles só jogam uma terra que sai na primeira chuvinha.",alto da gávea
912,"A infraestrutura básica passou longe das vielas daqui da favela. no Beco do Rato, na parte mais alta,, o acesso é péssimo, sem pavimentação adequada, cheio de valas e lodo acumulado que faz as pessoas escorregarem. uma vizinha nossa, a Dona Maria, idoso tem muita dificuldade de sair de casa. Falta pavimentação e acessibilidade.",favela
913,"A prefeitura e a subprefeitura só lembram que os morador da Gávea existem em ano de eleição. Aparecem políticos prometendo mundos e fundos aqui em na Rua Engenheiro Álvaro Niemeyer,. Depois que são eleitos, somem e os problemas continuam os mesmos. meu marido voltando do trabalho tá cansado dessas falsas promessas de campanha. E pra piorar tudo, as calçada tão todas quebradas, um perigo de queda pros idosos.",alto da gávea
914,"A insegurança aqui tá um absurdo total. Ninguém consegue mais andar tranquilo no trecho mais alto e escuro da via, depois das sete da noite porque o policiamento preventivo sumiu. meu filho adolescente já cansou de ver assalto perto dos prédios. Precisamos de patrulhamento urgente e iluminação de verdade pra afastar esses criminosos.",alto da gávea
915,"Muitos prédios antigos no asfalto tão sofrendo com a falta de manutenção externa e fiação velha, e a prefeitura não ajuda com nenhum tipo de incentivo. minha mãe idosa comenta que morar na Gávea virou sinônimo de pagar IPTU absurdo pra não ter nenhum apoio habitacional ou urbanístico.",alto da gávea
916,"Os pontos de ônibus perto de na subida da passarela de acesso, tão abandonados, sem cobertura nenhuma contra chuva ou sol e totalmente escuros de noite. uma senhora de idade que mora aqui perto fica exposto ao perigo e ao tempo esperando condução que nunca passa no horário certo. Transporte de qualidade é um direito nosso. E a iluminação dos postes sumiu nessa parte, virando um breu danado propício pra assaltos.",favela
917,"A situação da segurança aqui dentro tá muito complicada e tensa. anteontem teve operação e correria bem perto do ponto final das vans lá em cima,, deixando os moradores apavorados dentro de casa. um rapaz que estuda na PUC ficou preso sem conseguir descer pro trabalho. Falta uma política de segurança que respeite quem mora aqui na favela.",favela
918,"A fiação elétrica aqui tá um perigo absurdo, um emaranhado de fios soltos e baixos passando na cabeça da gente. na escadaria principal da comunidade,, os cabos tão quase tocando o chão das vielas. um morador antigo aqui do beco tem medo de um curto-circuito ou incêndio grave. A Light e a prefeitura precisam ordenar esse caos.",comunidade
919,"Morar perto do valão é um sofrimento sem fim que ninguém merece. no Beco do Rato, na parte mais alta,, o cheiro é de morte o dia todo e quando chove a água podre invade os becos e entra nas casas. minha irmã com o carrinho de bebê perdeu os móveis na última enchente. Precisamos de saneamento básico, saneamento é dignidade humana! Desse jeito o posto de saúde vai continuar lotado de gente doente com infecção.",favela
920,"Os pontos de ônibus perto de na Travessa do Sol, área residencial, tão abandonados, sem cobertura nenhuma contra chuva ou sol e totalmente escuros de noite. eu mesmo com pressa pro serviço fica exposto ao perigo e ao tempo esperando condução que nunca passa no horário certo. Transporte de qualidade é um direito nosso.",comunidade
921,"O risco de deslizamento de barreira tira o sono de qualquer morador. Toda vez que começa a chover forte, um grupo de estudantes daqui fica acordado a noite toda vigiando a encosta perto de perto do valão de esgoto principal,. A Geo-Rio precisa fazer uma obra de contenção de encostas urgente ali antes que aconteça uma tragédia.",favela
922,"As vans que sobem o morro cobram caro e andam correndo igual loucas pelas subidas estreitas, um perigo. minha filha mais nova quase sofreu um acidente no final da tarde de quinta perto de na localidade conhecida como Grota, porque o motorista tava disputando passageiro com outra van. Falta fiscalização pesada do transporte alternativo aqui dentro. Fora o transporte público que demora horas pra passar e nos deixa mofando no ponto com medo.",favela
923,"Um abssurdo a truculência nas abordagens policiais aqui na comunidade. durante o temporal de ontem, meu vizinho da frente, o Seu Jorge, foi parado voltando do serviço bem na área baixa perto do canal, e os policiais já chegaram esculachando, tratando como suspeito. A gente quer segurança, mas quer respeito também, porque trabalhador não é bandido.",comunidade
924,"A infraestrutura básica passou longe das viela daqui da favela. perto do ponto final das vans lá em cima,, o acesso é péssimo, sem pavimentação adequada, cheio de valas e lodo acumulado que faz as pessoas escorregarem. uma vizinha nossa, a Dona Maria, idoso tem muita dificuldade de sair de casa. Falta pavimentação e acessibilidade.",favela
925,"As calçadas aqui da Gávea tão completamente detonadas, cheias de buracos e pedras soltas. ontem de noite, meu marido voltando do trabalho tropeçou e quase caiu feio bem na Rua Marquês de São Vicente, bem perto da PUC,. As raízes das árvores estouraram o concreto e ninguém conserta. Idosos sofrem demais pra caminhar por aqui, cadê a conservação? A prefeitura diz na televisão que faz obra mas a verdade é que o descaso continua igual por aqui.",asfalto
926,"A estrutura das poucas escolas públicas do bairro deixa a desejar. na semana passada faltou luz e as crianças sofreram num calor insuportável porque o ar condicionado tá quebrado há meses na escola perto de nos arredores da Praça Santos Dumont, no Baixo Gávea,. meu filho adolescente estuda lá e diz que até a merenda tá vindo fraca, puro descaso.",asfalto
927,"As vans e ônibus que circulam pelo bairro andam em velocidade absurda e perigosa. minha mãe idosa pegou uma condução dessas na última terça-feira perto de na Rua Engenheiro Álvaro Niemeyer, e ficou apavorado com a imprudência. Precisamos de fiscalização rigorosa da guarda municipal e mais linhas de ônibus regulares.",alto da gávea
928,"A especulação imobiliária tá destruindo a identidade do bairro residencial. Estão derrubando casas históricas perto de no trecho mais alto e escuro da via, pra construir prédios enormes de luxo. uma senhora de idade que mora aqui perto acha um absurdo essa verticalização sem planejamento, que sobrecarrega o esgoto, a água e o trânsito local. É uma falta de respeito tremenda com quem paga imposto caro todo mês e não vê retorno.",alto da gávea
929,"É uma pouca vergonha o estado das galerias de esgoto aqui. anteontem a tubulação começou a vazar bem perto do Planetário da Gávea, e o mau cheiro tá insuportável na rua inteira. um rapaz que estuda na PUC já ligou pro 1746 reclamando, mas ninguém aparece. Descaso total da prefeitura com o IPTU caro que a gente paga.",asfalto
930,"A insegurança aqui tá um absurdo total. Ninguém consegue mais andar tranquilo na Rua Vice-Governador Rubens Berardo, depois das sete da noite porque o policiamento preventivo sumiu. um morador antigo aqui do beco já cansou de ver assalto perto dos prédios. Precisamos de patrulhamento urgente e iluminação de verdade pra afastar esses criminosos.",asfalto
931,"Um absurdo a truculência nas abordagens policiais aqui na comunidade. em plena luz do dia ontem, minha irmã com o carrinho de bebê foi parado voltando do serviço bem no beco que dá acesso à quadra de esporte, e os policiais já chegaram esculachando, tratando como suspeito. A gente quer segurança, mas quer respeito também, porque trabalhador não é bandido. Até a escola da garotada fica prejudicada com essa buraqueira toda que impede o acesso.",comunidade
932,"Falta saneamento básico e vergonha na cara das autoridades. nas vielas apertadas perto do CIEP, tá cheio de esgoto vazando direto e as crianças brincam do lado da sujeira. eu mesmo com pressa pro serviço tá com o filho internado no posto com infecção por causa disso. É desumano viver desse jeito sem rede de esgoto adequada nas vielas.",favela
933,"As calçadas aqui da Gávea tão completamente detonadas, cheias de buracos e pedras soltas. logo cedo na segunda-feira, um grupo de estudantes daqui tropeçou e quase caiu feio bem nos arredores da Praça Santos Dumont, no Baixo Gávea,. As raízes das árvores estouraram o concreto e ninguém conserta. Idosos sofrem demais pra caminhar por aqui, cadê a conservação?",asfalto
934,"A coleta de lixo aqui dentro não funciona direito e o povo acaba jogando os sacos nas encostas ou perto de na Viela da Paz, subindo as escadas,. no final da tarde de quinta acumulou tanta sujeira que tampou a passagem do beco. minha filha mais nova se preocupa com as doenças, o valão tá transbordando e ninguém limpa essa imundície. Nem o Parque da Cidade escapa desse abandono generalizado que tomou conta do nosso bairro.",favela
935,"Muitos prédios antigos no asfalto tão sofrendo com a falta de manutenção externa e fiação velha, e a prefeitura não ajuda com nenhum tipo de incentivo. meu vizinho da frente, o Seu Jorge, comenta que morar na Gávea virou sinônimo de pagar IPTU absurdo pra não ter nenhum apoio habitacional ou urbanístico.",asfalto
936,"A situação da saúde aqui tá precária demais. O posto da Gávea não dá conta de atender todo mundo da favela e do asfalto. uma vizinha nossa, a Dona Maria, foi lá com suspeita de dengue no meio da semana passada e mandaram voltar pra casa e tomar paracetamol sem nem fazer exame de sangue. Uma vergonha esse descaso.",favela
937,"Conseguir vaga na creche pública aqui na região é quase impossível, uma fila de espera eterna no sistema. Estou com meu marido voltando do trabalho sem estudar porque nunca tem vaga disponível nas creches perto de na Rua Vice-Governador Rubens Berardo,. As mães trabalhadoras precisam desse suporte urgente pra poder trabalhar em paz. E pra piorar tudo, as calçadas tão todas quebradas, um perigo de queda pros idosos.",asfalto
938,"A insegurança aqui tá um absurdo total. Ninguém consegue mais andar tranquilo no cruzamento principal perto do posto de combustível, depois das sete da noite porque o policiamento preventivo sumiu. meu filho adolescente já cansou de ver assalto perto dos prédios. Precisamos de patrulhamento urgente e iluminação de verdade pra afastar esses criminosos.",asfalto
939,"Falta iluminação nos becos mais internos da comunidade. Caminhar por aqui de noite é um desafio de sobrevivência porque tá tudo no escuro completo. na escadaria principal da comunidade,, os moradores vivem com medo de assalto e queda. minha mãe idosa comprou lâmpada do próprio bolso pra colocar no beco.",comunidade
940,"A gente vive no meio do fogo cruzado e ninguém faz nada por nós. esses dias atrás teve tiroteio perto do CIEP e uma senhora de idade que mora aqui perto teve que correr pra se proteger dentro do beco. As crianças ficam traumatizadas e perdem aula direta. Segurança pra nós da comunidade é artigo de luxo pelo visto. E a iluminação dos postes sumiu nessa parte, virando um breu danado propício pra assaltos.",favela
941,"Ir no posto de saúde da Gávea é passar nervoso. Fui levar um rapaz que estuda na PUC anteontem e o atendimento tava parado por falta de médico. A gente que mora no morro tem que descer de madrugada, pegar chuva na fila pra ouvir que não tem vaga. Saúde pública aqui tá largada às traças.",comunidade
942,"Na comunidade a gente sofre quando alguém passa mal. no último sábado de madrugada, um morador antigo aqui do beco teve uma crise forte e a ambulância do Samu se recusou a subir perto do valão de esgoto principal, alegando falta de segurança. Tivemos que carregar ele no braço até o asfalto. O posto de saúde também nunca tem remédio básico.",favela
943,"Os buracos na pista tão acabando com os carros dos moradores. perto do Planetário da Gávea, tem uma cratera aberta que tá causando acidentes graves. em plena luz do dia ontem um motoqueiro quase se acidentou feio. minha irmã com o carrinho de bebê já abriu vários chamados no 1746 mas eles só jogam uma terra que sai na primeira chuvinha. Desse jeito o posto de saúde vai continuar lotado de gente doente com infecção.",asfalto
944,"Minha reclamação é sobre a dificuldade de conseguir atendimento de emergência na área. já faz uns três dias precisamos de socorro urgente pra eu mesmo com pressa pro serviço, mas a ambulância demorou horas pra chegar aqui na Rua Vice-Governador Rubens Berardo,. O posto de saúde vive superlotado e sem médicos suficientes pra a demanda absurda.",asfalto
945,"É uma pouca vergonha o estado das galerias de esgoto aqui. logo cedo na segunda-feira a tubulação começou a vazar bem na curva perigosa perto da descida pra o São Conrado, e o mau cheiro tá insuportável na rua inteira. um grupo de estudantes daqui já ligou pro 1746 reclamando, mas ninguém aparece. Descaso total da prefeitura com o IPTU caro que a gente paga.",alto da gávea
946,"O posto de saúde da Gávea tá sem o mínimo de estrutura pra atender o bairro. minha filha mais nova precisava de remédio de uso contínuo pra pressão e disseram que tá em falta na farmácia do posto faz dois meses. Pra marcar um exame simples pelo Sisreg é uma novela que demora quase um ano, descaso total. Fora o transporte público que demora horas pra passar e nos deixa mofando no ponto com medo.",asfalto
947,"Prometeram regularização fundiária pra nossa comunidade há anos, disseram que a gente ia ter o documento da casa própria, mas ficou só na promessa vazia. meu vizinho da frente, o Seu Jorge, investiu o dinheiro da vida toda construindo sua moradia perto de no Beco do Rato, na parte mais alta, e vive com a insegurança de ser despejado.",favela
948,"Morar aqui tá difícil por causa dos problemas crônicos de drenagem pluvial. em frente ao Shopping da Gávea,, a água fica empossada por dias após qualquer temporal comum. uma vizinha nossa, a Dona Maria, reclama que o mau cheiro de esgoto invade os apartamentos do térreo. Cadê as obras de saneamento e escoamento prometidas pela prefeitura?",asfalto
949,"Político só sobe o morro na época da eleição pra apertar a mano do morador e tirar foto comendo pastel. Prometem asfalto na viela, saneamento e creche perto de perto do valão de esgoto principal,, mas depois que ganham a eleição esquecem da favela. meu marido voltando do trabalho tá revoltado com tanta mentira e descaso da prefeitura. A prefeitura diz na televisão que faz obra mas a verdade é que o descaso continua igual por aqui.",favela
950,"O posto de saúde da Gávea tá sem o mínimo de estrutura pra atender o bairro. meu filho adolescente precisava de remédio de uso contínuo pra pressão e disseram que tá em falta na farmácia do posto faz dois meses. Pra marcar um exame simples pelo Sisreg é uma novela que demora quase um ano, descaso total.",alto da gávea
951,"Um absurdo a truculência nas abordagens policiais aqui na comunidade. na última terça-feira, minha mãe idosa foi parado voltando do serviço bem na subida da passarela de acesso, e os policiais já chegaram esculachando, tratando como suspeito. A gente quer segurança, mas quer respeito também, porque trabalhador não é bandido.",favela
952,"A situação da saúde aqui tá precária demais. O posto da Gávea não dá conta de atender todo mundo da favela e do asfalto. uma senhora de idade que mora aqui perto foi lá com suspeita de dengue esses dias atrás e mandaram voltar pra casa e tomar paracetamol sem nem fazer exame de sangue. Uma vergonha esse descaso. É uma falta de respeito tremenda com quem paga imposto caro todo mês e não vê retorno.",comunidade
953,"Político só sobe o morro na época da eleição pra apertar a mano do morador e tirar foto comendo pastel. Prometem asfalto na viela, saneamento e creche perto de nas vielas apertadas perto do CIEP,, mas depois que ganham a eleição esquecem da favela. um rapaz que estuda na PUC tá revoltado com tanta mentira e descaso da prefeitura.",favela
954,"A única pracinha que a gente tem perto de no Beco do Rato, na parte mais alta, tá totalmente destruída. Os brinquedos que a própria comunidade ajudou a cuidar tão quebrados e o mato tá alto, cheio de rato. um morador antigo aqui do beco tentou levar os netos no último sábado de madrugada mas não dava nem pra entrar de tanta sujeira. Queremos lazer digno.",favela
955,"Os buracos na pista tão acabando com os carros dos moradores. na Rua Engenheiro Álvaro Niemeyer, tem uma cratera aberta que tá causando acidentes graves. em plena luz do dia ontem um motoqueiro quase se acidentou feio. minha irmã com o carrinho de bebê já abriu vários chamados no 1746 mas eles só jogam uma terra que sai na primeira chuvinha. Até a escola da garotada fica prejudicada com essa buraqueira toda que impede o acesso.",alto da gávea
956,"Os pontos de ônibus perto de perto do valão de esgoto principal, tão abandonados, sem cobertura nenhuma contra chuva ou sol e totalmente escuros de noite. eu mesmo com pressa pro serviço fica exposto ao perigo e ao tempo esperando condução que nunca passa no horário certo. Transporte de qualidade é um direito nosso.",favela
957,"O custo de moradia na Gávea virou uma loucura completa e inacessível. Os aluguéis tão num valor abusivo por causa da especulação imobiliária. um grupo de estudantes daqui mora aqui há mais de dez anos perto de perto do mirante do Alto da Gávea, e agora tá sendo obrigado a se mudar porque não aguenta mais pagar tão caro por um espaço pequeno.",alto da gávea
958,"A fiação elétrica aqui tá um perigo absurdo, um emaranhado de fios soltos e baixos passando na cabeça da gente. na área baixa perto do canal,, os cabos tão quase tocando o chão das vielas. minha filha mais nova tem medo de um curto-circuito ou incêndio grave. A Light e a prefeitura precisam ordenar esse caos. Nem o Parque da Cidade escapa desse abandono generalizado que tomou conta do nosso bairro.",comunidade
959,"Morar perto do valão é um sofrimento sem fim que ninguém merece. perto do ponto final das vans lá em cima,, o cheiro é de morte o dia todo e quando chove a água podre invade os becos e entra nas casas. meu vizinho da frente, o Seu Jorge, perdeu os móveis na última enchente. Precisamos de saneamento básico, saneamento é dignidade humana!",favela
960,"Os pontos de ônibus perto de na escadaria principal da comunidade, tão abandonados, sem cobertura nenhuma contra chuva ou sol e totalmente escuros de noite. uma vizinha nossa, a Dona Maria, fica exposto ao perigo e ao tempo esperando condução que nunca passa no horário certo. Transporte de qualidade é um direito nosso.",comunidade
961,"A situação da segurança aqui dentro tá muito complicada e tensa. ontem de noite teve operação e correria bem perto da associação de moradores,, deixando os moradores apavorados dentro de casa. meu marido voltando do trabalho ficou preso sem conseguir descer pro trabalho. Falta uma política de segurança que respeite quem mora aqui na favela. E pra piorar tudo, as calçadas tão todas quebradas, um perigo de queda pros idosos.",comunidade
962,"Aqui nas vielas a segurança pública é quase nenhuma, só lembram da gente pra fazer operação violenta. na Viela da Paz, subindo as escadas, tá perigoso de andar de noite por falta de luz nos postes. meu filho adolescente já ouviu relato de assalto nos becos escuros. Queremos paz e policiamento comunitário de verdade.",favela
963,"Olha, a situação da segurança tá caótica na Gávea. no trecho mais alto e escuro da via, virou ponto fixo de bandido assaltando quem sai do trabalho ou da faculdade. na última terça-feira teve mais um roubo de celular violento. minha mãe idosa tentou acionar os policiais mas a viatura demorou uma eternidade pra chegar.",alto da gávea
964,"A gente vive no meio do fogo cruzado e ninguém faz nada por nós. esses dias atrás teve tiroteio perto do CIEP e uma senhora de idade que mora aqui perto teve que correr pra se proteger dentro do beco. As crianças ficam traumatizadas e perdem aula direta. Segurança pra nós da comunidade é artigo de luxo pelo visto. E a iluminação dos postes sumiu nessa parte, virando um breu danado propício pra assaltos.",comunidade
965,"Depender de transporte aqui na comunidade é um teste de paciência. Os ônibus sumiram das linhas e demoram séculos. anteontem, um rapaz que estuda na PUC esperou quase uma hora no ponto perto de na subida da passarela de acesso, pra conseguir descer pro trabalho. A prefeitura precisa obrigar as empresas a cumprirem os horários.",favela
966,"Toda vez que cai uma chuva mais forte, as ruas da Gávea alagam por causa dos bueiros entupidos. no último sábado de madrugada, a água da chuva acumulou tanto no cruzamento principal perto do posto de combustível, que cobriu as calçadas e quase invadiu os comércios. um morador antigo aqui do beco teve o carro danificado. A Comlurb precisa limpar essas bocas de lobo urgente.",asfalto
967,"O descaso com as áreas verdes no entorno de na Rua Marquês de São Vicente, bem perto da PUC, é visível e perigoso. As árvores de grande porte não são podadas há meses, os galhos cobrem os postes de luz e ameaçam cair na fiação. minha irmã com o carrinho de bebê já ligou pro 1746 várias vezes e a Fundação Parques e Jardins não aparece. Desse jeito o posto de saúde vai continuar lotado de gente doente com infecção.",asfalto
968,"A gente vive no meio do fogo cruzado e ninguém faz nada por nós. já faz uns três dias teve tiroteio perto do CIEP e eu mesmo com pressa pro serviço teve que correr pra se proteger dentro do beco. As crianças ficam traumatizadas e perdem aula direta. Segurança pra nós da comunidade é artigo de luxo pelo visto.",favela
969,"As calçadas aqui da Gávea tão completamente detonadas, cheias de buracos e pedras soltas. logo cedo na segunda-feira, um grupo de estudantes daqui tropeçou e quase caiu feio bem em frente ao Shopping da Gávea,. As raízes das árvores estouraram o concreto e ninguém conserta. Idosos sofrem demais pra caminhar por aqui, cadê a conservação?",asfalto
970,"Toda vez que cai uma chuva mais forte, as ruas da Gávea alagam por causa dos bueiros entupidos. no final da tarde de quinta, a água da chuva acumulou tanto no trecho mais alto e escuro da via, que cobriu as calçadas e quase invadiu os comércios. minha filha mais nova teve o carro danificado. A Comlurb precisa limpar essas bocas de lobo urgente. Fora o transporte público que demora horas pra passar e nos deixa mofando no ponto com medo.",alto da gávea
971,"Falta iluminação nos becos mais internos da comunidade. Caminhar por aqui de noite é um desafio de sobrevivência porque tá tudo no escuro completo. nas proximidades do posto de saúde da Gávea,, os moradores vivem com medo de assalto e queda. meu vizinho da frente, o Seu Jorge, comprou lâmpada do próprio bolso pra colocar no beco.",comunidade
972,"A gente vive no meio do fogo cruzado e ninguém faz nada por nós. no meio da semana passada teve tiroteio perto do CIEP e uma vizinha nossa, a Dona Maria, teve que correr pra se proteger dentro do beco. As crianças ficam traumatizadas e perdem aula direta. Segurança pra nós da comunidade é artigo de luxo pelo visto.",comunidade
973,"Ir no posto de saúde da Gávea é passar nervoso. Fui levar meu marido voltando do trabalho ontem de noite e o atendimento tava parado por falta de médico. A gente que mora no morro tem que descer de madrugada, pegar chuva na fila pra ouvir que não tem vaga. Saúde pública aqui tá largada às traças. A prefeitura diz na televisão que faz obra mas a verdade é que o descaso continua igual por aqui.",comunidade
974,"A coleta de lixo aqui dentro não funciona direito e o povo acaba jogando os sacos nas encostas ou perto de nas vielas apertadas perto do CIEP,. na semana passada acumulou tanta sujeira que tampou a passagem do beco. meu filho adolescente se preocupa com as doenças, o valão tá transbordando e ninguém limpa essa imundície.",favela
975,"O descaso com as áreas verdes no entorno de nos arredores da Praça Santos Dumont, no Baixo Gávea, é visível e perigoso. As árvores de grande porte não são podadas há meses, os galhos cobrem os postes de luz e ameaçam cair na fiação. minha mãe idosa já ligou pro 1746 várias vezes e a Fundação Parques e Jardins não aparece.",asfalto
976,"Os pontos de ônibus perto de na Viela da Paz, subindo as escadas, tão abandonados, sem cobertura nenhuma contra chuva ou sol e totalmente escuros de noite. uma senhora de idade que mora aqui perto fica exposto ao perigo e ao tempo esperando condução que nunca passa no horário certo. Transporte de qualidade é um direito nosso. É uma falta de respeito tremenda com quem paga imposto caro todo mês e não vê retorno.",favela
977,"As calçadas aqui da Gávea tão completamente detonadas, cheias de buracos e pedras soltas. anteontem, um rapaz que estuda na PUC tropeçou e quase caiu feio bem na calçada da Rua Artur Araripe,. As raízes das árvores estouraram o concreto e ninguém conserta. Idosos sofrem demais pra caminhar por aqui, cadê a conservação?",asfalto
978,"A iluminação pública tá uma vergonha nessa área residencial. perto do Planetário da Gávea, tá com várias lâmpadas queimadas nos postes há semanas, deixando a rua num breu completo. um morador antigo aqui do beco tem medo de voltar do trabalho de noite. É um perigo danado, a Rioluz precisa fazer a manutenção urgente.",asfalto
979,"Falta iluminação nos beco mais internos da comunidade. Caminhar por aqui de noite é um desafio de sobrevivência porque tá tudo no escuro completo. na subida da passarela de acesso,, os morador vivem com medo de assalto e queda. minha irmã com o carrinho de bebê comprou lâmpada do próprio bolso pra colocar no beco. Até a escola da garotada fica prejudicada com essa buraqueira toda que impede o acesso.",favela
980,"Os pontos de ônibus perto de perto do ponto final das vans lá em cima, tão abandonados, sem cobertura nenhuma contra chuva ou sol e totalmente escuros de noite. eu mesmo com pressa pro serviço fica exposto ao perigo e ao tempo esperando condução que nunca passa no horário certo. Transporte de qualidade é um direito nosso.",favela
981,"Depender de transporte aqui na comunidade é um teste de paciência. Os ônibus sumiram das linhas e demoram séculos. logo cedo na segunda-feira, um grupo de estudantes daqui esperou quase uma hora no ponto perto de nas vielas apertadas perto do CIEP, pra conseguir descer pro trabalho. A prefeitura precisa obrigar as empresas a cumprirem os horários.",favela
982,"A coleta de lixo aqui dentro não funciona direito e o povo acaba jogando os sacos nas encostas ou perto de no Beco do Rato, na parte mais alta,. no final da tarde de quinta acumulou tanta sujeira que tampou a passagem do beco. minha filha mais nova se preocupa com as doenças, o valão tá transbordando e ninguém limpa essa imundície. Nem o Parque da Cidade escapa desse abandono generalizado que tomou conta do nosso bairro.",favela
983,"Os poucos espaços públicos da comunidade foram tomados pelo lixo e pelo abandono. Perto de na Viela da Paz, subindo as escadas,, onde os moradores podiam se reunir, virou ponto de descarte de entulho porque a prefeitura não limpa. meu vizinho da frente, o Seu Jorge, reclama que falta uma área verde estruturada pras famílias conviverem em paz.",favela
984,"Morar aqui tá difícil por causa dos problemas crônicos de drenagem pluvial. na calçada da Rua Artur Araripe,, a água fica empossada por dias após qualquer temporal comum. uma vizinha nossa, a Dona Maria, reclama que o mau cheiro de esgoto invade os apartamentos do térreo. Cadê as obras de saneamento e escoamento prometidas pela prefeitura?",asfalto
985,"O custo de moradia na Gávea virou uma loucura completa e inacessível. Os aluguéis tão num valor abusivo por causa da especulação imobiliária. meu marido voltando do trabalho mora aqui há mais de dez anos perto de perto do Planetário da Gávea, e agora tá sendo obrigado a se mudar porque não aguenta mais pagar tão caro por um espaço pequeno. E pra piorar tudo, as calçadas tão todas quebradas, um perigo de queda pros idosos.",asfalto
986,"Aqui nas vielas a segurança pública é quase nenhuma, só lembram da gente pra fazer operação violenta. na subida da passarela de acesso, tá perigoso de andar de noite por falta de luz nos postes. meu filho adolescente já ouviu relato de assalto nos becos escuros. Queremos paz e policiamento comunitário de verdade.",favela
987,"Um absurdo completo o atendimento de saúde pública na nossa zona. na última terça-feira, minha mãe idosa passou muito mal com febre alta e ficamos horas esperando atendimento médico no posto da Gávea. Os profissionais trabalham sobrecarregados e faltam insumos básicos. A prefeitura precisa investir sério.",asfalto
988,"A falta de segurança viária e policiamento no entorno das escolas preocupa muito. na subida da Estrada da Gávea,, o trânsito é caótico na hora da saída dos alunos e os carros não respeitam a faixa. uma senhora de idade que mora aqui perto reclama que falta sinalização adequada e presença da guarda municipal pra proteger as crianças. E a iluminação dos postes sumiu nessa parte, virando um breu danado propício pra assaltos.",alto da gávea
989,"O risco de deslizamento de barreira tira o sono de qualquer morador. Toda vez que começa a chover forte, um rapaz que estuda na PUC fica acordado a noite toda vigiando a encosta perto de perto da associação de moradores,. A Geo-Rio precisa fazer uma obra de contenção de encostas urgente ali antes que aconteça uma tragédia.",comunidade
990,"A coleta de lixo aqui dentro não funciona direito e o povo acaba jogando os sacos nas encostas ou perto de na Travessa do Sol, área residencial,. no último sábado de madrugada acumulou tanta sujeira que tampou a passagem do beco. um morador antigo aqui do beco se preocupa com as doenças, o valão tá transbordando e ninguém limpa essa imundície.",comunidade
991,"Prometeram regularização fundiária pra nossa comunidade há anos, disseram que a gente ia ter o documento da casa própria, mas ficou só na promessa vazia. minha irmã com o carrinho de bebê investiu o dinheiro da vida toda construindo sua moradia perto de perto do valão de esgoto principal, e vive com a insegurança de ser despejado. Desse jeito o posto de saúde vai continuar lotado de gente doente com infecção.",favela
992,"Falta saneamento básico e vergonha na cara das autoridades. nas proximidades do posto de saúde da Gávea, tá cheio de esgoto vazando direto e as crianças brincam do lado da sujeira. eu mesmo com pressa pro serviço tá com o filho internado no posto com infecção por causa disso. É desumano viver desse jeito sem rede de esgoto adequada nas vielas.",comunidade
993,"O esgoto correndo a céu aberto aqui na comunidade é uma humilhação diária. logo cedo na segunda-feira o cano estourou bem na subida da passarela de acesso, e tá aquela lama podre passando na porta de casa. um grupo de estudantes daqui tá limpando tudo sozinho porque a prefeitura não manda ninguém da Cedae ou da Comlurb. Rato e barata tomando conta de tudo.",favela
994,"Aqui nas vielas a segurança pública é quase nenhuma, só lembram da gente pra fazer operação violenta. perto do ponto final das vans lá em cima, tá perigoso de andar de noite por falta de luz nos postes. minha filha mais nova já ouviu relato de assalto nos becos escuros. Queremos paz e policiamento comunitário de verdade. Fora o transporte público que demora horas pra passar e nos deixa mofando no ponto com medo.",favela
995,"Morar perto do valão é um sofrimento sem fim que ninguém merece. nas vielas apertadas perto do CIEP,, o cheiro é de morte o dia todo e quando chove a água podre invade os becos e entra nas casas. meu vizinho da frente, o Seu Jorge, perdeu os móveis na última enchente. Precisamos de saneamento básico, saneamento é dignidade humana!",favela
996,"A situação da saúde aqui tá precária demais. O posto da Gávea não dá conta de atender todo mundo da favela e do asfalto. uma vizinha nossa, a Dona Maria, foi lá com suspeita de dengue no meio da semana passada e mandaram voltar pra casa e tomar paracetamol sem nem fazer exame de sangue. Uma vergonha esse descaso.",favela
997,"As escadarias e vielas da comunidade tão caindo aos pedaços de tão velhas. Os degraus tão todos quebrados e não tem um corrimão sequer, o que é um perigo imenso em dia de chuva. meu marido voltando do trabalho escorregou e machucou o braço ontem de noite subindo na Travessa do Sol, área residencial,. Precisamos de reformas urgentes. A prefeitura diz na televisão que faz obra mas a verdade é que o descaso continua igual por aqui.",comunidade
998,"Muitas famílias aqui na comunidade vivem em condições habitacionais muito precárias, em barracos com muita umidade e infiltração perigosa. meu filho adolescente mora num cômodo pequeno onde chove mais dentro do que fora perto de perto do valão de esgoto principal,. Precisamos de programas sociais de melhoria habitacional.",favela
999,"O posto de saúde tá sempre lotado e faltam especialistas como pediatra e ginecologista. minha mãe idosa tá tentando marcar uma consulta há mais de quatro meses e nada. na última terça-feira disseram que o sistema do Sisreg caiu. É uma falta de respeito enorme com quem mora na comunidade.",favela
1000,"A situação da saúde aqui tá precária demais. O posto da Gávea não dá conta de atender todo mundo da favela e do asfalto. uma senhora de idade que mora aqui perto foi lá com suspeita de dengue esses dias atrás e mandaram voltar pra casa e tomar paracetamol sem nem fazer exame de sangue. Uma vergonha esse descaso. É uma falta de respeito tremenda com quem paga imposto caro todo mês e não vê retorno.",comunidade
